ISO-10303-21;
HEADER;
/* Generated by software containing ST-Developer
 * from STEP Tools, Inc. (www.steptools.com) 
 */

FILE_DESCRIPTION(
/* description */ (''),
/* implementation_level */ '2;1');

FILE_NAME(
/* name */ 'plato_MFT_B_modify.step',
/* time_stamp */ '2026-08-27T19:37:01+09:00',
/* author */ (''),
/* organization */ (''),
/* preprocessor_version */ 'ST-DEVELOPER v20.1',
/* originating_system */ 'Autodesk Translation Framework v14.24.0.0',
/* authorisation */ '');

FILE_SCHEMA (('AUTOMOTIVE_DESIGN { 1 0 10303 214 3 1 1 }'));
ENDSEC;

DATA;
#10=MECHANICAL_DESIGN_GEOMETRIC_PRESENTATION_REPRESENTATION('',(#13,#14,
#15,#16,#17,#18,#19,#20,#21,#22,#23,#24,#25,#26,#27,#28,#29,#30,#31,#32,
#33,#34,#35,#36,#37,#38,#39,#40,#41,#42,#43,#44,#45,#46,#47,#48,#49,#50,
#51,#52,#53,#54),#18562);
#11=SHAPE_REPRESENTATION_RELATIONSHIP('SRR','None',#18569,#12);
#12=ADVANCED_BREP_SHAPE_REPRESENTATION('',(#55,#56,#57,#58,#59,#60,#61,
#62,#63,#64,#65,#66,#67,#68,#69,#70,#71,#72,#73,#74,#75,#76,#77,#78,#79,
#80,#81,#82,#83,#84,#85,#86,#87,#88,#89,#90,#91,#92,#93,#94,#95,#96),#18561);
#13=STYLED_ITEM('',(#18578),#55);
#14=STYLED_ITEM('',(#18578),#56);
#15=STYLED_ITEM('',(#18578),#57);
#16=STYLED_ITEM('',(#18578),#58);
#17=STYLED_ITEM('',(#18578),#59);
#18=STYLED_ITEM('',(#18578),#60);
#19=STYLED_ITEM('',(#18578),#61);
#20=STYLED_ITEM('',(#18578),#62);
#21=STYLED_ITEM('',(#18578),#63);
#22=STYLED_ITEM('',(#18578),#64);
#23=STYLED_ITEM('',(#18578),#65);
#24=STYLED_ITEM('',(#18578),#66);
#25=STYLED_ITEM('',(#18578),#67);
#26=STYLED_ITEM('',(#18578),#68);
#27=STYLED_ITEM('',(#18578),#69);
#28=STYLED_ITEM('',(#18578),#70);
#29=STYLED_ITEM('',(#18578),#71);
#30=STYLED_ITEM('',(#18578),#72);
#31=STYLED_ITEM('',(#18578),#73);
#32=STYLED_ITEM('',(#18578),#74);
#33=STYLED_ITEM('',(#18578),#75);
#34=STYLED_ITEM('',(#18578),#76);
#35=STYLED_ITEM('',(#18578),#77);
#36=STYLED_ITEM('',(#18578),#78);
#37=STYLED_ITEM('',(#18578),#79);
#38=STYLED_ITEM('',(#18578),#80);
#39=STYLED_ITEM('',(#18578),#81);
#40=STYLED_ITEM('',(#18578),#82);
#41=STYLED_ITEM('',(#18578),#83);
#42=STYLED_ITEM('',(#18578),#84);
#43=STYLED_ITEM('',(#18578),#85);
#44=STYLED_ITEM('',(#18578),#86);
#45=STYLED_ITEM('',(#18578),#87);
#46=STYLED_ITEM('',(#18578),#88);
#47=STYLED_ITEM('',(#18578),#89);
#48=STYLED_ITEM('',(#18578),#90);
#49=STYLED_ITEM('',(#18578),#91);
#50=STYLED_ITEM('',(#18578),#92);
#51=STYLED_ITEM('',(#18578),#93);
#52=STYLED_ITEM('',(#18578),#94);
#53=STYLED_ITEM('',(#18578),#95);
#54=STYLED_ITEM('',(#18578),#96);
#55=MANIFOLD_SOLID_BREP('hinge 1',#11309);
#56=MANIFOLD_SOLID_BREP('hinge 11',#11310);
#57=MANIFOLD_SOLID_BREP('hinge 1 (1)',#11311);
#58=MANIFOLD_SOLID_BREP('hinge 11 (1)',#11312);
#59=MANIFOLD_SOLID_BREP('hinge 1 (2)',#11313);
#60=MANIFOLD_SOLID_BREP('hinge 11 (2)',#11314);
#61=MANIFOLD_SOLID_BREP('hinge 1 (1) (1)',#11315);
#62=MANIFOLD_SOLID_BREP('hinge 11 (1) (1)',#11316);
#63=MANIFOLD_SOLID_BREP('quad',#11317);
#64=MANIFOLD_SOLID_BREP('wing',#11318);
#65=MANIFOLD_SOLID_BREP('hinge',#11319);
#66=MANIFOLD_SOLID_BREP('hinge 22',#11320);
#67=MANIFOLD_SOLID_BREP('hinge 1 (1) (2)',#11321);
#68=MANIFOLD_SOLID_BREP('hinge 11 (1) (2)',#11322);
#69=MANIFOLD_SOLID_BREP('hinge 22 (1)',#11323);
#70=MANIFOLD_SOLID_BREP('Body54',#11324);
#71=MANIFOLD_SOLID_BREP('hinge 2 (1)',#11325);
#72=MANIFOLD_SOLID_BREP('quad (1)',#11326);
#73=MANIFOLD_SOLID_BREP('hinge 11 (1) (1) (1)',#11327);
#74=MANIFOLD_SOLID_BREP('hinge 11 (1) (1) (1) (1)',#11328);
#75=MANIFOLD_SOLID_BREP('hinge 11 (2) (1)',#11329);
#76=MANIFOLD_SOLID_BREP('hinge 2 (2)',#11330);
#77=MANIFOLD_SOLID_BREP('hinge 2 (3)',#11331);
#78=MANIFOLD_SOLID_BREP('hinge 2 (4)',#11332);
#79=MANIFOLD_SOLID_BREP('hinge 22 (2)',#11333);
#80=MANIFOLD_SOLID_BREP('hinge 22 (3)',#11334);
#81=MANIFOLD_SOLID_BREP('hinge 22 (4)',#11335);
#82=MANIFOLD_SOLID_BREP('hinge 1 (1) (2) (1)',#11336);
#83=MANIFOLD_SOLID_BREP('hinge 1 (1) (2) (2)',#11337);
#84=MANIFOLD_SOLID_BREP('hinge 1 (1) (2) (3)',#11338);
#85=MANIFOLD_SOLID_BREP('hinge 22 (1) (1)',#11339);
#86=MANIFOLD_SOLID_BREP('hinge 22 (1) (2)',#11340);
#87=MANIFOLD_SOLID_BREP('hinge 22 (1) (3)',#11341);
#88=MANIFOLD_SOLID_BREP('hinge 2 (1) (1)',#11342);
#89=MANIFOLD_SOLID_BREP('hinge 2 (1) (2)',#11343);
#90=MANIFOLD_SOLID_BREP('hinge 2 (1) (3)',#11344);
#91=MANIFOLD_SOLID_BREP('hinge (1)',#11345);
#92=MANIFOLD_SOLID_BREP('hinge (2)',#11346);
#93=MANIFOLD_SOLID_BREP('hinge (3)',#11347);
#94=MANIFOLD_SOLID_BREP('Body70',#11348);
#95=MANIFOLD_SOLID_BREP('Body71',#11349);
#96=MANIFOLD_SOLID_BREP('Body72',#11350);
#97=FACE_BOUND('',#1459,.T.);
#98=FACE_BOUND('',#1470,.T.);
#99=FACE_BOUND('',#1476,.T.);
#100=FACE_BOUND('',#1483,.T.);
#101=FACE_BOUND('',#1493,.T.);
#102=FACE_BOUND('',#1504,.T.);
#103=FACE_BOUND('',#1510,.T.);
#104=FACE_BOUND('',#1517,.T.);
#105=FACE_BOUND('',#1527,.T.);
#106=FACE_BOUND('',#1538,.T.);
#107=FACE_BOUND('',#1544,.T.);
#108=FACE_BOUND('',#1551,.T.);
#109=FACE_BOUND('',#1561,.T.);
#110=FACE_BOUND('',#1572,.T.);
#111=FACE_BOUND('',#1578,.T.);
#112=FACE_BOUND('',#1585,.T.);
#113=FACE_BOUND('',#1622,.T.);
#114=FACE_BOUND('',#1648,.T.);
#115=FACE_BOUND('',#1656,.T.);
#116=FACE_BOUND('',#1659,.T.);
#117=FACE_BOUND('',#1667,.T.);
#118=FACE_BOUND('',#1678,.T.);
#119=FACE_BOUND('',#1689,.T.);
#120=FACE_BOUND('',#1695,.T.);
#121=FACE_BOUND('',#1702,.T.);
#122=FACE_BOUND('',#1710,.T.);
#123=FACE_BOUND('',#1718,.T.);
#124=FACE_BOUND('',#1750,.T.);
#125=FACE_BOUND('',#1758,.T.);
#126=FACE_BOUND('',#1790,.T.);
#127=FACE_BOUND('',#1795,.T.);
#128=FACE_BOUND('',#1802,.T.);
#129=FACE_BOUND('',#1812,.T.);
#130=FACE_BOUND('',#1819,.T.);
#131=FACE_BOUND('',#1829,.T.);
#132=FACE_BOUND('',#1836,.T.);
#133=FACE_BOUND('',#1913,.T.);
#134=FACE_BOUND('',#1921,.T.);
#135=FACE_BOUND('',#1930,.T.);
#136=FACE_BOUND('',#1938,.T.);
#137=FACE_BOUND('',#1947,.T.);
#138=FACE_BOUND('',#1955,.T.);
#139=FACE_BOUND('',#1966,.T.);
#140=FACE_BOUND('',#1977,.T.);
#141=FACE_BOUND('',#1983,.T.);
#142=FACE_BOUND('',#1994,.T.);
#143=FACE_BOUND('',#2000,.T.);
#144=FACE_BOUND('',#2011,.T.);
#145=FACE_BOUND('',#2015,.T.);
#146=FACE_BOUND('',#2023,.T.);
#147=FACE_BOUND('',#2032,.T.);
#148=FACE_BOUND('',#2040,.T.);
#149=FACE_BOUND('',#2049,.T.);
#150=FACE_BOUND('',#2057,.T.);
#151=FACE_BOUND('',#2066,.T.);
#152=FACE_BOUND('',#2074,.T.);
#153=FACE_BOUND('',#2077,.T.);
#154=FACE_BOUND('',#2085,.T.);
#155=FACE_BOUND('',#2088,.T.);
#156=FACE_BOUND('',#2096,.T.);
#157=FACE_BOUND('',#2099,.T.);
#158=FACE_BOUND('',#2107,.T.);
#159=FACE_BOUND('',#2110,.T.);
#160=FACE_BOUND('',#2118,.T.);
#161=FACE_BOUND('',#2121,.T.);
#162=FACE_BOUND('',#2129,.T.);
#163=PLANE('',#11369);
#164=PLANE('',#11370);
#165=PLANE('',#11372);
#166=PLANE('',#11377);
#167=PLANE('',#11378);
#168=PLANE('',#11379);
#169=PLANE('',#11383);
#170=PLANE('',#11384);
#171=PLANE('',#11385);
#172=PLANE('',#11386);
#173=PLANE('',#11392);
#174=PLANE('',#11393);
#175=PLANE('',#11395);
#176=PLANE('',#11398);
#177=PLANE('',#11402);
#178=PLANE('',#11403);
#179=PLANE('',#11406);
#180=PLANE('',#11407);
#181=PLANE('',#11408);
#182=PLANE('',#11409);
#183=PLANE('',#11415);
#184=PLANE('',#11416);
#185=PLANE('',#11418);
#186=PLANE('',#11423);
#187=PLANE('',#11424);
#188=PLANE('',#11425);
#189=PLANE('',#11429);
#190=PLANE('',#11430);
#191=PLANE('',#11431);
#192=PLANE('',#11432);
#193=PLANE('',#11438);
#194=PLANE('',#11439);
#195=PLANE('',#11441);
#196=PLANE('',#11444);
#197=PLANE('',#11448);
#198=PLANE('',#11449);
#199=PLANE('',#11452);
#200=PLANE('',#11453);
#201=PLANE('',#11454);
#202=PLANE('',#11455);
#203=PLANE('',#11461);
#204=PLANE('',#11462);
#205=PLANE('',#11464);
#206=PLANE('',#11469);
#207=PLANE('',#11470);
#208=PLANE('',#11471);
#209=PLANE('',#11475);
#210=PLANE('',#11476);
#211=PLANE('',#11477);
#212=PLANE('',#11478);
#213=PLANE('',#11484);
#214=PLANE('',#11485);
#215=PLANE('',#11487);
#216=PLANE('',#11490);
#217=PLANE('',#11494);
#218=PLANE('',#11495);
#219=PLANE('',#11498);
#220=PLANE('',#11499);
#221=PLANE('',#11500);
#222=PLANE('',#11501);
#223=PLANE('',#11507);
#224=PLANE('',#11508);
#225=PLANE('',#11510);
#226=PLANE('',#11515);
#227=PLANE('',#11516);
#228=PLANE('',#11517);
#229=PLANE('',#11521);
#230=PLANE('',#11522);
#231=PLANE('',#11523);
#232=PLANE('',#11524);
#233=PLANE('',#11530);
#234=PLANE('',#11531);
#235=PLANE('',#11533);
#236=PLANE('',#11536);
#237=PLANE('',#11540);
#238=PLANE('',#11541);
#239=PLANE('',#11544);
#240=PLANE('',#11545);
#241=PLANE('',#11546);
#242=PLANE('',#11547);
#243=PLANE('',#11548);
#244=PLANE('',#11549);
#245=PLANE('',#11550);
#246=PLANE('',#11551);
#247=PLANE('',#11552);
#248=PLANE('',#11553);
#249=PLANE('',#11554);
#250=PLANE('',#11555);
#251=PLANE('',#11556);
#252=PLANE('',#11557);
#253=PLANE('',#11558);
#254=PLANE('',#11559);
#255=PLANE('',#11560);
#256=PLANE('',#11561);
#257=PLANE('',#11562);
#258=PLANE('',#11563);
#259=PLANE('',#11564);
#260=PLANE('',#11565);
#261=PLANE('',#11566);
#262=PLANE('',#11567);
#263=PLANE('',#11568);
#264=PLANE('',#11569);
#265=PLANE('',#11570);
#266=PLANE('',#11571);
#267=PLANE('',#11572);
#268=PLANE('',#11573);
#269=PLANE('',#11574);
#270=PLANE('',#11575);
#271=PLANE('',#11576);
#272=PLANE('',#11577);
#273=PLANE('',#11578);
#274=PLANE('',#11579);
#275=PLANE('',#11580);
#276=PLANE('',#11581);
#277=PLANE('',#11582);
#278=PLANE('',#11583);
#279=PLANE('',#11584);
#280=PLANE('',#11585);
#281=PLANE('',#11586);
#282=PLANE('',#11587);
#283=PLANE('',#11588);
#284=PLANE('',#11589);
#285=PLANE('',#11590);
#286=PLANE('',#11591);
#287=PLANE('',#11592);
#288=PLANE('',#11593);
#289=PLANE('',#11594);
#290=PLANE('',#11595);
#291=PLANE('',#11596);
#292=PLANE('',#11597);
#293=PLANE('',#11598);
#294=PLANE('',#11599);
#295=PLANE('',#11600);
#296=PLANE('',#11601);
#297=PLANE('',#11604);
#298=PLANE('',#11608);
#299=PLANE('',#11609);
#300=PLANE('',#11612);
#301=PLANE('',#11613);
#302=PLANE('',#11614);
#303=PLANE('',#11617);
#304=PLANE('',#11620);
#305=PLANE('',#11623);
#306=PLANE('',#11628);
#307=PLANE('',#11629);
#308=PLANE('',#11631);
#309=PLANE('',#11632);
#310=PLANE('',#11633);
#311=PLANE('',#11634);
#312=PLANE('',#11637);
#313=PLANE('',#11643);
#314=PLANE('',#11644);
#315=PLANE('',#11646);
#316=PLANE('',#11651);
#317=PLANE('',#11652);
#318=PLANE('',#11653);
#319=PLANE('',#11657);
#320=PLANE('',#11658);
#321=PLANE('',#11659);
#322=PLANE('',#11660);
#323=PLANE('',#11666);
#324=PLANE('',#11667);
#325=PLANE('',#11669);
#326=PLANE('',#11672);
#327=PLANE('',#11676);
#328=PLANE('',#11677);
#329=PLANE('',#11680);
#330=PLANE('',#11681);
#331=PLANE('',#11682);
#332=PLANE('',#11683);
#333=PLANE('',#11686);
#334=PLANE('',#11689);
#335=PLANE('',#11692);
#336=PLANE('',#11697);
#337=PLANE('',#11698);
#338=PLANE('',#11700);
#339=PLANE('',#11701);
#340=PLANE('',#11702);
#341=PLANE('',#11703);
#342=PLANE('',#11706);
#343=PLANE('',#11707);
#344=PLANE('',#11708);
#345=PLANE('',#11709);
#346=PLANE('',#11710);
#347=PLANE('',#11711);
#348=PLANE('',#11712);
#349=PLANE('',#11713);
#350=PLANE('',#11714);
#351=PLANE('',#11715);
#352=PLANE('',#11716);
#353=PLANE('',#11717);
#354=PLANE('',#11718);
#355=PLANE('',#11719);
#356=PLANE('',#11720);
#357=PLANE('',#11721);
#358=PLANE('',#11722);
#359=PLANE('',#11723);
#360=PLANE('',#11724);
#361=PLANE('',#11725);
#362=PLANE('',#11726);
#363=PLANE('',#11727);
#364=PLANE('',#11728);
#365=PLANE('',#11729);
#366=PLANE('',#11732);
#367=PLANE('',#11736);
#368=PLANE('',#11737);
#369=PLANE('',#11740);
#370=PLANE('',#11741);
#371=PLANE('',#11742);
#372=PLANE('',#11743);
#373=PLANE('',#11744);
#374=PLANE('',#11745);
#375=PLANE('',#11746);
#376=PLANE('',#11747);
#377=PLANE('',#11748);
#378=PLANE('',#11749);
#379=PLANE('',#11750);
#380=PLANE('',#11751);
#381=PLANE('',#11752);
#382=PLANE('',#11753);
#383=PLANE('',#11754);
#384=PLANE('',#11755);
#385=PLANE('',#11756);
#386=PLANE('',#11757);
#387=PLANE('',#11758);
#388=PLANE('',#11759);
#389=PLANE('',#11760);
#390=PLANE('',#11761);
#391=PLANE('',#11762);
#392=PLANE('',#11763);
#393=PLANE('',#11764);
#394=PLANE('',#11765);
#395=PLANE('',#11766);
#396=PLANE('',#11767);
#397=PLANE('',#11768);
#398=PLANE('',#11769);
#399=PLANE('',#11770);
#400=PLANE('',#11771);
#401=PLANE('',#11772);
#402=PLANE('',#11773);
#403=PLANE('',#11779);
#404=PLANE('',#11780);
#405=PLANE('',#11782);
#406=PLANE('',#11785);
#407=PLANE('',#11789);
#408=PLANE('',#11790);
#409=PLANE('',#11793);
#410=PLANE('',#11794);
#411=PLANE('',#11795);
#412=PLANE('',#11796);
#413=PLANE('',#11802);
#414=PLANE('',#11803);
#415=PLANE('',#11805);
#416=PLANE('',#11808);
#417=PLANE('',#11812);
#418=PLANE('',#11813);
#419=PLANE('',#11816);
#420=PLANE('',#11817);
#421=PLANE('',#11818);
#422=PLANE('',#11819);
#423=PLANE('',#11825);
#424=PLANE('',#11826);
#425=PLANE('',#11828);
#426=PLANE('',#11831);
#427=PLANE('',#11835);
#428=PLANE('',#11836);
#429=PLANE('',#11839);
#430=PLANE('',#11840);
#431=PLANE('',#11841);
#432=PLANE('',#11842);
#433=PLANE('',#11843);
#434=PLANE('',#11844);
#435=PLANE('',#11845);
#436=PLANE('',#11846);
#437=PLANE('',#11847);
#438=PLANE('',#11848);
#439=PLANE('',#11849);
#440=PLANE('',#11850);
#441=PLANE('',#11851);
#442=PLANE('',#11852);
#443=PLANE('',#11853);
#444=PLANE('',#11854);
#445=PLANE('',#11855);
#446=PLANE('',#11856);
#447=PLANE('',#11857);
#448=PLANE('',#11858);
#449=PLANE('',#11859);
#450=PLANE('',#11860);
#451=PLANE('',#11861);
#452=PLANE('',#11862);
#453=PLANE('',#11863);
#454=PLANE('',#11864);
#455=PLANE('',#11865);
#456=PLANE('',#11866);
#457=PLANE('',#11867);
#458=PLANE('',#11868);
#459=PLANE('',#11869);
#460=PLANE('',#11870);
#461=PLANE('',#11871);
#462=PLANE('',#11872);
#463=PLANE('',#11873);
#464=PLANE('',#11874);
#465=PLANE('',#11875);
#466=PLANE('',#11876);
#467=PLANE('',#11877);
#468=PLANE('',#11878);
#469=PLANE('',#11879);
#470=PLANE('',#11880);
#471=PLANE('',#11881);
#472=PLANE('',#11882);
#473=PLANE('',#11883);
#474=PLANE('',#11884);
#475=PLANE('',#11885);
#476=PLANE('',#11886);
#477=PLANE('',#11887);
#478=PLANE('',#11888);
#479=PLANE('',#11889);
#480=PLANE('',#11890);
#481=PLANE('',#11891);
#482=PLANE('',#11892);
#483=PLANE('',#11893);
#484=PLANE('',#11894);
#485=PLANE('',#11895);
#486=PLANE('',#11896);
#487=PLANE('',#11897);
#488=PLANE('',#11898);
#489=PLANE('',#11899);
#490=PLANE('',#11900);
#491=PLANE('',#11901);
#492=PLANE('',#11902);
#493=PLANE('',#11903);
#494=PLANE('',#11904);
#495=PLANE('',#11905);
#496=PLANE('',#11906);
#497=PLANE('',#11907);
#498=PLANE('',#11908);
#499=PLANE('',#11909);
#500=PLANE('',#11910);
#501=PLANE('',#11911);
#502=PLANE('',#11914);
#503=PLANE('',#11917);
#504=PLANE('',#11920);
#505=PLANE('',#11925);
#506=PLANE('',#11926);
#507=PLANE('',#11928);
#508=PLANE('',#11929);
#509=PLANE('',#11930);
#510=PLANE('',#11931);
#511=PLANE('',#11934);
#512=PLANE('',#11937);
#513=PLANE('',#11940);
#514=PLANE('',#11943);
#515=PLANE('',#11948);
#516=PLANE('',#11949);
#517=PLANE('',#11951);
#518=PLANE('',#11952);
#519=PLANE('',#11953);
#520=PLANE('',#11954);
#521=PLANE('',#11957);
#522=PLANE('',#11960);
#523=PLANE('',#11963);
#524=PLANE('',#11966);
#525=PLANE('',#11971);
#526=PLANE('',#11972);
#527=PLANE('',#11974);
#528=PLANE('',#11975);
#529=PLANE('',#11976);
#530=PLANE('',#11977);
#531=PLANE('',#11980);
#532=PLANE('',#11986);
#533=PLANE('',#11987);
#534=PLANE('',#11989);
#535=PLANE('',#11994);
#536=PLANE('',#11995);
#537=PLANE('',#11996);
#538=PLANE('',#12000);
#539=PLANE('',#12001);
#540=PLANE('',#12002);
#541=PLANE('',#12003);
#542=PLANE('',#12009);
#543=PLANE('',#12010);
#544=PLANE('',#12012);
#545=PLANE('',#12017);
#546=PLANE('',#12018);
#547=PLANE('',#12019);
#548=PLANE('',#12023);
#549=PLANE('',#12024);
#550=PLANE('',#12025);
#551=PLANE('',#12026);
#552=PLANE('',#12032);
#553=PLANE('',#12033);
#554=PLANE('',#12035);
#555=PLANE('',#12040);
#556=PLANE('',#12041);
#557=PLANE('',#12042);
#558=PLANE('',#12046);
#559=PLANE('',#12047);
#560=PLANE('',#12048);
#561=PLANE('',#12049);
#562=PLANE('',#12052);
#563=PLANE('',#12055);
#564=PLANE('',#12058);
#565=PLANE('',#12063);
#566=PLANE('',#12064);
#567=PLANE('',#12066);
#568=PLANE('',#12067);
#569=PLANE('',#12068);
#570=PLANE('',#12069);
#571=PLANE('',#12072);
#572=PLANE('',#12075);
#573=PLANE('',#12078);
#574=PLANE('',#12081);
#575=PLANE('',#12086);
#576=PLANE('',#12087);
#577=PLANE('',#12089);
#578=PLANE('',#12090);
#579=PLANE('',#12091);
#580=PLANE('',#12092);
#581=PLANE('',#12095);
#582=PLANE('',#12098);
#583=PLANE('',#12101);
#584=PLANE('',#12104);
#585=PLANE('',#12109);
#586=PLANE('',#12110);
#587=PLANE('',#12112);
#588=PLANE('',#12113);
#589=PLANE('',#12114);
#590=PLANE('',#12115);
#591=PLANE('',#12118);
#592=PLANE('',#12121);
#593=PLANE('',#12125);
#594=PLANE('',#12126);
#595=PLANE('',#12129);
#596=PLANE('',#12130);
#597=PLANE('',#12131);
#598=PLANE('',#12134);
#599=PLANE('',#12138);
#600=PLANE('',#12139);
#601=PLANE('',#12142);
#602=PLANE('',#12143);
#603=PLANE('',#12144);
#604=PLANE('',#12147);
#605=PLANE('',#12151);
#606=PLANE('',#12152);
#607=PLANE('',#12155);
#608=PLANE('',#12156);
#609=PLANE('',#12157);
#610=PLANE('',#12160);
#611=PLANE('',#12164);
#612=PLANE('',#12165);
#613=PLANE('',#12168);
#614=PLANE('',#12169);
#615=PLANE('',#12170);
#616=PLANE('',#12173);
#617=PLANE('',#12177);
#618=PLANE('',#12178);
#619=PLANE('',#12181);
#620=PLANE('',#12182);
#621=PLANE('',#12183);
#622=PLANE('',#12186);
#623=PLANE('',#12190);
#624=PLANE('',#12191);
#625=PLANE('',#12194);
#626=PLANE('',#12195);
#627=PLANE('',#12196);
#628=PLANE('',#12197);
#629=PLANE('',#12198);
#630=PLANE('',#12199);
#631=PLANE('',#12200);
#632=PLANE('',#12201);
#633=PLANE('',#12202);
#634=PLANE('',#12203);
#635=PLANE('',#12204);
#636=PLANE('',#12205);
#637=PLANE('',#12206);
#638=PLANE('',#12207);
#639=PLANE('',#12208);
#640=PLANE('',#12209);
#641=PLANE('',#12210);
#642=PLANE('',#12211);
#643=PLANE('',#12212);
#644=PLANE('',#12213);
#645=PLANE('',#12214);
#646=PLANE('',#12215);
#647=PLANE('',#12216);
#648=PLANE('',#12217);
#649=PLANE('',#12218);
#650=PLANE('',#12219);
#651=PLANE('',#12220);
#652=PLANE('',#12221);
#653=PLANE('',#12222);
#654=PLANE('',#12223);
#655=PLANE('',#12224);
#656=PLANE('',#12225);
#657=PLANE('',#12226);
#658=PLANE('',#12227);
#659=PLANE('',#12228);
#660=PLANE('',#12229);
#661=PLANE('',#12230);
#662=PLANE('',#12231);
#663=PLANE('',#12232);
#664=PLANE('',#12233);
#665=PLANE('',#12234);
#666=PLANE('',#12235);
#667=PLANE('',#12236);
#668=PLANE('',#12237);
#669=PLANE('',#12238);
#670=PLANE('',#12239);
#671=PLANE('',#12240);
#672=PLANE('',#12241);
#673=PLANE('',#12242);
#674=PLANE('',#12243);
#675=PLANE('',#12244);
#676=PLANE('',#12245);
#677=PLANE('',#12246);
#678=PLANE('',#12247);
#679=PLANE('',#12248);
#680=PLANE('',#12249);
#681=PLANE('',#12250);
#682=PLANE('',#12251);
#683=PLANE('',#12252);
#684=PLANE('',#12253);
#685=PLANE('',#12254);
#686=PLANE('',#12255);
#687=PLANE('',#12256);
#688=PLANE('',#12257);
#689=PLANE('',#12258);
#690=PLANE('',#12259);
#691=PLANE('',#12260);
#692=PLANE('',#12261);
#693=PLANE('',#12262);
#694=PLANE('',#12263);
#695=PLANE('',#12264);
#696=PLANE('',#12265);
#697=CYLINDRICAL_SURFACE('',#11366,2.);
#698=CYLINDRICAL_SURFACE('',#11375,2.4);
#699=CYLINDRICAL_SURFACE('',#11380,2.);
#700=CYLINDRICAL_SURFACE('',#11389,2.4);
#701=CYLINDRICAL_SURFACE('',#11399,2.4);
#702=CYLINDRICAL_SURFACE('',#11405,2.);
#703=CYLINDRICAL_SURFACE('',#11412,2.);
#704=CYLINDRICAL_SURFACE('',#11421,2.4);
#705=CYLINDRICAL_SURFACE('',#11426,2.);
#706=CYLINDRICAL_SURFACE('',#11435,2.4);
#707=CYLINDRICAL_SURFACE('',#11445,2.4);
#708=CYLINDRICAL_SURFACE('',#11451,2.);
#709=CYLINDRICAL_SURFACE('',#11458,2.);
#710=CYLINDRICAL_SURFACE('',#11467,2.4);
#711=CYLINDRICAL_SURFACE('',#11472,2.);
#712=CYLINDRICAL_SURFACE('',#11481,2.4);
#713=CYLINDRICAL_SURFACE('',#11491,2.4);
#714=CYLINDRICAL_SURFACE('',#11497,2.);
#715=CYLINDRICAL_SURFACE('',#11504,2.);
#716=CYLINDRICAL_SURFACE('',#11513,2.4);
#717=CYLINDRICAL_SURFACE('',#11518,2.);
#718=CYLINDRICAL_SURFACE('',#11527,2.4);
#719=CYLINDRICAL_SURFACE('',#11537,2.4);
#720=CYLINDRICAL_SURFACE('',#11543,2.);
#721=CYLINDRICAL_SURFACE('',#11610,2.);
#722=CYLINDRICAL_SURFACE('',#11621,2.);
#723=CYLINDRICAL_SURFACE('',#11624,2.4);
#724=CYLINDRICAL_SURFACE('',#11635,2.);
#725=CYLINDRICAL_SURFACE('',#11640,2.);
#726=CYLINDRICAL_SURFACE('',#11649,2.4);
#727=CYLINDRICAL_SURFACE('',#11654,2.);
#728=CYLINDRICAL_SURFACE('',#11663,2.4);
#729=CYLINDRICAL_SURFACE('',#11673,2.4);
#730=CYLINDRICAL_SURFACE('',#11679,2.);
#731=CYLINDRICAL_SURFACE('',#11690,2.);
#732=CYLINDRICAL_SURFACE('',#11693,2.4);
#733=CYLINDRICAL_SURFACE('',#11704,2.);
#734=CYLINDRICAL_SURFACE('',#11738,2.);
#735=CYLINDRICAL_SURFACE('',#11776,2.4);
#736=CYLINDRICAL_SURFACE('',#11786,2.4);
#737=CYLINDRICAL_SURFACE('',#11792,2.);
#738=CYLINDRICAL_SURFACE('',#11799,2.4);
#739=CYLINDRICAL_SURFACE('',#11809,2.4);
#740=CYLINDRICAL_SURFACE('',#11815,2.);
#741=CYLINDRICAL_SURFACE('',#11822,2.4);
#742=CYLINDRICAL_SURFACE('',#11832,2.4);
#743=CYLINDRICAL_SURFACE('',#11838,2.);
#744=CYLINDRICAL_SURFACE('',#11918,2.);
#745=CYLINDRICAL_SURFACE('',#11921,2.4);
#746=CYLINDRICAL_SURFACE('',#11932,2.);
#747=CYLINDRICAL_SURFACE('',#11941,2.);
#748=CYLINDRICAL_SURFACE('',#11944,2.4);
#749=CYLINDRICAL_SURFACE('',#11955,2.);
#750=CYLINDRICAL_SURFACE('',#11964,2.);
#751=CYLINDRICAL_SURFACE('',#11967,2.4);
#752=CYLINDRICAL_SURFACE('',#11978,2.);
#753=CYLINDRICAL_SURFACE('',#11983,2.);
#754=CYLINDRICAL_SURFACE('',#11992,2.4);
#755=CYLINDRICAL_SURFACE('',#11997,2.);
#756=CYLINDRICAL_SURFACE('',#12006,2.);
#757=CYLINDRICAL_SURFACE('',#12015,2.4);
#758=CYLINDRICAL_SURFACE('',#12020,2.);
#759=CYLINDRICAL_SURFACE('',#12029,2.);
#760=CYLINDRICAL_SURFACE('',#12038,2.4);
#761=CYLINDRICAL_SURFACE('',#12043,2.);
#762=CYLINDRICAL_SURFACE('',#12056,2.);
#763=CYLINDRICAL_SURFACE('',#12059,2.4);
#764=CYLINDRICAL_SURFACE('',#12070,2.);
#765=CYLINDRICAL_SURFACE('',#12079,2.);
#766=CYLINDRICAL_SURFACE('',#12082,2.4);
#767=CYLINDRICAL_SURFACE('',#12093,2.);
#768=CYLINDRICAL_SURFACE('',#12102,2.);
#769=CYLINDRICAL_SURFACE('',#12105,2.4);
#770=CYLINDRICAL_SURFACE('',#12116,2.);
#771=CYLINDRICAL_SURFACE('',#12127,2.);
#772=CYLINDRICAL_SURFACE('',#12140,2.);
#773=CYLINDRICAL_SURFACE('',#12153,2.);
#774=CYLINDRICAL_SURFACE('',#12166,2.);
#775=CYLINDRICAL_SURFACE('',#12179,2.);
#776=CYLINDRICAL_SURFACE('',#12192,2.);
#777=FACE_OUTER_BOUND('',#1455,.T.);
#778=FACE_OUTER_BOUND('',#1456,.T.);
#779=FACE_OUTER_BOUND('',#1457,.T.);
#780=FACE_OUTER_BOUND('',#1458,.T.);
#781=FACE_OUTER_BOUND('',#1460,.T.);
#782=FACE_OUTER_BOUND('',#1461,.T.);
#783=FACE_OUTER_BOUND('',#1462,.T.);
#784=FACE_OUTER_BOUND('',#1463,.T.);
#785=FACE_OUTER_BOUND('',#1464,.T.);
#786=FACE_OUTER_BOUND('',#1465,.T.);
#787=FACE_OUTER_BOUND('',#1466,.T.);
#788=FACE_OUTER_BOUND('',#1467,.T.);
#789=FACE_OUTER_BOUND('',#1468,.T.);
#790=FACE_OUTER_BOUND('',#1469,.T.);
#791=FACE_OUTER_BOUND('',#1471,.T.);
#792=FACE_OUTER_BOUND('',#1472,.T.);
#793=FACE_OUTER_BOUND('',#1473,.T.);
#794=FACE_OUTER_BOUND('',#1474,.T.);
#795=FACE_OUTER_BOUND('',#1475,.T.);
#796=FACE_OUTER_BOUND('',#1477,.T.);
#797=FACE_OUTER_BOUND('',#1478,.T.);
#798=FACE_OUTER_BOUND('',#1479,.T.);
#799=FACE_OUTER_BOUND('',#1480,.T.);
#800=FACE_OUTER_BOUND('',#1481,.T.);
#801=FACE_OUTER_BOUND('',#1482,.T.);
#802=FACE_OUTER_BOUND('',#1484,.T.);
#803=FACE_OUTER_BOUND('',#1485,.T.);
#804=FACE_OUTER_BOUND('',#1486,.T.);
#805=FACE_OUTER_BOUND('',#1487,.T.);
#806=FACE_OUTER_BOUND('',#1488,.T.);
#807=FACE_OUTER_BOUND('',#1489,.T.);
#808=FACE_OUTER_BOUND('',#1490,.T.);
#809=FACE_OUTER_BOUND('',#1491,.T.);
#810=FACE_OUTER_BOUND('',#1492,.T.);
#811=FACE_OUTER_BOUND('',#1494,.T.);
#812=FACE_OUTER_BOUND('',#1495,.T.);
#813=FACE_OUTER_BOUND('',#1496,.T.);
#814=FACE_OUTER_BOUND('',#1497,.T.);
#815=FACE_OUTER_BOUND('',#1498,.T.);
#816=FACE_OUTER_BOUND('',#1499,.T.);
#817=FACE_OUTER_BOUND('',#1500,.T.);
#818=FACE_OUTER_BOUND('',#1501,.T.);
#819=FACE_OUTER_BOUND('',#1502,.T.);
#820=FACE_OUTER_BOUND('',#1503,.T.);
#821=FACE_OUTER_BOUND('',#1505,.T.);
#822=FACE_OUTER_BOUND('',#1506,.T.);
#823=FACE_OUTER_BOUND('',#1507,.T.);
#824=FACE_OUTER_BOUND('',#1508,.T.);
#825=FACE_OUTER_BOUND('',#1509,.T.);
#826=FACE_OUTER_BOUND('',#1511,.T.);
#827=FACE_OUTER_BOUND('',#1512,.T.);
#828=FACE_OUTER_BOUND('',#1513,.T.);
#829=FACE_OUTER_BOUND('',#1514,.T.);
#830=FACE_OUTER_BOUND('',#1515,.T.);
#831=FACE_OUTER_BOUND('',#1516,.T.);
#832=FACE_OUTER_BOUND('',#1518,.T.);
#833=FACE_OUTER_BOUND('',#1519,.T.);
#834=FACE_OUTER_BOUND('',#1520,.T.);
#835=FACE_OUTER_BOUND('',#1521,.T.);
#836=FACE_OUTER_BOUND('',#1522,.T.);
#837=FACE_OUTER_BOUND('',#1523,.T.);
#838=FACE_OUTER_BOUND('',#1524,.T.);
#839=FACE_OUTER_BOUND('',#1525,.T.);
#840=FACE_OUTER_BOUND('',#1526,.T.);
#841=FACE_OUTER_BOUND('',#1528,.T.);
#842=FACE_OUTER_BOUND('',#1529,.T.);
#843=FACE_OUTER_BOUND('',#1530,.T.);
#844=FACE_OUTER_BOUND('',#1531,.T.);
#845=FACE_OUTER_BOUND('',#1532,.T.);
#846=FACE_OUTER_BOUND('',#1533,.T.);
#847=FACE_OUTER_BOUND('',#1534,.T.);
#848=FACE_OUTER_BOUND('',#1535,.T.);
#849=FACE_OUTER_BOUND('',#1536,.T.);
#850=FACE_OUTER_BOUND('',#1537,.T.);
#851=FACE_OUTER_BOUND('',#1539,.T.);
#852=FACE_OUTER_BOUND('',#1540,.T.);
#853=FACE_OUTER_BOUND('',#1541,.T.);
#854=FACE_OUTER_BOUND('',#1542,.T.);
#855=FACE_OUTER_BOUND('',#1543,.T.);
#856=FACE_OUTER_BOUND('',#1545,.T.);
#857=FACE_OUTER_BOUND('',#1546,.T.);
#858=FACE_OUTER_BOUND('',#1547,.T.);
#859=FACE_OUTER_BOUND('',#1548,.T.);
#860=FACE_OUTER_BOUND('',#1549,.T.);
#861=FACE_OUTER_BOUND('',#1550,.T.);
#862=FACE_OUTER_BOUND('',#1552,.T.);
#863=FACE_OUTER_BOUND('',#1553,.T.);
#864=FACE_OUTER_BOUND('',#1554,.T.);
#865=FACE_OUTER_BOUND('',#1555,.T.);
#866=FACE_OUTER_BOUND('',#1556,.T.);
#867=FACE_OUTER_BOUND('',#1557,.T.);
#868=FACE_OUTER_BOUND('',#1558,.T.);
#869=FACE_OUTER_BOUND('',#1559,.T.);
#870=FACE_OUTER_BOUND('',#1560,.T.);
#871=FACE_OUTER_BOUND('',#1562,.T.);
#872=FACE_OUTER_BOUND('',#1563,.T.);
#873=FACE_OUTER_BOUND('',#1564,.T.);
#874=FACE_OUTER_BOUND('',#1565,.T.);
#875=FACE_OUTER_BOUND('',#1566,.T.);
#876=FACE_OUTER_BOUND('',#1567,.T.);
#877=FACE_OUTER_BOUND('',#1568,.T.);
#878=FACE_OUTER_BOUND('',#1569,.T.);
#879=FACE_OUTER_BOUND('',#1570,.T.);
#880=FACE_OUTER_BOUND('',#1571,.T.);
#881=FACE_OUTER_BOUND('',#1573,.T.);
#882=FACE_OUTER_BOUND('',#1574,.T.);
#883=FACE_OUTER_BOUND('',#1575,.T.);
#884=FACE_OUTER_BOUND('',#1576,.T.);
#885=FACE_OUTER_BOUND('',#1577,.T.);
#886=FACE_OUTER_BOUND('',#1579,.T.);
#887=FACE_OUTER_BOUND('',#1580,.T.);
#888=FACE_OUTER_BOUND('',#1581,.T.);
#889=FACE_OUTER_BOUND('',#1582,.T.);
#890=FACE_OUTER_BOUND('',#1583,.T.);
#891=FACE_OUTER_BOUND('',#1584,.T.);
#892=FACE_OUTER_BOUND('',#1586,.T.);
#893=FACE_OUTER_BOUND('',#1587,.T.);
#894=FACE_OUTER_BOUND('',#1588,.T.);
#895=FACE_OUTER_BOUND('',#1589,.T.);
#896=FACE_OUTER_BOUND('',#1590,.T.);
#897=FACE_OUTER_BOUND('',#1591,.T.);
#898=FACE_OUTER_BOUND('',#1592,.T.);
#899=FACE_OUTER_BOUND('',#1593,.T.);
#900=FACE_OUTER_BOUND('',#1594,.T.);
#901=FACE_OUTER_BOUND('',#1595,.T.);
#902=FACE_OUTER_BOUND('',#1596,.T.);
#903=FACE_OUTER_BOUND('',#1597,.T.);
#904=FACE_OUTER_BOUND('',#1598,.T.);
#905=FACE_OUTER_BOUND('',#1599,.T.);
#906=FACE_OUTER_BOUND('',#1600,.T.);
#907=FACE_OUTER_BOUND('',#1601,.T.);
#908=FACE_OUTER_BOUND('',#1602,.T.);
#909=FACE_OUTER_BOUND('',#1603,.T.);
#910=FACE_OUTER_BOUND('',#1604,.T.);
#911=FACE_OUTER_BOUND('',#1605,.T.);
#912=FACE_OUTER_BOUND('',#1606,.T.);
#913=FACE_OUTER_BOUND('',#1607,.T.);
#914=FACE_OUTER_BOUND('',#1608,.T.);
#915=FACE_OUTER_BOUND('',#1609,.T.);
#916=FACE_OUTER_BOUND('',#1610,.T.);
#917=FACE_OUTER_BOUND('',#1611,.T.);
#918=FACE_OUTER_BOUND('',#1612,.T.);
#919=FACE_OUTER_BOUND('',#1613,.T.);
#920=FACE_OUTER_BOUND('',#1614,.T.);
#921=FACE_OUTER_BOUND('',#1615,.T.);
#922=FACE_OUTER_BOUND('',#1616,.T.);
#923=FACE_OUTER_BOUND('',#1617,.T.);
#924=FACE_OUTER_BOUND('',#1618,.T.);
#925=FACE_OUTER_BOUND('',#1619,.T.);
#926=FACE_OUTER_BOUND('',#1620,.T.);
#927=FACE_OUTER_BOUND('',#1621,.T.);
#928=FACE_OUTER_BOUND('',#1623,.T.);
#929=FACE_OUTER_BOUND('',#1624,.T.);
#930=FACE_OUTER_BOUND('',#1625,.T.);
#931=FACE_OUTER_BOUND('',#1626,.T.);
#932=FACE_OUTER_BOUND('',#1627,.T.);
#933=FACE_OUTER_BOUND('',#1628,.T.);
#934=FACE_OUTER_BOUND('',#1629,.T.);
#935=FACE_OUTER_BOUND('',#1630,.T.);
#936=FACE_OUTER_BOUND('',#1631,.T.);
#937=FACE_OUTER_BOUND('',#1632,.T.);
#938=FACE_OUTER_BOUND('',#1633,.T.);
#939=FACE_OUTER_BOUND('',#1634,.T.);
#940=FACE_OUTER_BOUND('',#1635,.T.);
#941=FACE_OUTER_BOUND('',#1636,.T.);
#942=FACE_OUTER_BOUND('',#1637,.T.);
#943=FACE_OUTER_BOUND('',#1638,.T.);
#944=FACE_OUTER_BOUND('',#1639,.T.);
#945=FACE_OUTER_BOUND('',#1640,.T.);
#946=FACE_OUTER_BOUND('',#1641,.T.);
#947=FACE_OUTER_BOUND('',#1642,.T.);
#948=FACE_OUTER_BOUND('',#1643,.T.);
#949=FACE_OUTER_BOUND('',#1644,.T.);
#950=FACE_OUTER_BOUND('',#1645,.T.);
#951=FACE_OUTER_BOUND('',#1646,.T.);
#952=FACE_OUTER_BOUND('',#1647,.T.);
#953=FACE_OUTER_BOUND('',#1649,.T.);
#954=FACE_OUTER_BOUND('',#1650,.T.);
#955=FACE_OUTER_BOUND('',#1651,.T.);
#956=FACE_OUTER_BOUND('',#1652,.T.);
#957=FACE_OUTER_BOUND('',#1653,.T.);
#958=FACE_OUTER_BOUND('',#1654,.T.);
#959=FACE_OUTER_BOUND('',#1655,.T.);
#960=FACE_OUTER_BOUND('',#1657,.T.);
#961=FACE_OUTER_BOUND('',#1658,.T.);
#962=FACE_OUTER_BOUND('',#1660,.T.);
#963=FACE_OUTER_BOUND('',#1661,.T.);
#964=FACE_OUTER_BOUND('',#1662,.T.);
#965=FACE_OUTER_BOUND('',#1663,.T.);
#966=FACE_OUTER_BOUND('',#1664,.T.);
#967=FACE_OUTER_BOUND('',#1665,.T.);
#968=FACE_OUTER_BOUND('',#1666,.T.);
#969=FACE_OUTER_BOUND('',#1668,.T.);
#970=FACE_OUTER_BOUND('',#1669,.T.);
#971=FACE_OUTER_BOUND('',#1670,.T.);
#972=FACE_OUTER_BOUND('',#1671,.T.);
#973=FACE_OUTER_BOUND('',#1672,.T.);
#974=FACE_OUTER_BOUND('',#1673,.T.);
#975=FACE_OUTER_BOUND('',#1674,.T.);
#976=FACE_OUTER_BOUND('',#1675,.T.);
#977=FACE_OUTER_BOUND('',#1676,.T.);
#978=FACE_OUTER_BOUND('',#1677,.T.);
#979=FACE_OUTER_BOUND('',#1679,.T.);
#980=FACE_OUTER_BOUND('',#1680,.T.);
#981=FACE_OUTER_BOUND('',#1681,.T.);
#982=FACE_OUTER_BOUND('',#1682,.T.);
#983=FACE_OUTER_BOUND('',#1683,.T.);
#984=FACE_OUTER_BOUND('',#1684,.T.);
#985=FACE_OUTER_BOUND('',#1685,.T.);
#986=FACE_OUTER_BOUND('',#1686,.T.);
#987=FACE_OUTER_BOUND('',#1687,.T.);
#988=FACE_OUTER_BOUND('',#1688,.T.);
#989=FACE_OUTER_BOUND('',#1690,.T.);
#990=FACE_OUTER_BOUND('',#1691,.T.);
#991=FACE_OUTER_BOUND('',#1692,.T.);
#992=FACE_OUTER_BOUND('',#1693,.T.);
#993=FACE_OUTER_BOUND('',#1694,.T.);
#994=FACE_OUTER_BOUND('',#1696,.T.);
#995=FACE_OUTER_BOUND('',#1697,.T.);
#996=FACE_OUTER_BOUND('',#1698,.T.);
#997=FACE_OUTER_BOUND('',#1699,.T.);
#998=FACE_OUTER_BOUND('',#1700,.T.);
#999=FACE_OUTER_BOUND('',#1701,.T.);
#1000=FACE_OUTER_BOUND('',#1703,.T.);
#1001=FACE_OUTER_BOUND('',#1704,.T.);
#1002=FACE_OUTER_BOUND('',#1705,.T.);
#1003=FACE_OUTER_BOUND('',#1706,.T.);
#1004=FACE_OUTER_BOUND('',#1707,.T.);
#1005=FACE_OUTER_BOUND('',#1708,.T.);
#1006=FACE_OUTER_BOUND('',#1709,.T.);
#1007=FACE_OUTER_BOUND('',#1711,.T.);
#1008=FACE_OUTER_BOUND('',#1712,.T.);
#1009=FACE_OUTER_BOUND('',#1713,.T.);
#1010=FACE_OUTER_BOUND('',#1714,.T.);
#1011=FACE_OUTER_BOUND('',#1715,.T.);
#1012=FACE_OUTER_BOUND('',#1716,.T.);
#1013=FACE_OUTER_BOUND('',#1717,.T.);
#1014=FACE_OUTER_BOUND('',#1719,.T.);
#1015=FACE_OUTER_BOUND('',#1720,.T.);
#1016=FACE_OUTER_BOUND('',#1721,.T.);
#1017=FACE_OUTER_BOUND('',#1722,.T.);
#1018=FACE_OUTER_BOUND('',#1723,.T.);
#1019=FACE_OUTER_BOUND('',#1724,.T.);
#1020=FACE_OUTER_BOUND('',#1725,.T.);
#1021=FACE_OUTER_BOUND('',#1726,.T.);
#1022=FACE_OUTER_BOUND('',#1727,.T.);
#1023=FACE_OUTER_BOUND('',#1728,.T.);
#1024=FACE_OUTER_BOUND('',#1729,.T.);
#1025=FACE_OUTER_BOUND('',#1730,.T.);
#1026=FACE_OUTER_BOUND('',#1731,.T.);
#1027=FACE_OUTER_BOUND('',#1732,.T.);
#1028=FACE_OUTER_BOUND('',#1733,.T.);
#1029=FACE_OUTER_BOUND('',#1734,.T.);
#1030=FACE_OUTER_BOUND('',#1735,.T.);
#1031=FACE_OUTER_BOUND('',#1736,.T.);
#1032=FACE_OUTER_BOUND('',#1737,.T.);
#1033=FACE_OUTER_BOUND('',#1738,.T.);
#1034=FACE_OUTER_BOUND('',#1739,.T.);
#1035=FACE_OUTER_BOUND('',#1740,.T.);
#1036=FACE_OUTER_BOUND('',#1741,.T.);
#1037=FACE_OUTER_BOUND('',#1742,.T.);
#1038=FACE_OUTER_BOUND('',#1743,.T.);
#1039=FACE_OUTER_BOUND('',#1744,.T.);
#1040=FACE_OUTER_BOUND('',#1745,.T.);
#1041=FACE_OUTER_BOUND('',#1746,.T.);
#1042=FACE_OUTER_BOUND('',#1747,.T.);
#1043=FACE_OUTER_BOUND('',#1748,.T.);
#1044=FACE_OUTER_BOUND('',#1749,.T.);
#1045=FACE_OUTER_BOUND('',#1751,.T.);
#1046=FACE_OUTER_BOUND('',#1752,.T.);
#1047=FACE_OUTER_BOUND('',#1753,.T.);
#1048=FACE_OUTER_BOUND('',#1754,.T.);
#1049=FACE_OUTER_BOUND('',#1755,.T.);
#1050=FACE_OUTER_BOUND('',#1756,.T.);
#1051=FACE_OUTER_BOUND('',#1757,.T.);
#1052=FACE_OUTER_BOUND('',#1759,.T.);
#1053=FACE_OUTER_BOUND('',#1760,.T.);
#1054=FACE_OUTER_BOUND('',#1761,.T.);
#1055=FACE_OUTER_BOUND('',#1762,.T.);
#1056=FACE_OUTER_BOUND('',#1763,.T.);
#1057=FACE_OUTER_BOUND('',#1764,.T.);
#1058=FACE_OUTER_BOUND('',#1765,.T.);
#1059=FACE_OUTER_BOUND('',#1766,.T.);
#1060=FACE_OUTER_BOUND('',#1767,.T.);
#1061=FACE_OUTER_BOUND('',#1768,.T.);
#1062=FACE_OUTER_BOUND('',#1769,.T.);
#1063=FACE_OUTER_BOUND('',#1770,.T.);
#1064=FACE_OUTER_BOUND('',#1771,.T.);
#1065=FACE_OUTER_BOUND('',#1772,.T.);
#1066=FACE_OUTER_BOUND('',#1773,.T.);
#1067=FACE_OUTER_BOUND('',#1774,.T.);
#1068=FACE_OUTER_BOUND('',#1775,.T.);
#1069=FACE_OUTER_BOUND('',#1776,.T.);
#1070=FACE_OUTER_BOUND('',#1777,.T.);
#1071=FACE_OUTER_BOUND('',#1778,.T.);
#1072=FACE_OUTER_BOUND('',#1779,.T.);
#1073=FACE_OUTER_BOUND('',#1780,.T.);
#1074=FACE_OUTER_BOUND('',#1781,.T.);
#1075=FACE_OUTER_BOUND('',#1782,.T.);
#1076=FACE_OUTER_BOUND('',#1783,.T.);
#1077=FACE_OUTER_BOUND('',#1784,.T.);
#1078=FACE_OUTER_BOUND('',#1785,.T.);
#1079=FACE_OUTER_BOUND('',#1786,.T.);
#1080=FACE_OUTER_BOUND('',#1787,.T.);
#1081=FACE_OUTER_BOUND('',#1788,.T.);
#1082=FACE_OUTER_BOUND('',#1789,.T.);
#1083=FACE_OUTER_BOUND('',#1791,.T.);
#1084=FACE_OUTER_BOUND('',#1792,.T.);
#1085=FACE_OUTER_BOUND('',#1793,.T.);
#1086=FACE_OUTER_BOUND('',#1794,.T.);
#1087=FACE_OUTER_BOUND('',#1796,.T.);
#1088=FACE_OUTER_BOUND('',#1797,.T.);
#1089=FACE_OUTER_BOUND('',#1798,.T.);
#1090=FACE_OUTER_BOUND('',#1799,.T.);
#1091=FACE_OUTER_BOUND('',#1800,.T.);
#1092=FACE_OUTER_BOUND('',#1801,.T.);
#1093=FACE_OUTER_BOUND('',#1803,.T.);
#1094=FACE_OUTER_BOUND('',#1804,.T.);
#1095=FACE_OUTER_BOUND('',#1805,.T.);
#1096=FACE_OUTER_BOUND('',#1806,.T.);
#1097=FACE_OUTER_BOUND('',#1807,.T.);
#1098=FACE_OUTER_BOUND('',#1808,.T.);
#1099=FACE_OUTER_BOUND('',#1809,.T.);
#1100=FACE_OUTER_BOUND('',#1810,.T.);
#1101=FACE_OUTER_BOUND('',#1811,.T.);
#1102=FACE_OUTER_BOUND('',#1813,.T.);
#1103=FACE_OUTER_BOUND('',#1814,.T.);
#1104=FACE_OUTER_BOUND('',#1815,.T.);
#1105=FACE_OUTER_BOUND('',#1816,.T.);
#1106=FACE_OUTER_BOUND('',#1817,.T.);
#1107=FACE_OUTER_BOUND('',#1818,.T.);
#1108=FACE_OUTER_BOUND('',#1820,.T.);
#1109=FACE_OUTER_BOUND('',#1821,.T.);
#1110=FACE_OUTER_BOUND('',#1822,.T.);
#1111=FACE_OUTER_BOUND('',#1823,.T.);
#1112=FACE_OUTER_BOUND('',#1824,.T.);
#1113=FACE_OUTER_BOUND('',#1825,.T.);
#1114=FACE_OUTER_BOUND('',#1826,.T.);
#1115=FACE_OUTER_BOUND('',#1827,.T.);
#1116=FACE_OUTER_BOUND('',#1828,.T.);
#1117=FACE_OUTER_BOUND('',#1830,.T.);
#1118=FACE_OUTER_BOUND('',#1831,.T.);
#1119=FACE_OUTER_BOUND('',#1832,.T.);
#1120=FACE_OUTER_BOUND('',#1833,.T.);
#1121=FACE_OUTER_BOUND('',#1834,.T.);
#1122=FACE_OUTER_BOUND('',#1835,.T.);
#1123=FACE_OUTER_BOUND('',#1837,.T.);
#1124=FACE_OUTER_BOUND('',#1838,.T.);
#1125=FACE_OUTER_BOUND('',#1839,.T.);
#1126=FACE_OUTER_BOUND('',#1840,.T.);
#1127=FACE_OUTER_BOUND('',#1841,.T.);
#1128=FACE_OUTER_BOUND('',#1842,.T.);
#1129=FACE_OUTER_BOUND('',#1843,.T.);
#1130=FACE_OUTER_BOUND('',#1844,.T.);
#1131=FACE_OUTER_BOUND('',#1845,.T.);
#1132=FACE_OUTER_BOUND('',#1846,.T.);
#1133=FACE_OUTER_BOUND('',#1847,.T.);
#1134=FACE_OUTER_BOUND('',#1848,.T.);
#1135=FACE_OUTER_BOUND('',#1849,.T.);
#1136=FACE_OUTER_BOUND('',#1850,.T.);
#1137=FACE_OUTER_BOUND('',#1851,.T.);
#1138=FACE_OUTER_BOUND('',#1852,.T.);
#1139=FACE_OUTER_BOUND('',#1853,.T.);
#1140=FACE_OUTER_BOUND('',#1854,.T.);
#1141=FACE_OUTER_BOUND('',#1855,.T.);
#1142=FACE_OUTER_BOUND('',#1856,.T.);
#1143=FACE_OUTER_BOUND('',#1857,.T.);
#1144=FACE_OUTER_BOUND('',#1858,.T.);
#1145=FACE_OUTER_BOUND('',#1859,.T.);
#1146=FACE_OUTER_BOUND('',#1860,.T.);
#1147=FACE_OUTER_BOUND('',#1861,.T.);
#1148=FACE_OUTER_BOUND('',#1862,.T.);
#1149=FACE_OUTER_BOUND('',#1863,.T.);
#1150=FACE_OUTER_BOUND('',#1864,.T.);
#1151=FACE_OUTER_BOUND('',#1865,.T.);
#1152=FACE_OUTER_BOUND('',#1866,.T.);
#1153=FACE_OUTER_BOUND('',#1867,.T.);
#1154=FACE_OUTER_BOUND('',#1868,.T.);
#1155=FACE_OUTER_BOUND('',#1869,.T.);
#1156=FACE_OUTER_BOUND('',#1870,.T.);
#1157=FACE_OUTER_BOUND('',#1871,.T.);
#1158=FACE_OUTER_BOUND('',#1872,.T.);
#1159=FACE_OUTER_BOUND('',#1873,.T.);
#1160=FACE_OUTER_BOUND('',#1874,.T.);
#1161=FACE_OUTER_BOUND('',#1875,.T.);
#1162=FACE_OUTER_BOUND('',#1876,.T.);
#1163=FACE_OUTER_BOUND('',#1877,.T.);
#1164=FACE_OUTER_BOUND('',#1878,.T.);
#1165=FACE_OUTER_BOUND('',#1879,.T.);
#1166=FACE_OUTER_BOUND('',#1880,.T.);
#1167=FACE_OUTER_BOUND('',#1881,.T.);
#1168=FACE_OUTER_BOUND('',#1882,.T.);
#1169=FACE_OUTER_BOUND('',#1883,.T.);
#1170=FACE_OUTER_BOUND('',#1884,.T.);
#1171=FACE_OUTER_BOUND('',#1885,.T.);
#1172=FACE_OUTER_BOUND('',#1886,.T.);
#1173=FACE_OUTER_BOUND('',#1887,.T.);
#1174=FACE_OUTER_BOUND('',#1888,.T.);
#1175=FACE_OUTER_BOUND('',#1889,.T.);
#1176=FACE_OUTER_BOUND('',#1890,.T.);
#1177=FACE_OUTER_BOUND('',#1891,.T.);
#1178=FACE_OUTER_BOUND('',#1892,.T.);
#1179=FACE_OUTER_BOUND('',#1893,.T.);
#1180=FACE_OUTER_BOUND('',#1894,.T.);
#1181=FACE_OUTER_BOUND('',#1895,.T.);
#1182=FACE_OUTER_BOUND('',#1896,.T.);
#1183=FACE_OUTER_BOUND('',#1897,.T.);
#1184=FACE_OUTER_BOUND('',#1898,.T.);
#1185=FACE_OUTER_BOUND('',#1899,.T.);
#1186=FACE_OUTER_BOUND('',#1900,.T.);
#1187=FACE_OUTER_BOUND('',#1901,.T.);
#1188=FACE_OUTER_BOUND('',#1902,.T.);
#1189=FACE_OUTER_BOUND('',#1903,.T.);
#1190=FACE_OUTER_BOUND('',#1904,.T.);
#1191=FACE_OUTER_BOUND('',#1905,.T.);
#1192=FACE_OUTER_BOUND('',#1906,.T.);
#1193=FACE_OUTER_BOUND('',#1907,.T.);
#1194=FACE_OUTER_BOUND('',#1908,.T.);
#1195=FACE_OUTER_BOUND('',#1909,.T.);
#1196=FACE_OUTER_BOUND('',#1910,.T.);
#1197=FACE_OUTER_BOUND('',#1911,.T.);
#1198=FACE_OUTER_BOUND('',#1912,.T.);
#1199=FACE_OUTER_BOUND('',#1914,.T.);
#1200=FACE_OUTER_BOUND('',#1915,.T.);
#1201=FACE_OUTER_BOUND('',#1916,.T.);
#1202=FACE_OUTER_BOUND('',#1917,.T.);
#1203=FACE_OUTER_BOUND('',#1918,.T.);
#1204=FACE_OUTER_BOUND('',#1919,.T.);
#1205=FACE_OUTER_BOUND('',#1920,.T.);
#1206=FACE_OUTER_BOUND('',#1922,.T.);
#1207=FACE_OUTER_BOUND('',#1923,.T.);
#1208=FACE_OUTER_BOUND('',#1924,.T.);
#1209=FACE_OUTER_BOUND('',#1925,.T.);
#1210=FACE_OUTER_BOUND('',#1926,.T.);
#1211=FACE_OUTER_BOUND('',#1927,.T.);
#1212=FACE_OUTER_BOUND('',#1928,.T.);
#1213=FACE_OUTER_BOUND('',#1929,.T.);
#1214=FACE_OUTER_BOUND('',#1931,.T.);
#1215=FACE_OUTER_BOUND('',#1932,.T.);
#1216=FACE_OUTER_BOUND('',#1933,.T.);
#1217=FACE_OUTER_BOUND('',#1934,.T.);
#1218=FACE_OUTER_BOUND('',#1935,.T.);
#1219=FACE_OUTER_BOUND('',#1936,.T.);
#1220=FACE_OUTER_BOUND('',#1937,.T.);
#1221=FACE_OUTER_BOUND('',#1939,.T.);
#1222=FACE_OUTER_BOUND('',#1940,.T.);
#1223=FACE_OUTER_BOUND('',#1941,.T.);
#1224=FACE_OUTER_BOUND('',#1942,.T.);
#1225=FACE_OUTER_BOUND('',#1943,.T.);
#1226=FACE_OUTER_BOUND('',#1944,.T.);
#1227=FACE_OUTER_BOUND('',#1945,.T.);
#1228=FACE_OUTER_BOUND('',#1946,.T.);
#1229=FACE_OUTER_BOUND('',#1948,.T.);
#1230=FACE_OUTER_BOUND('',#1949,.T.);
#1231=FACE_OUTER_BOUND('',#1950,.T.);
#1232=FACE_OUTER_BOUND('',#1951,.T.);
#1233=FACE_OUTER_BOUND('',#1952,.T.);
#1234=FACE_OUTER_BOUND('',#1953,.T.);
#1235=FACE_OUTER_BOUND('',#1954,.T.);
#1236=FACE_OUTER_BOUND('',#1956,.T.);
#1237=FACE_OUTER_BOUND('',#1957,.T.);
#1238=FACE_OUTER_BOUND('',#1958,.T.);
#1239=FACE_OUTER_BOUND('',#1959,.T.);
#1240=FACE_OUTER_BOUND('',#1960,.T.);
#1241=FACE_OUTER_BOUND('',#1961,.T.);
#1242=FACE_OUTER_BOUND('',#1962,.T.);
#1243=FACE_OUTER_BOUND('',#1963,.T.);
#1244=FACE_OUTER_BOUND('',#1964,.T.);
#1245=FACE_OUTER_BOUND('',#1965,.T.);
#1246=FACE_OUTER_BOUND('',#1967,.T.);
#1247=FACE_OUTER_BOUND('',#1968,.T.);
#1248=FACE_OUTER_BOUND('',#1969,.T.);
#1249=FACE_OUTER_BOUND('',#1970,.T.);
#1250=FACE_OUTER_BOUND('',#1971,.T.);
#1251=FACE_OUTER_BOUND('',#1972,.T.);
#1252=FACE_OUTER_BOUND('',#1973,.T.);
#1253=FACE_OUTER_BOUND('',#1974,.T.);
#1254=FACE_OUTER_BOUND('',#1975,.T.);
#1255=FACE_OUTER_BOUND('',#1976,.T.);
#1256=FACE_OUTER_BOUND('',#1978,.T.);
#1257=FACE_OUTER_BOUND('',#1979,.T.);
#1258=FACE_OUTER_BOUND('',#1980,.T.);
#1259=FACE_OUTER_BOUND('',#1981,.T.);
#1260=FACE_OUTER_BOUND('',#1982,.T.);
#1261=FACE_OUTER_BOUND('',#1984,.T.);
#1262=FACE_OUTER_BOUND('',#1985,.T.);
#1263=FACE_OUTER_BOUND('',#1986,.T.);
#1264=FACE_OUTER_BOUND('',#1987,.T.);
#1265=FACE_OUTER_BOUND('',#1988,.T.);
#1266=FACE_OUTER_BOUND('',#1989,.T.);
#1267=FACE_OUTER_BOUND('',#1990,.T.);
#1268=FACE_OUTER_BOUND('',#1991,.T.);
#1269=FACE_OUTER_BOUND('',#1992,.T.);
#1270=FACE_OUTER_BOUND('',#1993,.T.);
#1271=FACE_OUTER_BOUND('',#1995,.T.);
#1272=FACE_OUTER_BOUND('',#1996,.T.);
#1273=FACE_OUTER_BOUND('',#1997,.T.);
#1274=FACE_OUTER_BOUND('',#1998,.T.);
#1275=FACE_OUTER_BOUND('',#1999,.T.);
#1276=FACE_OUTER_BOUND('',#2001,.T.);
#1277=FACE_OUTER_BOUND('',#2002,.T.);
#1278=FACE_OUTER_BOUND('',#2003,.T.);
#1279=FACE_OUTER_BOUND('',#2004,.T.);
#1280=FACE_OUTER_BOUND('',#2005,.T.);
#1281=FACE_OUTER_BOUND('',#2006,.T.);
#1282=FACE_OUTER_BOUND('',#2007,.T.);
#1283=FACE_OUTER_BOUND('',#2008,.T.);
#1284=FACE_OUTER_BOUND('',#2009,.T.);
#1285=FACE_OUTER_BOUND('',#2010,.T.);
#1286=FACE_OUTER_BOUND('',#2012,.T.);
#1287=FACE_OUTER_BOUND('',#2013,.T.);
#1288=FACE_OUTER_BOUND('',#2014,.T.);
#1289=FACE_OUTER_BOUND('',#2016,.T.);
#1290=FACE_OUTER_BOUND('',#2017,.T.);
#1291=FACE_OUTER_BOUND('',#2018,.T.);
#1292=FACE_OUTER_BOUND('',#2019,.T.);
#1293=FACE_OUTER_BOUND('',#2020,.T.);
#1294=FACE_OUTER_BOUND('',#2021,.T.);
#1295=FACE_OUTER_BOUND('',#2022,.T.);
#1296=FACE_OUTER_BOUND('',#2024,.T.);
#1297=FACE_OUTER_BOUND('',#2025,.T.);
#1298=FACE_OUTER_BOUND('',#2026,.T.);
#1299=FACE_OUTER_BOUND('',#2027,.T.);
#1300=FACE_OUTER_BOUND('',#2028,.T.);
#1301=FACE_OUTER_BOUND('',#2029,.T.);
#1302=FACE_OUTER_BOUND('',#2030,.T.);
#1303=FACE_OUTER_BOUND('',#2031,.T.);
#1304=FACE_OUTER_BOUND('',#2033,.T.);
#1305=FACE_OUTER_BOUND('',#2034,.T.);
#1306=FACE_OUTER_BOUND('',#2035,.T.);
#1307=FACE_OUTER_BOUND('',#2036,.T.);
#1308=FACE_OUTER_BOUND('',#2037,.T.);
#1309=FACE_OUTER_BOUND('',#2038,.T.);
#1310=FACE_OUTER_BOUND('',#2039,.T.);
#1311=FACE_OUTER_BOUND('',#2041,.T.);
#1312=FACE_OUTER_BOUND('',#2042,.T.);
#1313=FACE_OUTER_BOUND('',#2043,.T.);
#1314=FACE_OUTER_BOUND('',#2044,.T.);
#1315=FACE_OUTER_BOUND('',#2045,.T.);
#1316=FACE_OUTER_BOUND('',#2046,.T.);
#1317=FACE_OUTER_BOUND('',#2047,.T.);
#1318=FACE_OUTER_BOUND('',#2048,.T.);
#1319=FACE_OUTER_BOUND('',#2050,.T.);
#1320=FACE_OUTER_BOUND('',#2051,.T.);
#1321=FACE_OUTER_BOUND('',#2052,.T.);
#1322=FACE_OUTER_BOUND('',#2053,.T.);
#1323=FACE_OUTER_BOUND('',#2054,.T.);
#1324=FACE_OUTER_BOUND('',#2055,.T.);
#1325=FACE_OUTER_BOUND('',#2056,.T.);
#1326=FACE_OUTER_BOUND('',#2058,.T.);
#1327=FACE_OUTER_BOUND('',#2059,.T.);
#1328=FACE_OUTER_BOUND('',#2060,.T.);
#1329=FACE_OUTER_BOUND('',#2061,.T.);
#1330=FACE_OUTER_BOUND('',#2062,.T.);
#1331=FACE_OUTER_BOUND('',#2063,.T.);
#1332=FACE_OUTER_BOUND('',#2064,.T.);
#1333=FACE_OUTER_BOUND('',#2065,.T.);
#1334=FACE_OUTER_BOUND('',#2067,.T.);
#1335=FACE_OUTER_BOUND('',#2068,.T.);
#1336=FACE_OUTER_BOUND('',#2069,.T.);
#1337=FACE_OUTER_BOUND('',#2070,.T.);
#1338=FACE_OUTER_BOUND('',#2071,.T.);
#1339=FACE_OUTER_BOUND('',#2072,.T.);
#1340=FACE_OUTER_BOUND('',#2073,.T.);
#1341=FACE_OUTER_BOUND('',#2075,.T.);
#1342=FACE_OUTER_BOUND('',#2076,.T.);
#1343=FACE_OUTER_BOUND('',#2078,.T.);
#1344=FACE_OUTER_BOUND('',#2079,.T.);
#1345=FACE_OUTER_BOUND('',#2080,.T.);
#1346=FACE_OUTER_BOUND('',#2081,.T.);
#1347=FACE_OUTER_BOUND('',#2082,.T.);
#1348=FACE_OUTER_BOUND('',#2083,.T.);
#1349=FACE_OUTER_BOUND('',#2084,.T.);
#1350=FACE_OUTER_BOUND('',#2086,.T.);
#1351=FACE_OUTER_BOUND('',#2087,.T.);
#1352=FACE_OUTER_BOUND('',#2089,.T.);
#1353=FACE_OUTER_BOUND('',#2090,.T.);
#1354=FACE_OUTER_BOUND('',#2091,.T.);
#1355=FACE_OUTER_BOUND('',#2092,.T.);
#1356=FACE_OUTER_BOUND('',#2093,.T.);
#1357=FACE_OUTER_BOUND('',#2094,.T.);
#1358=FACE_OUTER_BOUND('',#2095,.T.);
#1359=FACE_OUTER_BOUND('',#2097,.T.);
#1360=FACE_OUTER_BOUND('',#2098,.T.);
#1361=FACE_OUTER_BOUND('',#2100,.T.);
#1362=FACE_OUTER_BOUND('',#2101,.T.);
#1363=FACE_OUTER_BOUND('',#2102,.T.);
#1364=FACE_OUTER_BOUND('',#2103,.T.);
#1365=FACE_OUTER_BOUND('',#2104,.T.);
#1366=FACE_OUTER_BOUND('',#2105,.T.);
#1367=FACE_OUTER_BOUND('',#2106,.T.);
#1368=FACE_OUTER_BOUND('',#2108,.T.);
#1369=FACE_OUTER_BOUND('',#2109,.T.);
#1370=FACE_OUTER_BOUND('',#2111,.T.);
#1371=FACE_OUTER_BOUND('',#2112,.T.);
#1372=FACE_OUTER_BOUND('',#2113,.T.);
#1373=FACE_OUTER_BOUND('',#2114,.T.);
#1374=FACE_OUTER_BOUND('',#2115,.T.);
#1375=FACE_OUTER_BOUND('',#2116,.T.);
#1376=FACE_OUTER_BOUND('',#2117,.T.);
#1377=FACE_OUTER_BOUND('',#2119,.T.);
#1378=FACE_OUTER_BOUND('',#2120,.T.);
#1379=FACE_OUTER_BOUND('',#2122,.T.);
#1380=FACE_OUTER_BOUND('',#2123,.T.);
#1381=FACE_OUTER_BOUND('',#2124,.T.);
#1382=FACE_OUTER_BOUND('',#2125,.T.);
#1383=FACE_OUTER_BOUND('',#2126,.T.);
#1384=FACE_OUTER_BOUND('',#2127,.T.);
#1385=FACE_OUTER_BOUND('',#2128,.T.);
#1386=FACE_OUTER_BOUND('',#2130,.T.);
#1387=FACE_OUTER_BOUND('',#2131,.T.);
#1388=FACE_OUTER_BOUND('',#2132,.T.);
#1389=FACE_OUTER_BOUND('',#2133,.T.);
#1390=FACE_OUTER_BOUND('',#2134,.T.);
#1391=FACE_OUTER_BOUND('',#2135,.T.);
#1392=FACE_OUTER_BOUND('',#2136,.T.);
#1393=FACE_OUTER_BOUND('',#2137,.T.);
#1394=FACE_OUTER_BOUND('',#2138,.T.);
#1395=FACE_OUTER_BOUND('',#2139,.T.);
#1396=FACE_OUTER_BOUND('',#2140,.T.);
#1397=FACE_OUTER_BOUND('',#2141,.T.);
#1398=FACE_OUTER_BOUND('',#2142,.T.);
#1399=FACE_OUTER_BOUND('',#2143,.T.);
#1400=FACE_OUTER_BOUND('',#2144,.T.);
#1401=FACE_OUTER_BOUND('',#2145,.T.);
#1402=FACE_OUTER_BOUND('',#2146,.T.);
#1403=FACE_OUTER_BOUND('',#2147,.T.);
#1404=FACE_OUTER_BOUND('',#2148,.T.);
#1405=FACE_OUTER_BOUND('',#2149,.T.);
#1406=FACE_OUTER_BOUND('',#2150,.T.);
#1407=FACE_OUTER_BOUND('',#2151,.T.);
#1408=FACE_OUTER_BOUND('',#2152,.T.);
#1409=FACE_OUTER_BOUND('',#2153,.T.);
#1410=FACE_OUTER_BOUND('',#2154,.T.);
#1411=FACE_OUTER_BOUND('',#2155,.T.);
#1412=FACE_OUTER_BOUND('',#2156,.T.);
#1413=FACE_OUTER_BOUND('',#2157,.T.);
#1414=FACE_OUTER_BOUND('',#2158,.T.);
#1415=FACE_OUTER_BOUND('',#2159,.T.);
#1416=FACE_OUTER_BOUND('',#2160,.T.);
#1417=FACE_OUTER_BOUND('',#2161,.T.);
#1418=FACE_OUTER_BOUND('',#2162,.T.);
#1419=FACE_OUTER_BOUND('',#2163,.T.);
#1420=FACE_OUTER_BOUND('',#2164,.T.);
#1421=FACE_OUTER_BOUND('',#2165,.T.);
#1422=FACE_OUTER_BOUND('',#2166,.T.);
#1423=FACE_OUTER_BOUND('',#2167,.T.);
#1424=FACE_OUTER_BOUND('',#2168,.T.);
#1425=FACE_OUTER_BOUND('',#2169,.T.);
#1426=FACE_OUTER_BOUND('',#2170,.T.);
#1427=FACE_OUTER_BOUND('',#2171,.T.);
#1428=FACE_OUTER_BOUND('',#2172,.T.);
#1429=FACE_OUTER_BOUND('',#2173,.T.);
#1430=FACE_OUTER_BOUND('',#2174,.T.);
#1431=FACE_OUTER_BOUND('',#2175,.T.);
#1432=FACE_OUTER_BOUND('',#2176,.T.);
#1433=FACE_OUTER_BOUND('',#2177,.T.);
#1434=FACE_OUTER_BOUND('',#2178,.T.);
#1435=FACE_OUTER_BOUND('',#2179,.T.);
#1436=FACE_OUTER_BOUND('',#2180,.T.);
#1437=FACE_OUTER_BOUND('',#2181,.T.);
#1438=FACE_OUTER_BOUND('',#2182,.T.);
#1439=FACE_OUTER_BOUND('',#2183,.T.);
#1440=FACE_OUTER_BOUND('',#2184,.T.);
#1441=FACE_OUTER_BOUND('',#2185,.T.);
#1442=FACE_OUTER_BOUND('',#2186,.T.);
#1443=FACE_OUTER_BOUND('',#2187,.T.);
#1444=FACE_OUTER_BOUND('',#2188,.T.);
#1445=FACE_OUTER_BOUND('',#2189,.T.);
#1446=FACE_OUTER_BOUND('',#2190,.T.);
#1447=FACE_OUTER_BOUND('',#2191,.T.);
#1448=FACE_OUTER_BOUND('',#2192,.T.);
#1449=FACE_OUTER_BOUND('',#2193,.T.);
#1450=FACE_OUTER_BOUND('',#2194,.T.);
#1451=FACE_OUTER_BOUND('',#2195,.T.);
#1452=FACE_OUTER_BOUND('',#2196,.T.);
#1453=FACE_OUTER_BOUND('',#2197,.T.);
#1454=FACE_OUTER_BOUND('',#2198,.T.);
#1455=EDGE_LOOP('',(#7527,#7528,#7529));
#1456=EDGE_LOOP('',(#7530,#7531,#7532,#7533));
#1457=EDGE_LOOP('',(#7534,#7535,#7536,#7537));
#1458=EDGE_LOOP('',(#7538,#7539,#7540,#7541,#7542,#7543));
#1459=EDGE_LOOP('',(#7544));
#1460=EDGE_LOOP('',(#7545,#7546,#7547,#7548,#7549));
#1461=EDGE_LOOP('',(#7550,#7551,#7552));
#1462=EDGE_LOOP('',(#7553,#7554,#7555,#7556));
#1463=EDGE_LOOP('',(#7557,#7558,#7559,#7560));
#1464=EDGE_LOOP('',(#7561,#7562,#7563,#7564,#7565,#7566,#7567,#7568));
#1465=EDGE_LOOP('',(#7569,#7570,#7571,#7572));
#1466=EDGE_LOOP('',(#7573,#7574,#7575,#7576));
#1467=EDGE_LOOP('',(#7577,#7578,#7579,#7580,#7581,#7582,#7583,#7584));
#1468=EDGE_LOOP('',(#7585,#7586,#7587,#7588));
#1469=EDGE_LOOP('',(#7589,#7590,#7591,#7592,#7593,#7594));
#1470=EDGE_LOOP('',(#7595));
#1471=EDGE_LOOP('',(#7596,#7597,#7598,#7599,#7600));
#1472=EDGE_LOOP('',(#7601,#7602,#7603));
#1473=EDGE_LOOP('',(#7604,#7605,#7606,#7607));
#1474=EDGE_LOOP('',(#7608,#7609,#7610,#7611));
#1475=EDGE_LOOP('',(#7612,#7613,#7614,#7615,#7616,#7617));
#1476=EDGE_LOOP('',(#7618));
#1477=EDGE_LOOP('',(#7619,#7620,#7621,#7622,#7623));
#1478=EDGE_LOOP('',(#7624,#7625,#7626));
#1479=EDGE_LOOP('',(#7627,#7628,#7629,#7630));
#1480=EDGE_LOOP('',(#7631,#7632,#7633,#7634));
#1481=EDGE_LOOP('',(#7635,#7636,#7637,#7638));
#1482=EDGE_LOOP('',(#7639,#7640,#7641,#7642,#7643,#7644));
#1483=EDGE_LOOP('',(#7645));
#1484=EDGE_LOOP('',(#7646,#7647,#7648,#7649));
#1485=EDGE_LOOP('',(#7650,#7651,#7652,#7653));
#1486=EDGE_LOOP('',(#7654,#7655,#7656,#7657,#7658,#7659,#7660,#7661));
#1487=EDGE_LOOP('',(#7662,#7663,#7664,#7665,#7666,#7667,#7668,#7669));
#1488=EDGE_LOOP('',(#7670,#7671,#7672,#7673,#7674));
#1489=EDGE_LOOP('',(#7675,#7676,#7677));
#1490=EDGE_LOOP('',(#7678,#7679,#7680,#7681));
#1491=EDGE_LOOP('',(#7682,#7683,#7684,#7685));
#1492=EDGE_LOOP('',(#7686,#7687,#7688,#7689,#7690,#7691));
#1493=EDGE_LOOP('',(#7692));
#1494=EDGE_LOOP('',(#7693,#7694,#7695,#7696,#7697));
#1495=EDGE_LOOP('',(#7698,#7699,#7700));
#1496=EDGE_LOOP('',(#7701,#7702,#7703,#7704));
#1497=EDGE_LOOP('',(#7705,#7706,#7707,#7708));
#1498=EDGE_LOOP('',(#7709,#7710,#7711,#7712,#7713,#7714,#7715,#7716));
#1499=EDGE_LOOP('',(#7717,#7718,#7719,#7720));
#1500=EDGE_LOOP('',(#7721,#7722,#7723,#7724));
#1501=EDGE_LOOP('',(#7725,#7726,#7727,#7728,#7729,#7730,#7731,#7732));
#1502=EDGE_LOOP('',(#7733,#7734,#7735,#7736));
#1503=EDGE_LOOP('',(#7737,#7738,#7739,#7740,#7741,#7742));
#1504=EDGE_LOOP('',(#7743));
#1505=EDGE_LOOP('',(#7744,#7745,#7746,#7747,#7748));
#1506=EDGE_LOOP('',(#7749,#7750,#7751));
#1507=EDGE_LOOP('',(#7752,#7753,#7754,#7755));
#1508=EDGE_LOOP('',(#7756,#7757,#7758,#7759));
#1509=EDGE_LOOP('',(#7760,#7761,#7762,#7763,#7764,#7765));
#1510=EDGE_LOOP('',(#7766));
#1511=EDGE_LOOP('',(#7767,#7768,#7769,#7770,#7771));
#1512=EDGE_LOOP('',(#7772,#7773,#7774));
#1513=EDGE_LOOP('',(#7775,#7776,#7777,#7778));
#1514=EDGE_LOOP('',(#7779,#7780,#7781,#7782));
#1515=EDGE_LOOP('',(#7783,#7784,#7785,#7786));
#1516=EDGE_LOOP('',(#7787,#7788,#7789,#7790,#7791,#7792));
#1517=EDGE_LOOP('',(#7793));
#1518=EDGE_LOOP('',(#7794,#7795,#7796,#7797));
#1519=EDGE_LOOP('',(#7798,#7799,#7800,#7801));
#1520=EDGE_LOOP('',(#7802,#7803,#7804,#7805,#7806,#7807,#7808,#7809));
#1521=EDGE_LOOP('',(#7810,#7811,#7812,#7813,#7814,#7815,#7816,#7817));
#1522=EDGE_LOOP('',(#7818,#7819,#7820,#7821,#7822));
#1523=EDGE_LOOP('',(#7823,#7824,#7825));
#1524=EDGE_LOOP('',(#7826,#7827,#7828,#7829));
#1525=EDGE_LOOP('',(#7830,#7831,#7832,#7833));
#1526=EDGE_LOOP('',(#7834,#7835,#7836,#7837,#7838,#7839));
#1527=EDGE_LOOP('',(#7840));
#1528=EDGE_LOOP('',(#7841,#7842,#7843,#7844,#7845));
#1529=EDGE_LOOP('',(#7846,#7847,#7848));
#1530=EDGE_LOOP('',(#7849,#7850,#7851,#7852));
#1531=EDGE_LOOP('',(#7853,#7854,#7855,#7856));
#1532=EDGE_LOOP('',(#7857,#7858,#7859,#7860,#7861,#7862,#7863,#7864));
#1533=EDGE_LOOP('',(#7865,#7866,#7867,#7868));
#1534=EDGE_LOOP('',(#7869,#7870,#7871,#7872));
#1535=EDGE_LOOP('',(#7873,#7874,#7875,#7876,#7877,#7878,#7879,#7880));
#1536=EDGE_LOOP('',(#7881,#7882,#7883,#7884));
#1537=EDGE_LOOP('',(#7885,#7886,#7887,#7888,#7889,#7890));
#1538=EDGE_LOOP('',(#7891));
#1539=EDGE_LOOP('',(#7892,#7893,#7894,#7895,#7896));
#1540=EDGE_LOOP('',(#7897,#7898,#7899));
#1541=EDGE_LOOP('',(#7900,#7901,#7902,#7903));
#1542=EDGE_LOOP('',(#7904,#7905,#7906,#7907));
#1543=EDGE_LOOP('',(#7908,#7909,#7910,#7911,#7912,#7913));
#1544=EDGE_LOOP('',(#7914));
#1545=EDGE_LOOP('',(#7915,#7916,#7917,#7918,#7919));
#1546=EDGE_LOOP('',(#7920,#7921,#7922));
#1547=EDGE_LOOP('',(#7923,#7924,#7925,#7926));
#1548=EDGE_LOOP('',(#7927,#7928,#7929,#7930));
#1549=EDGE_LOOP('',(#7931,#7932,#7933,#7934));
#1550=EDGE_LOOP('',(#7935,#7936,#7937,#7938,#7939,#7940));
#1551=EDGE_LOOP('',(#7941));
#1552=EDGE_LOOP('',(#7942,#7943,#7944,#7945));
#1553=EDGE_LOOP('',(#7946,#7947,#7948,#7949));
#1554=EDGE_LOOP('',(#7950,#7951,#7952,#7953,#7954,#7955,#7956,#7957));
#1555=EDGE_LOOP('',(#7958,#7959,#7960,#7961,#7962,#7963,#7964,#7965));
#1556=EDGE_LOOP('',(#7966,#7967,#7968,#7969,#7970));
#1557=EDGE_LOOP('',(#7971,#7972,#7973));
#1558=EDGE_LOOP('',(#7974,#7975,#7976,#7977));
#1559=EDGE_LOOP('',(#7978,#7979,#7980,#7981));
#1560=EDGE_LOOP('',(#7982,#7983,#7984,#7985,#7986,#7987));
#1561=EDGE_LOOP('',(#7988));
#1562=EDGE_LOOP('',(#7989,#7990,#7991,#7992,#7993));
#1563=EDGE_LOOP('',(#7994,#7995,#7996));
#1564=EDGE_LOOP('',(#7997,#7998,#7999,#8000));
#1565=EDGE_LOOP('',(#8001,#8002,#8003,#8004));
#1566=EDGE_LOOP('',(#8005,#8006,#8007,#8008,#8009,#8010,#8011,#8012));
#1567=EDGE_LOOP('',(#8013,#8014,#8015,#8016));
#1568=EDGE_LOOP('',(#8017,#8018,#8019,#8020));
#1569=EDGE_LOOP('',(#8021,#8022,#8023,#8024,#8025,#8026,#8027,#8028));
#1570=EDGE_LOOP('',(#8029,#8030,#8031,#8032));
#1571=EDGE_LOOP('',(#8033,#8034,#8035,#8036,#8037,#8038));
#1572=EDGE_LOOP('',(#8039));
#1573=EDGE_LOOP('',(#8040,#8041,#8042,#8043,#8044));
#1574=EDGE_LOOP('',(#8045,#8046,#8047));
#1575=EDGE_LOOP('',(#8048,#8049,#8050,#8051));
#1576=EDGE_LOOP('',(#8052,#8053,#8054,#8055));
#1577=EDGE_LOOP('',(#8056,#8057,#8058,#8059,#8060,#8061));
#1578=EDGE_LOOP('',(#8062));
#1579=EDGE_LOOP('',(#8063,#8064,#8065,#8066,#8067));
#1580=EDGE_LOOP('',(#8068,#8069,#8070));
#1581=EDGE_LOOP('',(#8071,#8072,#8073,#8074));
#1582=EDGE_LOOP('',(#8075,#8076,#8077,#8078));
#1583=EDGE_LOOP('',(#8079,#8080,#8081,#8082));
#1584=EDGE_LOOP('',(#8083,#8084,#8085,#8086,#8087,#8088));
#1585=EDGE_LOOP('',(#8089));
#1586=EDGE_LOOP('',(#8090,#8091,#8092,#8093));
#1587=EDGE_LOOP('',(#8094,#8095,#8096,#8097));
#1588=EDGE_LOOP('',(#8098,#8099,#8100,#8101,#8102,#8103,#8104,#8105));
#1589=EDGE_LOOP('',(#8106,#8107,#8108,#8109,#8110,#8111,#8112,#8113));
#1590=EDGE_LOOP('',(#8114,#8115,#8116,#8117,#8118));
#1591=EDGE_LOOP('',(#8119,#8120,#8121,#8122));
#1592=EDGE_LOOP('',(#8123,#8124,#8125,#8126));
#1593=EDGE_LOOP('',(#8127,#8128,#8129,#8130));
#1594=EDGE_LOOP('',(#8131,#8132,#8133,#8134));
#1595=EDGE_LOOP('',(#8135,#8136,#8137,#8138));
#1596=EDGE_LOOP('',(#8139,#8140,#8141));
#1597=EDGE_LOOP('',(#8142,#8143,#8144));
#1598=EDGE_LOOP('',(#8145,#8146,#8147));
#1599=EDGE_LOOP('',(#8148,#8149,#8150));
#1600=EDGE_LOOP('',(#8151,#8152,#8153,#8154));
#1601=EDGE_LOOP('',(#8155,#8156,#8157));
#1602=EDGE_LOOP('',(#8158,#8159,#8160,#8161));
#1603=EDGE_LOOP('',(#8162,#8163,#8164,#8165));
#1604=EDGE_LOOP('',(#8166,#8167,#8168));
#1605=EDGE_LOOP('',(#8169,#8170,#8171,#8172));
#1606=EDGE_LOOP('',(#8173,#8174,#8175));
#1607=EDGE_LOOP('',(#8176,#8177,#8178,#8179));
#1608=EDGE_LOOP('',(#8180,#8181,#8182,#8183));
#1609=EDGE_LOOP('',(#8184,#8185,#8186));
#1610=EDGE_LOOP('',(#8187,#8188,#8189,#8190));
#1611=EDGE_LOOP('',(#8191,#8192,#8193,#8194));
#1612=EDGE_LOOP('',(#8195,#8196,#8197,#8198));
#1613=EDGE_LOOP('',(#8199,#8200,#8201,#8202));
#1614=EDGE_LOOP('',(#8203,#8204,#8205,#8206));
#1615=EDGE_LOOP('',(#8207,#8208,#8209,#8210));
#1616=EDGE_LOOP('',(#8211,#8212,#8213,#8214));
#1617=EDGE_LOOP('',(#8215,#8216,#8217,#8218));
#1618=EDGE_LOOP('',(#8219,#8220,#8221,#8222));
#1619=EDGE_LOOP('',(#8223,#8224,#8225,#8226));
#1620=EDGE_LOOP('',(#8227,#8228,#8229,#8230));
#1621=EDGE_LOOP('',(#8231,#8232,#8233,#8234));
#1622=EDGE_LOOP('',(#8235,#8236,#8237,#8238));
#1623=EDGE_LOOP('',(#8239,#8240,#8241));
#1624=EDGE_LOOP('',(#8242,#8243,#8244,#8245,#8246));
#1625=EDGE_LOOP('',(#8247,#8248,#8249));
#1626=EDGE_LOOP('',(#8250,#8251,#8252));
#1627=EDGE_LOOP('',(#8253,#8254,#8255,#8256));
#1628=EDGE_LOOP('',(#8257,#8258,#8259,#8260,#8261));
#1629=EDGE_LOOP('',(#8262,#8263,#8264));
#1630=EDGE_LOOP('',(#8265,#8266,#8267,#8268));
#1631=EDGE_LOOP('',(#8269,#8270,#8271));
#1632=EDGE_LOOP('',(#8272,#8273,#8274,#8275));
#1633=EDGE_LOOP('',(#8276,#8277,#8278,#8279));
#1634=EDGE_LOOP('',(#8280,#8281,#8282));
#1635=EDGE_LOOP('',(#8283,#8284,#8285,#8286));
#1636=EDGE_LOOP('',(#8287,#8288,#8289,#8290));
#1637=EDGE_LOOP('',(#8291,#8292,#8293,#8294));
#1638=EDGE_LOOP('',(#8295,#8296,#8297,#8298));
#1639=EDGE_LOOP('',(#8299,#8300,#8301,#8302));
#1640=EDGE_LOOP('',(#8303,#8304,#8305,#8306));
#1641=EDGE_LOOP('',(#8307,#8308,#8309,#8310));
#1642=EDGE_LOOP('',(#8311,#8312,#8313,#8314));
#1643=EDGE_LOOP('',(#8315,#8316,#8317,#8318));
#1644=EDGE_LOOP('',(#8319,#8320,#8321,#8322));
#1645=EDGE_LOOP('',(#8323,#8324,#8325,#8326,#8327,#8328));
#1646=EDGE_LOOP('',(#8329,#8330,#8331));
#1647=EDGE_LOOP('',(#8332,#8333,#8334,#8335,#8336));
#1648=EDGE_LOOP('',(#8337));
#1649=EDGE_LOOP('',(#8338,#8339,#8340));
#1650=EDGE_LOOP('',(#8341,#8342,#8343,#8344));
#1651=EDGE_LOOP('',(#8345,#8346,#8347,#8348));
#1652=EDGE_LOOP('',(#8349,#8350,#8351,#8352));
#1653=EDGE_LOOP('',(#8353,#8354,#8355,#8356));
#1654=EDGE_LOOP('',(#8357,#8358,#8359,#8360));
#1655=EDGE_LOOP('',(#8361,#8362,#8363,#8364,#8365));
#1656=EDGE_LOOP('',(#8366));
#1657=EDGE_LOOP('',(#8367,#8368,#8369));
#1658=EDGE_LOOP('',(#8370,#8371,#8372,#8373,#8374,#8375));
#1659=EDGE_LOOP('',(#8376));
#1660=EDGE_LOOP('',(#8377,#8378,#8379,#8380));
#1661=EDGE_LOOP('',(#8381,#8382,#8383,#8384));
#1662=EDGE_LOOP('',(#8385,#8386,#8387,#8388,#8389));
#1663=EDGE_LOOP('',(#8390,#8391,#8392,#8393));
#1664=EDGE_LOOP('',(#8394,#8395,#8396));
#1665=EDGE_LOOP('',(#8397,#8398,#8399,#8400));
#1666=EDGE_LOOP('',(#8401,#8402,#8403,#8404,#8405,#8406));
#1667=EDGE_LOOP('',(#8407));
#1668=EDGE_LOOP('',(#8408,#8409,#8410,#8411,#8412,#8413,#8414,#8415));
#1669=EDGE_LOOP('',(#8416,#8417,#8418,#8419));
#1670=EDGE_LOOP('',(#8420,#8421,#8422,#8423));
#1671=EDGE_LOOP('',(#8424,#8425,#8426,#8427,#8428,#8429,#8430,#8431));
#1672=EDGE_LOOP('',(#8432,#8433,#8434,#8435));
#1673=EDGE_LOOP('',(#8436,#8437,#8438,#8439,#8440));
#1674=EDGE_LOOP('',(#8441,#8442,#8443));
#1675=EDGE_LOOP('',(#8444,#8445,#8446,#8447));
#1676=EDGE_LOOP('',(#8448,#8449,#8450,#8451));
#1677=EDGE_LOOP('',(#8452,#8453,#8454,#8455,#8456,#8457));
#1678=EDGE_LOOP('',(#8458));
#1679=EDGE_LOOP('',(#8459,#8460,#8461,#8462,#8463));
#1680=EDGE_LOOP('',(#8464,#8465,#8466));
#1681=EDGE_LOOP('',(#8467,#8468,#8469,#8470));
#1682=EDGE_LOOP('',(#8471,#8472,#8473,#8474));
#1683=EDGE_LOOP('',(#8475,#8476,#8477,#8478,#8479,#8480,#8481,#8482));
#1684=EDGE_LOOP('',(#8483,#8484,#8485,#8486));
#1685=EDGE_LOOP('',(#8487,#8488,#8489,#8490));
#1686=EDGE_LOOP('',(#8491,#8492,#8493,#8494,#8495,#8496,#8497,#8498));
#1687=EDGE_LOOP('',(#8499,#8500,#8501,#8502));
#1688=EDGE_LOOP('',(#8503,#8504,#8505,#8506,#8507,#8508));
#1689=EDGE_LOOP('',(#8509));
#1690=EDGE_LOOP('',(#8510,#8511,#8512,#8513,#8514));
#1691=EDGE_LOOP('',(#8515,#8516,#8517));
#1692=EDGE_LOOP('',(#8518,#8519,#8520,#8521));
#1693=EDGE_LOOP('',(#8522,#8523,#8524,#8525));
#1694=EDGE_LOOP('',(#8526,#8527,#8528,#8529,#8530,#8531));
#1695=EDGE_LOOP('',(#8532));
#1696=EDGE_LOOP('',(#8533,#8534,#8535,#8536,#8537));
#1697=EDGE_LOOP('',(#8538,#8539,#8540));
#1698=EDGE_LOOP('',(#8541,#8542,#8543,#8544));
#1699=EDGE_LOOP('',(#8545,#8546,#8547,#8548));
#1700=EDGE_LOOP('',(#8549,#8550,#8551,#8552));
#1701=EDGE_LOOP('',(#8553,#8554,#8555,#8556,#8557,#8558));
#1702=EDGE_LOOP('',(#8559));
#1703=EDGE_LOOP('',(#8560,#8561,#8562,#8563));
#1704=EDGE_LOOP('',(#8564,#8565,#8566,#8567));
#1705=EDGE_LOOP('',(#8568,#8569,#8570,#8571,#8572,#8573,#8574,#8575));
#1706=EDGE_LOOP('',(#8576,#8577,#8578,#8579,#8580,#8581,#8582,#8583));
#1707=EDGE_LOOP('',(#8584,#8585,#8586,#8587,#8588));
#1708=EDGE_LOOP('',(#8589,#8590,#8591));
#1709=EDGE_LOOP('',(#8592,#8593,#8594,#8595,#8596,#8597));
#1710=EDGE_LOOP('',(#8598));
#1711=EDGE_LOOP('',(#8599,#8600,#8601,#8602));
#1712=EDGE_LOOP('',(#8603,#8604,#8605,#8606));
#1713=EDGE_LOOP('',(#8607,#8608,#8609,#8610,#8611));
#1714=EDGE_LOOP('',(#8612,#8613,#8614,#8615));
#1715=EDGE_LOOP('',(#8616,#8617,#8618));
#1716=EDGE_LOOP('',(#8619,#8620,#8621,#8622));
#1717=EDGE_LOOP('',(#8623,#8624,#8625,#8626,#8627,#8628));
#1718=EDGE_LOOP('',(#8629));
#1719=EDGE_LOOP('',(#8630,#8631,#8632,#8633,#8634,#8635,#8636,#8637));
#1720=EDGE_LOOP('',(#8638,#8639,#8640,#8641));
#1721=EDGE_LOOP('',(#8642,#8643,#8644,#8645));
#1722=EDGE_LOOP('',(#8646,#8647,#8648,#8649,#8650,#8651,#8652,#8653));
#1723=EDGE_LOOP('',(#8654,#8655,#8656,#8657));
#1724=EDGE_LOOP('',(#8658,#8659,#8660,#8661,#8662));
#1725=EDGE_LOOP('',(#8663,#8664,#8665));
#1726=EDGE_LOOP('',(#8666,#8667,#8668,#8669,#8670));
#1727=EDGE_LOOP('',(#8671,#8672,#8673));
#1728=EDGE_LOOP('',(#8674,#8675,#8676));
#1729=EDGE_LOOP('',(#8677,#8678,#8679,#8680));
#1730=EDGE_LOOP('',(#8681,#8682,#8683,#8684,#8685));
#1731=EDGE_LOOP('',(#8686,#8687,#8688));
#1732=EDGE_LOOP('',(#8689,#8690,#8691,#8692));
#1733=EDGE_LOOP('',(#8693,#8694,#8695));
#1734=EDGE_LOOP('',(#8696,#8697,#8698,#8699));
#1735=EDGE_LOOP('',(#8700,#8701,#8702,#8703));
#1736=EDGE_LOOP('',(#8704,#8705,#8706));
#1737=EDGE_LOOP('',(#8707,#8708,#8709,#8710));
#1738=EDGE_LOOP('',(#8711,#8712,#8713,#8714));
#1739=EDGE_LOOP('',(#8715,#8716,#8717,#8718));
#1740=EDGE_LOOP('',(#8719,#8720,#8721,#8722));
#1741=EDGE_LOOP('',(#8723,#8724,#8725,#8726));
#1742=EDGE_LOOP('',(#8727,#8728,#8729,#8730));
#1743=EDGE_LOOP('',(#8731,#8732,#8733,#8734));
#1744=EDGE_LOOP('',(#8735,#8736,#8737,#8738));
#1745=EDGE_LOOP('',(#8739,#8740,#8741,#8742));
#1746=EDGE_LOOP('',(#8743,#8744,#8745,#8746));
#1747=EDGE_LOOP('',(#8747,#8748,#8749,#8750,#8751,#8752));
#1748=EDGE_LOOP('',(#8753,#8754,#8755));
#1749=EDGE_LOOP('',(#8756,#8757,#8758,#8759,#8760));
#1750=EDGE_LOOP('',(#8761));
#1751=EDGE_LOOP('',(#8762,#8763,#8764));
#1752=EDGE_LOOP('',(#8765,#8766,#8767,#8768));
#1753=EDGE_LOOP('',(#8769,#8770,#8771,#8772));
#1754=EDGE_LOOP('',(#8773,#8774,#8775,#8776));
#1755=EDGE_LOOP('',(#8777,#8778,#8779,#8780));
#1756=EDGE_LOOP('',(#8781,#8782,#8783,#8784));
#1757=EDGE_LOOP('',(#8785,#8786,#8787,#8788,#8789));
#1758=EDGE_LOOP('',(#8790));
#1759=EDGE_LOOP('',(#8791,#8792,#8793,#8794));
#1760=EDGE_LOOP('',(#8795,#8796,#8797,#8798));
#1761=EDGE_LOOP('',(#8799,#8800,#8801,#8802));
#1762=EDGE_LOOP('',(#8803,#8804,#8805,#8806));
#1763=EDGE_LOOP('',(#8807,#8808,#8809,#8810));
#1764=EDGE_LOOP('',(#8811,#8812,#8813));
#1765=EDGE_LOOP('',(#8814,#8815,#8816));
#1766=EDGE_LOOP('',(#8817,#8818,#8819));
#1767=EDGE_LOOP('',(#8820,#8821,#8822));
#1768=EDGE_LOOP('',(#8823,#8824,#8825,#8826));
#1769=EDGE_LOOP('',(#8827,#8828,#8829));
#1770=EDGE_LOOP('',(#8830,#8831,#8832,#8833));
#1771=EDGE_LOOP('',(#8834,#8835,#8836,#8837));
#1772=EDGE_LOOP('',(#8838,#8839,#8840));
#1773=EDGE_LOOP('',(#8841,#8842,#8843,#8844));
#1774=EDGE_LOOP('',(#8845,#8846,#8847));
#1775=EDGE_LOOP('',(#8848,#8849,#8850,#8851));
#1776=EDGE_LOOP('',(#8852,#8853,#8854,#8855));
#1777=EDGE_LOOP('',(#8856,#8857,#8858));
#1778=EDGE_LOOP('',(#8859,#8860,#8861,#8862));
#1779=EDGE_LOOP('',(#8863,#8864,#8865,#8866));
#1780=EDGE_LOOP('',(#8867,#8868,#8869,#8870));
#1781=EDGE_LOOP('',(#8871,#8872,#8873,#8874));
#1782=EDGE_LOOP('',(#8875,#8876,#8877,#8878));
#1783=EDGE_LOOP('',(#8879,#8880,#8881,#8882));
#1784=EDGE_LOOP('',(#8883,#8884,#8885,#8886));
#1785=EDGE_LOOP('',(#8887,#8888,#8889,#8890));
#1786=EDGE_LOOP('',(#8891,#8892,#8893,#8894));
#1787=EDGE_LOOP('',(#8895,#8896,#8897,#8898));
#1788=EDGE_LOOP('',(#8899,#8900,#8901,#8902));
#1789=EDGE_LOOP('',(#8903,#8904,#8905,#8906));
#1790=EDGE_LOOP('',(#8907,#8908,#8909,#8910));
#1791=EDGE_LOOP('',(#8911,#8912,#8913));
#1792=EDGE_LOOP('',(#8914,#8915,#8916,#8917));
#1793=EDGE_LOOP('',(#8918,#8919,#8920,#8921));
#1794=EDGE_LOOP('',(#8922,#8923,#8924,#8925,#8926,#8927));
#1795=EDGE_LOOP('',(#8928));
#1796=EDGE_LOOP('',(#8929,#8930,#8931,#8932,#8933));
#1797=EDGE_LOOP('',(#8934,#8935,#8936));
#1798=EDGE_LOOP('',(#8937,#8938,#8939,#8940));
#1799=EDGE_LOOP('',(#8941,#8942,#8943,#8944));
#1800=EDGE_LOOP('',(#8945,#8946,#8947,#8948));
#1801=EDGE_LOOP('',(#8949,#8950,#8951,#8952,#8953,#8954));
#1802=EDGE_LOOP('',(#8955));
#1803=EDGE_LOOP('',(#8956,#8957,#8958,#8959));
#1804=EDGE_LOOP('',(#8960,#8961,#8962,#8963));
#1805=EDGE_LOOP('',(#8964,#8965,#8966,#8967,#8968,#8969,#8970,#8971));
#1806=EDGE_LOOP('',(#8972,#8973,#8974,#8975,#8976,#8977,#8978,#8979));
#1807=EDGE_LOOP('',(#8980,#8981,#8982,#8983,#8984));
#1808=EDGE_LOOP('',(#8985,#8986,#8987));
#1809=EDGE_LOOP('',(#8988,#8989,#8990,#8991));
#1810=EDGE_LOOP('',(#8992,#8993,#8994,#8995));
#1811=EDGE_LOOP('',(#8996,#8997,#8998,#8999,#9000,#9001));
#1812=EDGE_LOOP('',(#9002));
#1813=EDGE_LOOP('',(#9003,#9004,#9005,#9006,#9007));
#1814=EDGE_LOOP('',(#9008,#9009,#9010));
#1815=EDGE_LOOP('',(#9011,#9012,#9013,#9014));
#1816=EDGE_LOOP('',(#9015,#9016,#9017,#9018));
#1817=EDGE_LOOP('',(#9019,#9020,#9021,#9022));
#1818=EDGE_LOOP('',(#9023,#9024,#9025,#9026,#9027,#9028));
#1819=EDGE_LOOP('',(#9029));
#1820=EDGE_LOOP('',(#9030,#9031,#9032,#9033));
#1821=EDGE_LOOP('',(#9034,#9035,#9036,#9037));
#1822=EDGE_LOOP('',(#9038,#9039,#9040,#9041,#9042,#9043,#9044,#9045));
#1823=EDGE_LOOP('',(#9046,#9047,#9048,#9049,#9050,#9051,#9052,#9053));
#1824=EDGE_LOOP('',(#9054,#9055,#9056,#9057,#9058));
#1825=EDGE_LOOP('',(#9059,#9060,#9061));
#1826=EDGE_LOOP('',(#9062,#9063,#9064,#9065));
#1827=EDGE_LOOP('',(#9066,#9067,#9068,#9069));
#1828=EDGE_LOOP('',(#9070,#9071,#9072,#9073,#9074,#9075));
#1829=EDGE_LOOP('',(#9076));
#1830=EDGE_LOOP('',(#9077,#9078,#9079,#9080,#9081));
#1831=EDGE_LOOP('',(#9082,#9083,#9084));
#1832=EDGE_LOOP('',(#9085,#9086,#9087,#9088));
#1833=EDGE_LOOP('',(#9089,#9090,#9091,#9092));
#1834=EDGE_LOOP('',(#9093,#9094,#9095,#9096));
#1835=EDGE_LOOP('',(#9097,#9098,#9099,#9100,#9101,#9102));
#1836=EDGE_LOOP('',(#9103));
#1837=EDGE_LOOP('',(#9104,#9105,#9106,#9107));
#1838=EDGE_LOOP('',(#9108,#9109,#9110,#9111));
#1839=EDGE_LOOP('',(#9112,#9113,#9114,#9115,#9116,#9117,#9118,#9119));
#1840=EDGE_LOOP('',(#9120,#9121,#9122,#9123,#9124,#9125,#9126,#9127));
#1841=EDGE_LOOP('',(#9128,#9129,#9130,#9131,#9132));
#1842=EDGE_LOOP('',(#9133,#9134,#9135));
#1843=EDGE_LOOP('',(#9136,#9137,#9138,#9139,#9140));
#1844=EDGE_LOOP('',(#9141,#9142,#9143));
#1845=EDGE_LOOP('',(#9144,#9145,#9146));
#1846=EDGE_LOOP('',(#9147,#9148,#9149,#9150));
#1847=EDGE_LOOP('',(#9151,#9152,#9153,#9154,#9155));
#1848=EDGE_LOOP('',(#9156,#9157,#9158));
#1849=EDGE_LOOP('',(#9159,#9160,#9161,#9162));
#1850=EDGE_LOOP('',(#9163,#9164,#9165));
#1851=EDGE_LOOP('',(#9166,#9167,#9168,#9169));
#1852=EDGE_LOOP('',(#9170,#9171,#9172,#9173));
#1853=EDGE_LOOP('',(#9174,#9175,#9176));
#1854=EDGE_LOOP('',(#9177,#9178,#9179,#9180));
#1855=EDGE_LOOP('',(#9181,#9182,#9183,#9184));
#1856=EDGE_LOOP('',(#9185,#9186,#9187,#9188));
#1857=EDGE_LOOP('',(#9189,#9190,#9191,#9192));
#1858=EDGE_LOOP('',(#9193,#9194,#9195,#9196));
#1859=EDGE_LOOP('',(#9197,#9198,#9199,#9200));
#1860=EDGE_LOOP('',(#9201,#9202,#9203,#9204));
#1861=EDGE_LOOP('',(#9205,#9206,#9207,#9208));
#1862=EDGE_LOOP('',(#9209,#9210,#9211,#9212));
#1863=EDGE_LOOP('',(#9213,#9214,#9215,#9216));
#1864=EDGE_LOOP('',(#9217,#9218,#9219,#9220,#9221,#9222));
#1865=EDGE_LOOP('',(#9223,#9224,#9225));
#1866=EDGE_LOOP('',(#9226,#9227,#9228,#9229,#9230));
#1867=EDGE_LOOP('',(#9231,#9232,#9233));
#1868=EDGE_LOOP('',(#9234,#9235,#9236));
#1869=EDGE_LOOP('',(#9237,#9238,#9239,#9240));
#1870=EDGE_LOOP('',(#9241,#9242,#9243,#9244,#9245));
#1871=EDGE_LOOP('',(#9246,#9247,#9248));
#1872=EDGE_LOOP('',(#9249,#9250,#9251,#9252));
#1873=EDGE_LOOP('',(#9253,#9254,#9255));
#1874=EDGE_LOOP('',(#9256,#9257,#9258,#9259));
#1875=EDGE_LOOP('',(#9260,#9261,#9262,#9263));
#1876=EDGE_LOOP('',(#9264,#9265,#9266));
#1877=EDGE_LOOP('',(#9267,#9268,#9269,#9270));
#1878=EDGE_LOOP('',(#9271,#9272,#9273,#9274));
#1879=EDGE_LOOP('',(#9275,#9276,#9277,#9278));
#1880=EDGE_LOOP('',(#9279,#9280,#9281,#9282));
#1881=EDGE_LOOP('',(#9283,#9284,#9285,#9286));
#1882=EDGE_LOOP('',(#9287,#9288,#9289,#9290));
#1883=EDGE_LOOP('',(#9291,#9292,#9293,#9294));
#1884=EDGE_LOOP('',(#9295,#9296,#9297,#9298));
#1885=EDGE_LOOP('',(#9299,#9300,#9301,#9302));
#1886=EDGE_LOOP('',(#9303,#9304,#9305,#9306));
#1887=EDGE_LOOP('',(#9307,#9308,#9309,#9310,#9311,#9312));
#1888=EDGE_LOOP('',(#9313,#9314,#9315));
#1889=EDGE_LOOP('',(#9316,#9317,#9318,#9319,#9320));
#1890=EDGE_LOOP('',(#9321,#9322,#9323));
#1891=EDGE_LOOP('',(#9324,#9325,#9326));
#1892=EDGE_LOOP('',(#9327,#9328,#9329,#9330));
#1893=EDGE_LOOP('',(#9331,#9332,#9333,#9334,#9335));
#1894=EDGE_LOOP('',(#9336,#9337,#9338));
#1895=EDGE_LOOP('',(#9339,#9340,#9341,#9342));
#1896=EDGE_LOOP('',(#9343,#9344,#9345));
#1897=EDGE_LOOP('',(#9346,#9347,#9348,#9349));
#1898=EDGE_LOOP('',(#9350,#9351,#9352,#9353));
#1899=EDGE_LOOP('',(#9354,#9355,#9356));
#1900=EDGE_LOOP('',(#9357,#9358,#9359,#9360));
#1901=EDGE_LOOP('',(#9361,#9362,#9363,#9364));
#1902=EDGE_LOOP('',(#9365,#9366,#9367,#9368));
#1903=EDGE_LOOP('',(#9369,#9370,#9371,#9372));
#1904=EDGE_LOOP('',(#9373,#9374,#9375,#9376));
#1905=EDGE_LOOP('',(#9377,#9378,#9379,#9380));
#1906=EDGE_LOOP('',(#9381,#9382,#9383,#9384));
#1907=EDGE_LOOP('',(#9385,#9386,#9387,#9388));
#1908=EDGE_LOOP('',(#9389,#9390,#9391,#9392));
#1909=EDGE_LOOP('',(#9393,#9394,#9395,#9396));
#1910=EDGE_LOOP('',(#9397,#9398,#9399,#9400,#9401,#9402));
#1911=EDGE_LOOP('',(#9403,#9404,#9405));
#1912=EDGE_LOOP('',(#9406,#9407,#9408,#9409,#9410,#9411));
#1913=EDGE_LOOP('',(#9412));
#1914=EDGE_LOOP('',(#9413,#9414,#9415,#9416));
#1915=EDGE_LOOP('',(#9417,#9418,#9419,#9420));
#1916=EDGE_LOOP('',(#9421,#9422,#9423,#9424,#9425));
#1917=EDGE_LOOP('',(#9426,#9427,#9428,#9429));
#1918=EDGE_LOOP('',(#9430,#9431,#9432));
#1919=EDGE_LOOP('',(#9433,#9434,#9435,#9436));
#1920=EDGE_LOOP('',(#9437,#9438,#9439,#9440,#9441,#9442));
#1921=EDGE_LOOP('',(#9443));
#1922=EDGE_LOOP('',(#9444,#9445,#9446,#9447,#9448,#9449,#9450,#9451));
#1923=EDGE_LOOP('',(#9452,#9453,#9454,#9455));
#1924=EDGE_LOOP('',(#9456,#9457,#9458,#9459));
#1925=EDGE_LOOP('',(#9460,#9461,#9462,#9463,#9464,#9465,#9466,#9467));
#1926=EDGE_LOOP('',(#9468,#9469,#9470,#9471));
#1927=EDGE_LOOP('',(#9472,#9473,#9474,#9475,#9476));
#1928=EDGE_LOOP('',(#9477,#9478,#9479));
#1929=EDGE_LOOP('',(#9480,#9481,#9482,#9483,#9484,#9485));
#1930=EDGE_LOOP('',(#9486));
#1931=EDGE_LOOP('',(#9487,#9488,#9489,#9490));
#1932=EDGE_LOOP('',(#9491,#9492,#9493,#9494));
#1933=EDGE_LOOP('',(#9495,#9496,#9497,#9498,#9499));
#1934=EDGE_LOOP('',(#9500,#9501,#9502,#9503));
#1935=EDGE_LOOP('',(#9504,#9505,#9506));
#1936=EDGE_LOOP('',(#9507,#9508,#9509,#9510));
#1937=EDGE_LOOP('',(#9511,#9512,#9513,#9514,#9515,#9516));
#1938=EDGE_LOOP('',(#9517));
#1939=EDGE_LOOP('',(#9518,#9519,#9520,#9521,#9522,#9523,#9524,#9525));
#1940=EDGE_LOOP('',(#9526,#9527,#9528,#9529));
#1941=EDGE_LOOP('',(#9530,#9531,#9532,#9533));
#1942=EDGE_LOOP('',(#9534,#9535,#9536,#9537,#9538,#9539,#9540,#9541));
#1943=EDGE_LOOP('',(#9542,#9543,#9544,#9545));
#1944=EDGE_LOOP('',(#9546,#9547,#9548,#9549,#9550));
#1945=EDGE_LOOP('',(#9551,#9552,#9553));
#1946=EDGE_LOOP('',(#9554,#9555,#9556,#9557,#9558,#9559));
#1947=EDGE_LOOP('',(#9560));
#1948=EDGE_LOOP('',(#9561,#9562,#9563,#9564));
#1949=EDGE_LOOP('',(#9565,#9566,#9567,#9568));
#1950=EDGE_LOOP('',(#9569,#9570,#9571,#9572,#9573));
#1951=EDGE_LOOP('',(#9574,#9575,#9576,#9577));
#1952=EDGE_LOOP('',(#9578,#9579,#9580));
#1953=EDGE_LOOP('',(#9581,#9582,#9583,#9584));
#1954=EDGE_LOOP('',(#9585,#9586,#9587,#9588,#9589,#9590));
#1955=EDGE_LOOP('',(#9591));
#1956=EDGE_LOOP('',(#9592,#9593,#9594,#9595,#9596,#9597,#9598,#9599));
#1957=EDGE_LOOP('',(#9600,#9601,#9602,#9603));
#1958=EDGE_LOOP('',(#9604,#9605,#9606,#9607));
#1959=EDGE_LOOP('',(#9608,#9609,#9610,#9611,#9612,#9613,#9614,#9615));
#1960=EDGE_LOOP('',(#9616,#9617,#9618,#9619));
#1961=EDGE_LOOP('',(#9620,#9621,#9622,#9623,#9624));
#1962=EDGE_LOOP('',(#9625,#9626,#9627));
#1963=EDGE_LOOP('',(#9628,#9629,#9630,#9631));
#1964=EDGE_LOOP('',(#9632,#9633,#9634,#9635));
#1965=EDGE_LOOP('',(#9636,#9637,#9638,#9639,#9640,#9641));
#1966=EDGE_LOOP('',(#9642));
#1967=EDGE_LOOP('',(#9643,#9644,#9645,#9646,#9647));
#1968=EDGE_LOOP('',(#9648,#9649,#9650));
#1969=EDGE_LOOP('',(#9651,#9652,#9653,#9654));
#1970=EDGE_LOOP('',(#9655,#9656,#9657,#9658));
#1971=EDGE_LOOP('',(#9659,#9660,#9661,#9662,#9663,#9664,#9665,#9666));
#1972=EDGE_LOOP('',(#9667,#9668,#9669,#9670));
#1973=EDGE_LOOP('',(#9671,#9672,#9673,#9674));
#1974=EDGE_LOOP('',(#9675,#9676,#9677,#9678,#9679,#9680,#9681,#9682));
#1975=EDGE_LOOP('',(#9683,#9684,#9685,#9686));
#1976=EDGE_LOOP('',(#9687,#9688,#9689,#9690,#9691,#9692));
#1977=EDGE_LOOP('',(#9693));
#1978=EDGE_LOOP('',(#9694,#9695,#9696,#9697,#9698));
#1979=EDGE_LOOP('',(#9699,#9700,#9701));
#1980=EDGE_LOOP('',(#9702,#9703,#9704,#9705));
#1981=EDGE_LOOP('',(#9706,#9707,#9708,#9709));
#1982=EDGE_LOOP('',(#9710,#9711,#9712,#9713,#9714,#9715));
#1983=EDGE_LOOP('',(#9716));
#1984=EDGE_LOOP('',(#9717,#9718,#9719,#9720,#9721));
#1985=EDGE_LOOP('',(#9722,#9723,#9724));
#1986=EDGE_LOOP('',(#9725,#9726,#9727,#9728));
#1987=EDGE_LOOP('',(#9729,#9730,#9731,#9732));
#1988=EDGE_LOOP('',(#9733,#9734,#9735,#9736,#9737,#9738,#9739,#9740));
#1989=EDGE_LOOP('',(#9741,#9742,#9743,#9744));
#1990=EDGE_LOOP('',(#9745,#9746,#9747,#9748));
#1991=EDGE_LOOP('',(#9749,#9750,#9751,#9752,#9753,#9754,#9755,#9756));
#1992=EDGE_LOOP('',(#9757,#9758,#9759,#9760));
#1993=EDGE_LOOP('',(#9761,#9762,#9763,#9764,#9765,#9766));
#1994=EDGE_LOOP('',(#9767));
#1995=EDGE_LOOP('',(#9768,#9769,#9770,#9771,#9772));
#1996=EDGE_LOOP('',(#9773,#9774,#9775));
#1997=EDGE_LOOP('',(#9776,#9777,#9778,#9779));
#1998=EDGE_LOOP('',(#9780,#9781,#9782,#9783));
#1999=EDGE_LOOP('',(#9784,#9785,#9786,#9787,#9788,#9789));
#2000=EDGE_LOOP('',(#9790));
#2001=EDGE_LOOP('',(#9791,#9792,#9793,#9794,#9795));
#2002=EDGE_LOOP('',(#9796,#9797,#9798));
#2003=EDGE_LOOP('',(#9799,#9800,#9801,#9802));
#2004=EDGE_LOOP('',(#9803,#9804,#9805,#9806));
#2005=EDGE_LOOP('',(#9807,#9808,#9809,#9810,#9811,#9812,#9813,#9814));
#2006=EDGE_LOOP('',(#9815,#9816,#9817,#9818));
#2007=EDGE_LOOP('',(#9819,#9820,#9821,#9822));
#2008=EDGE_LOOP('',(#9823,#9824,#9825,#9826,#9827,#9828,#9829,#9830));
#2009=EDGE_LOOP('',(#9831,#9832,#9833,#9834));
#2010=EDGE_LOOP('',(#9835,#9836,#9837,#9838,#9839,#9840));
#2011=EDGE_LOOP('',(#9841));
#2012=EDGE_LOOP('',(#9842,#9843,#9844,#9845,#9846));
#2013=EDGE_LOOP('',(#9847,#9848,#9849));
#2014=EDGE_LOOP('',(#9850,#9851,#9852,#9853,#9854,#9855));
#2015=EDGE_LOOP('',(#9856));
#2016=EDGE_LOOP('',(#9857,#9858,#9859,#9860));
#2017=EDGE_LOOP('',(#9861,#9862,#9863,#9864));
#2018=EDGE_LOOP('',(#9865,#9866,#9867,#9868,#9869));
#2019=EDGE_LOOP('',(#9870,#9871,#9872,#9873));
#2020=EDGE_LOOP('',(#9874,#9875,#9876));
#2021=EDGE_LOOP('',(#9877,#9878,#9879,#9880));
#2022=EDGE_LOOP('',(#9881,#9882,#9883,#9884,#9885,#9886));
#2023=EDGE_LOOP('',(#9887));
#2024=EDGE_LOOP('',(#9888,#9889,#9890,#9891,#9892,#9893,#9894,#9895));
#2025=EDGE_LOOP('',(#9896,#9897,#9898,#9899));
#2026=EDGE_LOOP('',(#9900,#9901,#9902,#9903));
#2027=EDGE_LOOP('',(#9904,#9905,#9906,#9907,#9908,#9909,#9910,#9911));
#2028=EDGE_LOOP('',(#9912,#9913,#9914,#9915));
#2029=EDGE_LOOP('',(#9916,#9917,#9918,#9919,#9920));
#2030=EDGE_LOOP('',(#9921,#9922,#9923));
#2031=EDGE_LOOP('',(#9924,#9925,#9926,#9927,#9928,#9929));
#2032=EDGE_LOOP('',(#9930));
#2033=EDGE_LOOP('',(#9931,#9932,#9933,#9934));
#2034=EDGE_LOOP('',(#9935,#9936,#9937,#9938));
#2035=EDGE_LOOP('',(#9939,#9940,#9941,#9942,#9943));
#2036=EDGE_LOOP('',(#9944,#9945,#9946,#9947));
#2037=EDGE_LOOP('',(#9948,#9949,#9950));
#2038=EDGE_LOOP('',(#9951,#9952,#9953,#9954));
#2039=EDGE_LOOP('',(#9955,#9956,#9957,#9958,#9959,#9960));
#2040=EDGE_LOOP('',(#9961));
#2041=EDGE_LOOP('',(#9962,#9963,#9964,#9965,#9966,#9967,#9968,#9969));
#2042=EDGE_LOOP('',(#9970,#9971,#9972,#9973));
#2043=EDGE_LOOP('',(#9974,#9975,#9976,#9977));
#2044=EDGE_LOOP('',(#9978,#9979,#9980,#9981,#9982,#9983,#9984,#9985));
#2045=EDGE_LOOP('',(#9986,#9987,#9988,#9989));
#2046=EDGE_LOOP('',(#9990,#9991,#9992,#9993,#9994));
#2047=EDGE_LOOP('',(#9995,#9996,#9997));
#2048=EDGE_LOOP('',(#9998,#9999,#10000,#10001,#10002,#10003));
#2049=EDGE_LOOP('',(#10004));
#2050=EDGE_LOOP('',(#10005,#10006,#10007,#10008));
#2051=EDGE_LOOP('',(#10009,#10010,#10011,#10012));
#2052=EDGE_LOOP('',(#10013,#10014,#10015,#10016,#10017));
#2053=EDGE_LOOP('',(#10018,#10019,#10020,#10021));
#2054=EDGE_LOOP('',(#10022,#10023,#10024));
#2055=EDGE_LOOP('',(#10025,#10026,#10027,#10028));
#2056=EDGE_LOOP('',(#10029,#10030,#10031,#10032,#10033,#10034));
#2057=EDGE_LOOP('',(#10035));
#2058=EDGE_LOOP('',(#10036,#10037,#10038,#10039,#10040,#10041,#10042,#10043));
#2059=EDGE_LOOP('',(#10044,#10045,#10046,#10047));
#2060=EDGE_LOOP('',(#10048,#10049,#10050,#10051));
#2061=EDGE_LOOP('',(#10052,#10053,#10054,#10055,#10056,#10057,#10058,#10059));
#2062=EDGE_LOOP('',(#10060,#10061,#10062,#10063));
#2063=EDGE_LOOP('',(#10064,#10065,#10066,#10067,#10068));
#2064=EDGE_LOOP('',(#10069,#10070,#10071));
#2065=EDGE_LOOP('',(#10072,#10073,#10074,#10075,#10076));
#2066=EDGE_LOOP('',(#10077));
#2067=EDGE_LOOP('',(#10078,#10079,#10080));
#2068=EDGE_LOOP('',(#10081,#10082,#10083,#10084));
#2069=EDGE_LOOP('',(#10085,#10086,#10087,#10088));
#2070=EDGE_LOOP('',(#10089,#10090,#10091,#10092));
#2071=EDGE_LOOP('',(#10093,#10094,#10095,#10096));
#2072=EDGE_LOOP('',(#10097,#10098,#10099,#10100));
#2073=EDGE_LOOP('',(#10101,#10102,#10103,#10104,#10105));
#2074=EDGE_LOOP('',(#10106));
#2075=EDGE_LOOP('',(#10107,#10108,#10109));
#2076=EDGE_LOOP('',(#10110,#10111,#10112,#10113,#10114));
#2077=EDGE_LOOP('',(#10115));
#2078=EDGE_LOOP('',(#10116,#10117,#10118));
#2079=EDGE_LOOP('',(#10119,#10120,#10121,#10122));
#2080=EDGE_LOOP('',(#10123,#10124,#10125,#10126));
#2081=EDGE_LOOP('',(#10127,#10128,#10129,#10130));
#2082=EDGE_LOOP('',(#10131,#10132,#10133,#10134));
#2083=EDGE_LOOP('',(#10135,#10136,#10137,#10138));
#2084=EDGE_LOOP('',(#10139,#10140,#10141,#10142,#10143));
#2085=EDGE_LOOP('',(#10144));
#2086=EDGE_LOOP('',(#10145,#10146,#10147));
#2087=EDGE_LOOP('',(#10148,#10149,#10150,#10151,#10152));
#2088=EDGE_LOOP('',(#10153));
#2089=EDGE_LOOP('',(#10154,#10155,#10156));
#2090=EDGE_LOOP('',(#10157,#10158,#10159,#10160));
#2091=EDGE_LOOP('',(#10161,#10162,#10163,#10164));
#2092=EDGE_LOOP('',(#10165,#10166,#10167,#10168));
#2093=EDGE_LOOP('',(#10169,#10170,#10171,#10172));
#2094=EDGE_LOOP('',(#10173,#10174,#10175,#10176));
#2095=EDGE_LOOP('',(#10177,#10178,#10179,#10180,#10181));
#2096=EDGE_LOOP('',(#10182));
#2097=EDGE_LOOP('',(#10183,#10184,#10185));
#2098=EDGE_LOOP('',(#10186,#10187,#10188,#10189,#10190));
#2099=EDGE_LOOP('',(#10191));
#2100=EDGE_LOOP('',(#10192,#10193,#10194));
#2101=EDGE_LOOP('',(#10195,#10196,#10197,#10198));
#2102=EDGE_LOOP('',(#10199,#10200,#10201,#10202));
#2103=EDGE_LOOP('',(#10203,#10204,#10205,#10206));
#2104=EDGE_LOOP('',(#10207,#10208,#10209,#10210));
#2105=EDGE_LOOP('',(#10211,#10212,#10213,#10214));
#2106=EDGE_LOOP('',(#10215,#10216,#10217,#10218,#10219));
#2107=EDGE_LOOP('',(#10220));
#2108=EDGE_LOOP('',(#10221,#10222,#10223));
#2109=EDGE_LOOP('',(#10224,#10225,#10226,#10227,#10228));
#2110=EDGE_LOOP('',(#10229));
#2111=EDGE_LOOP('',(#10230,#10231,#10232));
#2112=EDGE_LOOP('',(#10233,#10234,#10235,#10236));
#2113=EDGE_LOOP('',(#10237,#10238,#10239,#10240));
#2114=EDGE_LOOP('',(#10241,#10242,#10243,#10244));
#2115=EDGE_LOOP('',(#10245,#10246,#10247,#10248));
#2116=EDGE_LOOP('',(#10249,#10250,#10251,#10252));
#2117=EDGE_LOOP('',(#10253,#10254,#10255,#10256,#10257));
#2118=EDGE_LOOP('',(#10258));
#2119=EDGE_LOOP('',(#10259,#10260,#10261));
#2120=EDGE_LOOP('',(#10262,#10263,#10264,#10265,#10266));
#2121=EDGE_LOOP('',(#10267));
#2122=EDGE_LOOP('',(#10268,#10269,#10270));
#2123=EDGE_LOOP('',(#10271,#10272,#10273,#10274));
#2124=EDGE_LOOP('',(#10275,#10276,#10277,#10278));
#2125=EDGE_LOOP('',(#10279,#10280,#10281,#10282));
#2126=EDGE_LOOP('',(#10283,#10284,#10285,#10286));
#2127=EDGE_LOOP('',(#10287,#10288,#10289,#10290));
#2128=EDGE_LOOP('',(#10291,#10292,#10293,#10294,#10295));
#2129=EDGE_LOOP('',(#10296));
#2130=EDGE_LOOP('',(#10297,#10298,#10299));
#2131=EDGE_LOOP('',(#10300,#10301,#10302,#10303,#10304));
#2132=EDGE_LOOP('',(#10305,#10306,#10307));
#2133=EDGE_LOOP('',(#10308,#10309,#10310));
#2134=EDGE_LOOP('',(#10311,#10312,#10313,#10314));
#2135=EDGE_LOOP('',(#10315,#10316,#10317,#10318,#10319));
#2136=EDGE_LOOP('',(#10320,#10321,#10322));
#2137=EDGE_LOOP('',(#10323,#10324,#10325,#10326));
#2138=EDGE_LOOP('',(#10327,#10328,#10329));
#2139=EDGE_LOOP('',(#10330,#10331,#10332,#10333));
#2140=EDGE_LOOP('',(#10334,#10335,#10336,#10337));
#2141=EDGE_LOOP('',(#10338,#10339,#10340));
#2142=EDGE_LOOP('',(#10341,#10342,#10343,#10344));
#2143=EDGE_LOOP('',(#10345,#10346,#10347,#10348));
#2144=EDGE_LOOP('',(#10349,#10350,#10351,#10352));
#2145=EDGE_LOOP('',(#10353,#10354,#10355,#10356));
#2146=EDGE_LOOP('',(#10357,#10358,#10359,#10360));
#2147=EDGE_LOOP('',(#10361,#10362,#10363,#10364));
#2148=EDGE_LOOP('',(#10365,#10366,#10367,#10368));
#2149=EDGE_LOOP('',(#10369,#10370,#10371,#10372));
#2150=EDGE_LOOP('',(#10373,#10374,#10375,#10376));
#2151=EDGE_LOOP('',(#10377,#10378,#10379,#10380));
#2152=EDGE_LOOP('',(#10381,#10382,#10383,#10384,#10385,#10386));
#2153=EDGE_LOOP('',(#10387,#10388,#10389));
#2154=EDGE_LOOP('',(#10390,#10391,#10392,#10393,#10394));
#2155=EDGE_LOOP('',(#10395,#10396,#10397));
#2156=EDGE_LOOP('',(#10398,#10399,#10400));
#2157=EDGE_LOOP('',(#10401,#10402,#10403,#10404));
#2158=EDGE_LOOP('',(#10405,#10406,#10407,#10408,#10409));
#2159=EDGE_LOOP('',(#10410,#10411,#10412));
#2160=EDGE_LOOP('',(#10413,#10414,#10415,#10416));
#2161=EDGE_LOOP('',(#10417,#10418,#10419));
#2162=EDGE_LOOP('',(#10420,#10421,#10422,#10423));
#2163=EDGE_LOOP('',(#10424,#10425,#10426,#10427));
#2164=EDGE_LOOP('',(#10428,#10429,#10430));
#2165=EDGE_LOOP('',(#10431,#10432,#10433,#10434));
#2166=EDGE_LOOP('',(#10435,#10436,#10437,#10438));
#2167=EDGE_LOOP('',(#10439,#10440,#10441,#10442));
#2168=EDGE_LOOP('',(#10443,#10444,#10445,#10446));
#2169=EDGE_LOOP('',(#10447,#10448,#10449,#10450));
#2170=EDGE_LOOP('',(#10451,#10452,#10453,#10454));
#2171=EDGE_LOOP('',(#10455,#10456,#10457,#10458));
#2172=EDGE_LOOP('',(#10459,#10460,#10461,#10462));
#2173=EDGE_LOOP('',(#10463,#10464,#10465,#10466));
#2174=EDGE_LOOP('',(#10467,#10468,#10469,#10470));
#2175=EDGE_LOOP('',(#10471,#10472,#10473,#10474,#10475,#10476));
#2176=EDGE_LOOP('',(#10477,#10478,#10479));
#2177=EDGE_LOOP('',(#10480,#10481,#10482,#10483,#10484));
#2178=EDGE_LOOP('',(#10485,#10486,#10487));
#2179=EDGE_LOOP('',(#10488,#10489,#10490));
#2180=EDGE_LOOP('',(#10491,#10492,#10493,#10494));
#2181=EDGE_LOOP('',(#10495,#10496,#10497,#10498,#10499));
#2182=EDGE_LOOP('',(#10500,#10501,#10502));
#2183=EDGE_LOOP('',(#10503,#10504,#10505,#10506));
#2184=EDGE_LOOP('',(#10507,#10508,#10509));
#2185=EDGE_LOOP('',(#10510,#10511,#10512,#10513));
#2186=EDGE_LOOP('',(#10514,#10515,#10516,#10517));
#2187=EDGE_LOOP('',(#10518,#10519,#10520));
#2188=EDGE_LOOP('',(#10521,#10522,#10523,#10524));
#2189=EDGE_LOOP('',(#10525,#10526,#10527,#10528));
#2190=EDGE_LOOP('',(#10529,#10530,#10531,#10532));
#2191=EDGE_LOOP('',(#10533,#10534,#10535,#10536));
#2192=EDGE_LOOP('',(#10537,#10538,#10539,#10540));
#2193=EDGE_LOOP('',(#10541,#10542,#10543,#10544));
#2194=EDGE_LOOP('',(#10545,#10546,#10547,#10548));
#2195=EDGE_LOOP('',(#10549,#10550,#10551,#10552));
#2196=EDGE_LOOP('',(#10553,#10554,#10555,#10556));
#2197=EDGE_LOOP('',(#10557,#10558,#10559,#10560));
#2198=EDGE_LOOP('',(#10561,#10562,#10563,#10564,#10565,#10566));
#2199=CIRCLE('',#11365,1.1917731797793);
#2200=CIRCLE('',#11367,2.);
#2201=CIRCLE('',#11368,2.);
#2202=CIRCLE('',#11371,2.4);
#2203=CIRCLE('',#11374,1.1917731797793);
#2204=CIRCLE('',#11376,2.4);
#2205=CIRCLE('',#11381,2.);
#2206=CIRCLE('',#11382,2.);
#2207=CIRCLE('',#11388,1.4);
#2208=CIRCLE('',#11390,2.4);
#2209=CIRCLE('',#11391,2.4);
#2210=CIRCLE('',#11394,2.);
#2211=CIRCLE('',#11397,1.4);
#2212=CIRCLE('',#11400,2.4);
#2213=CIRCLE('',#11401,2.4);
#2214=CIRCLE('',#11404,2.);
#2215=CIRCLE('',#11411,1.1917731797793);
#2216=CIRCLE('',#11413,2.);
#2217=CIRCLE('',#11414,2.);
#2218=CIRCLE('',#11417,2.4);
#2219=CIRCLE('',#11420,1.1917731797793);
#2220=CIRCLE('',#11422,2.4);
#2221=CIRCLE('',#11427,2.);
#2222=CIRCLE('',#11428,2.);
#2223=CIRCLE('',#11434,1.4);
#2224=CIRCLE('',#11436,2.4);
#2225=CIRCLE('',#11437,2.4);
#2226=CIRCLE('',#11440,2.);
#2227=CIRCLE('',#11443,1.4);
#2228=CIRCLE('',#11446,2.4);
#2229=CIRCLE('',#11447,2.4);
#2230=CIRCLE('',#11450,2.);
#2231=CIRCLE('',#11457,1.1917731797793);
#2232=CIRCLE('',#11459,2.);
#2233=CIRCLE('',#11460,2.);
#2234=CIRCLE('',#11463,2.4);
#2235=CIRCLE('',#11466,1.1917731797793);
#2236=CIRCLE('',#11468,2.4);
#2237=CIRCLE('',#11473,2.);
#2238=CIRCLE('',#11474,2.);
#2239=CIRCLE('',#11480,1.4);
#2240=CIRCLE('',#11482,2.4);
#2241=CIRCLE('',#11483,2.4);
#2242=CIRCLE('',#11486,2.);
#2243=CIRCLE('',#11489,1.4);
#2244=CIRCLE('',#11492,2.4);
#2245=CIRCLE('',#11493,2.4);
#2246=CIRCLE('',#11496,2.);
#2247=CIRCLE('',#11503,1.1917731797793);
#2248=CIRCLE('',#11505,2.);
#2249=CIRCLE('',#11506,2.);
#2250=CIRCLE('',#11509,2.4);
#2251=CIRCLE('',#11512,1.1917731797793);
#2252=CIRCLE('',#11514,2.4);
#2253=CIRCLE('',#11519,2.);
#2254=CIRCLE('',#11520,2.);
#2255=CIRCLE('',#11526,1.4);
#2256=CIRCLE('',#11528,2.4);
#2257=CIRCLE('',#11529,2.4);
#2258=CIRCLE('',#11532,2.);
#2259=CIRCLE('',#11535,1.4);
#2260=CIRCLE('',#11538,2.4);
#2261=CIRCLE('',#11539,2.4);
#2262=CIRCLE('',#11542,2.);
#2263=CIRCLE('',#11603,1.3917731797793);
#2264=CIRCLE('',#11605,2.);
#2265=CIRCLE('',#11607,1.3917731797793);
#2266=CIRCLE('',#11611,2.);
#2267=CIRCLE('',#11616,1.6);
#2268=CIRCLE('',#11618,2.);
#2269=CIRCLE('',#11619,2.4);
#2270=CIRCLE('',#11622,2.);
#2271=CIRCLE('',#11625,2.4);
#2272=CIRCLE('',#11627,1.6);
#2273=CIRCLE('',#11630,2.);
#2274=CIRCLE('',#11636,2.);
#2275=CIRCLE('',#11639,1.1917731797793);
#2276=CIRCLE('',#11641,2.);
#2277=CIRCLE('',#11642,2.);
#2278=CIRCLE('',#11645,2.4);
#2279=CIRCLE('',#11648,1.1917731797793);
#2280=CIRCLE('',#11650,2.4);
#2281=CIRCLE('',#11655,2.);
#2282=CIRCLE('',#11656,2.);
#2283=CIRCLE('',#11662,1.4);
#2284=CIRCLE('',#11664,2.4);
#2285=CIRCLE('',#11665,2.4);
#2286=CIRCLE('',#11668,2.);
#2287=CIRCLE('',#11671,1.4);
#2288=CIRCLE('',#11674,2.4);
#2289=CIRCLE('',#11675,2.4);
#2290=CIRCLE('',#11678,2.);
#2291=CIRCLE('',#11685,1.6);
#2292=CIRCLE('',#11687,2.4);
#2293=CIRCLE('',#11688,2.);
#2294=CIRCLE('',#11691,2.);
#2295=CIRCLE('',#11694,2.4);
#2296=CIRCLE('',#11696,1.6);
#2297=CIRCLE('',#11699,2.);
#2298=CIRCLE('',#11705,2.);
#2299=CIRCLE('',#11731,1.3917731797793);
#2300=CIRCLE('',#11733,2.);
#2301=CIRCLE('',#11735,1.3917731797793);
#2302=CIRCLE('',#11739,2.);
#2303=CIRCLE('',#11775,1.4);
#2304=CIRCLE('',#11777,2.4);
#2305=CIRCLE('',#11778,2.4);
#2306=CIRCLE('',#11781,2.);
#2307=CIRCLE('',#11784,1.4);
#2308=CIRCLE('',#11787,2.4);
#2309=CIRCLE('',#11788,2.4);
#2310=CIRCLE('',#11791,2.);
#2311=CIRCLE('',#11798,1.4);
#2312=CIRCLE('',#11800,2.4);
#2313=CIRCLE('',#11801,2.4);
#2314=CIRCLE('',#11804,2.);
#2315=CIRCLE('',#11807,1.4);
#2316=CIRCLE('',#11810,2.4);
#2317=CIRCLE('',#11811,2.4);
#2318=CIRCLE('',#11814,2.);
#2319=CIRCLE('',#11821,1.4);
#2320=CIRCLE('',#11823,2.4);
#2321=CIRCLE('',#11824,2.4);
#2322=CIRCLE('',#11827,2.);
#2323=CIRCLE('',#11830,1.4);
#2324=CIRCLE('',#11833,2.4);
#2325=CIRCLE('',#11834,2.4);
#2326=CIRCLE('',#11837,2.);
#2327=CIRCLE('',#11913,1.6);
#2328=CIRCLE('',#11915,2.);
#2329=CIRCLE('',#11916,2.4);
#2330=CIRCLE('',#11919,2.);
#2331=CIRCLE('',#11922,2.4);
#2332=CIRCLE('',#11924,1.6);
#2333=CIRCLE('',#11927,2.);
#2334=CIRCLE('',#11933,2.);
#2335=CIRCLE('',#11936,1.6);
#2336=CIRCLE('',#11938,2.);
#2337=CIRCLE('',#11939,2.4);
#2338=CIRCLE('',#11942,2.);
#2339=CIRCLE('',#11945,2.4);
#2340=CIRCLE('',#11947,1.6);
#2341=CIRCLE('',#11950,2.);
#2342=CIRCLE('',#11956,2.);
#2343=CIRCLE('',#11959,1.6);
#2344=CIRCLE('',#11961,2.);
#2345=CIRCLE('',#11962,2.4);
#2346=CIRCLE('',#11965,2.);
#2347=CIRCLE('',#11968,2.4);
#2348=CIRCLE('',#11970,1.6);
#2349=CIRCLE('',#11973,2.);
#2350=CIRCLE('',#11979,2.);
#2351=CIRCLE('',#11982,1.1917731797793);
#2352=CIRCLE('',#11984,2.);
#2353=CIRCLE('',#11985,2.);
#2354=CIRCLE('',#11988,2.4);
#2355=CIRCLE('',#11991,1.1917731797793);
#2356=CIRCLE('',#11993,2.4);
#2357=CIRCLE('',#11998,2.);
#2358=CIRCLE('',#11999,2.);
#2359=CIRCLE('',#12005,1.1917731797793);
#2360=CIRCLE('',#12007,2.);
#2361=CIRCLE('',#12008,2.);
#2362=CIRCLE('',#12011,2.4);
#2363=CIRCLE('',#12014,1.1917731797793);
#2364=CIRCLE('',#12016,2.4);
#2365=CIRCLE('',#12021,2.);
#2366=CIRCLE('',#12022,2.);
#2367=CIRCLE('',#12028,1.1917731797793);
#2368=CIRCLE('',#12030,2.);
#2369=CIRCLE('',#12031,2.);
#2370=CIRCLE('',#12034,2.4);
#2371=CIRCLE('',#12037,1.1917731797793);
#2372=CIRCLE('',#12039,2.4);
#2373=CIRCLE('',#12044,2.);
#2374=CIRCLE('',#12045,2.);
#2375=CIRCLE('',#12051,1.6);
#2376=CIRCLE('',#12053,2.4);
#2377=CIRCLE('',#12054,2.);
#2378=CIRCLE('',#12057,2.);
#2379=CIRCLE('',#12060,2.4);
#2380=CIRCLE('',#12062,1.6);
#2381=CIRCLE('',#12065,2.);
#2382=CIRCLE('',#12071,2.);
#2383=CIRCLE('',#12074,1.6);
#2384=CIRCLE('',#12076,2.4);
#2385=CIRCLE('',#12077,2.);
#2386=CIRCLE('',#12080,2.);
#2387=CIRCLE('',#12083,2.4);
#2388=CIRCLE('',#12085,1.6);
#2389=CIRCLE('',#12088,2.);
#2390=CIRCLE('',#12094,2.);
#2391=CIRCLE('',#12097,1.6);
#2392=CIRCLE('',#12099,2.4);
#2393=CIRCLE('',#12100,2.);
#2394=CIRCLE('',#12103,2.);
#2395=CIRCLE('',#12106,2.4);
#2396=CIRCLE('',#12108,1.6);
#2397=CIRCLE('',#12111,2.);
#2398=CIRCLE('',#12117,2.);
#2399=CIRCLE('',#12120,1.3917731797793);
#2400=CIRCLE('',#12122,2.);
#2401=CIRCLE('',#12124,1.3917731797793);
#2402=CIRCLE('',#12128,2.);
#2403=CIRCLE('',#12133,1.3917731797793);
#2404=CIRCLE('',#12135,2.);
#2405=CIRCLE('',#12137,1.3917731797793);
#2406=CIRCLE('',#12141,2.);
#2407=CIRCLE('',#12146,1.3917731797793);
#2408=CIRCLE('',#12148,2.);
#2409=CIRCLE('',#12150,1.3917731797793);
#2410=CIRCLE('',#12154,2.);
#2411=CIRCLE('',#12159,1.3917731797793);
#2412=CIRCLE('',#12161,2.);
#2413=CIRCLE('',#12163,1.3917731797793);
#2414=CIRCLE('',#12167,2.);
#2415=CIRCLE('',#12172,1.3917731797793);
#2416=CIRCLE('',#12174,2.);
#2417=CIRCLE('',#12176,1.3917731797793);
#2418=CIRCLE('',#12180,2.);
#2419=CIRCLE('',#12185,1.3917731797793);
#2420=CIRCLE('',#12187,2.);
#2421=CIRCLE('',#12189,1.3917731797793);
#2422=CIRCLE('',#12193,2.);
#2423=LINE('',#15372,#3719);
#2424=LINE('',#15379,#3720);
#2425=LINE('',#15382,#3721);
#2426=LINE('',#15385,#3722);
#2427=LINE('',#15387,#3723);
#2428=LINE('',#15388,#3724);
#2429=LINE('',#15391,#3725);
#2430=LINE('',#15395,#3726);
#2431=LINE('',#15396,#3727);
#2432=LINE('',#15399,#3728);
#2433=LINE('',#15401,#3729);
#2434=LINE('',#15402,#3730);
#2435=LINE('',#15406,#3731);
#2436=LINE('',#15410,#3732);
#2437=LINE('',#15412,#3733);
#2438=LINE('',#15416,#3734);
#2439=LINE('',#15417,#3735);
#2440=LINE('',#15421,#3736);
#2441=LINE('',#15423,#3737);
#2442=LINE('',#15424,#3738);
#2443=LINE('',#15425,#3739);
#2444=LINE('',#15428,#3740);
#2445=LINE('',#15429,#3741);
#2446=LINE('',#15434,#3742);
#2447=LINE('',#15438,#3743);
#2448=LINE('',#15440,#3744);
#2449=LINE('',#15441,#3745);
#2450=LINE('',#15443,#3746);
#2451=LINE('',#15444,#3747);
#2452=LINE('',#15451,#3748);
#2453=LINE('',#15455,#3749);
#2454=LINE('',#15459,#3750);
#2455=LINE('',#15463,#3751);
#2456=LINE('',#15465,#3752);
#2457=LINE('',#15466,#3753);
#2458=LINE('',#15469,#3754);
#2459=LINE('',#15471,#3755);
#2460=LINE('',#15474,#3756);
#2461=LINE('',#15477,#3757);
#2462=LINE('',#15479,#3758);
#2463=LINE('',#15480,#3759);
#2464=LINE('',#15485,#3760);
#2465=LINE('',#15489,#3761);
#2466=LINE('',#15490,#3762);
#2467=LINE('',#15491,#3763);
#2468=LINE('',#15495,#3764);
#2469=LINE('',#15499,#3765);
#2470=LINE('',#15503,#3766);
#2471=LINE('',#15505,#3767);
#2472=LINE('',#15506,#3768);
#2473=LINE('',#15509,#3769);
#2474=LINE('',#15511,#3770);
#2475=LINE('',#15513,#3771);
#2476=LINE('',#15517,#3772);
#2477=LINE('',#15518,#3773);
#2478=LINE('',#15519,#3774);
#2479=LINE('',#15521,#3775);
#2480=LINE('',#15523,#3776);
#2481=LINE('',#15528,#3777);
#2482=LINE('',#15535,#3778);
#2483=LINE('',#15538,#3779);
#2484=LINE('',#15541,#3780);
#2485=LINE('',#15543,#3781);
#2486=LINE('',#15544,#3782);
#2487=LINE('',#15547,#3783);
#2488=LINE('',#15549,#3784);
#2489=LINE('',#15552,#3785);
#2490=LINE('',#15555,#3786);
#2491=LINE('',#15557,#3787);
#2492=LINE('',#15558,#3788);
#2493=LINE('',#15562,#3789);
#2494=LINE('',#15566,#3790);
#2495=LINE('',#15569,#3791);
#2496=LINE('',#15572,#3792);
#2497=LINE('',#15573,#3793);
#2498=LINE('',#15577,#3794);
#2499=LINE('',#15578,#3795);
#2500=LINE('',#15580,#3796);
#2501=LINE('',#15581,#3797);
#2502=LINE('',#15584,#3798);
#2503=LINE('',#15585,#3799);
#2504=LINE('',#15591,#3800);
#2505=LINE('',#15594,#3801);
#2506=LINE('',#15596,#3802);
#2507=LINE('',#15597,#3803);
#2508=LINE('',#15599,#3804);
#2509=LINE('',#15600,#3805);
#2510=LINE('',#15607,#3806);
#2511=LINE('',#15611,#3807);
#2512=LINE('',#15615,#3808);
#2513=LINE('',#15619,#3809);
#2514=LINE('',#15621,#3810);
#2515=LINE('',#15622,#3811);
#2516=LINE('',#15625,#3812);
#2517=LINE('',#15629,#3813);
#2518=LINE('',#15630,#3814);
#2519=LINE('',#15633,#3815);
#2520=LINE('',#15635,#3816);
#2521=LINE('',#15636,#3817);
#2522=LINE('',#15641,#3818);
#2523=LINE('',#15645,#3819);
#2524=LINE('',#15646,#3820);
#2525=LINE('',#15647,#3821);
#2526=LINE('',#15651,#3822);
#2527=LINE('',#15655,#3823);
#2528=LINE('',#15659,#3824);
#2529=LINE('',#15661,#3825);
#2530=LINE('',#15662,#3826);
#2531=LINE('',#15664,#3827);
#2532=LINE('',#15667,#3828);
#2533=LINE('',#15669,#3829);
#2534=LINE('',#15673,#3830);
#2535=LINE('',#15674,#3831);
#2536=LINE('',#15675,#3832);
#2537=LINE('',#15677,#3833);
#2538=LINE('',#15679,#3834);
#2539=LINE('',#15684,#3835);
#2540=LINE('',#15691,#3836);
#2541=LINE('',#15694,#3837);
#2542=LINE('',#15697,#3838);
#2543=LINE('',#15699,#3839);
#2544=LINE('',#15700,#3840);
#2545=LINE('',#15703,#3841);
#2546=LINE('',#15707,#3842);
#2547=LINE('',#15708,#3843);
#2548=LINE('',#15711,#3844);
#2549=LINE('',#15713,#3845);
#2550=LINE('',#15714,#3846);
#2551=LINE('',#15718,#3847);
#2552=LINE('',#15722,#3848);
#2553=LINE('',#15724,#3849);
#2554=LINE('',#15728,#3850);
#2555=LINE('',#15729,#3851);
#2556=LINE('',#15733,#3852);
#2557=LINE('',#15735,#3853);
#2558=LINE('',#15736,#3854);
#2559=LINE('',#15737,#3855);
#2560=LINE('',#15740,#3856);
#2561=LINE('',#15741,#3857);
#2562=LINE('',#15746,#3858);
#2563=LINE('',#15750,#3859);
#2564=LINE('',#15752,#3860);
#2565=LINE('',#15753,#3861);
#2566=LINE('',#15755,#3862);
#2567=LINE('',#15756,#3863);
#2568=LINE('',#15763,#3864);
#2569=LINE('',#15767,#3865);
#2570=LINE('',#15771,#3866);
#2571=LINE('',#15775,#3867);
#2572=LINE('',#15777,#3868);
#2573=LINE('',#15778,#3869);
#2574=LINE('',#15781,#3870);
#2575=LINE('',#15783,#3871);
#2576=LINE('',#15786,#3872);
#2577=LINE('',#15789,#3873);
#2578=LINE('',#15791,#3874);
#2579=LINE('',#15792,#3875);
#2580=LINE('',#15797,#3876);
#2581=LINE('',#15801,#3877);
#2582=LINE('',#15802,#3878);
#2583=LINE('',#15803,#3879);
#2584=LINE('',#15807,#3880);
#2585=LINE('',#15811,#3881);
#2586=LINE('',#15815,#3882);
#2587=LINE('',#15817,#3883);
#2588=LINE('',#15818,#3884);
#2589=LINE('',#15821,#3885);
#2590=LINE('',#15823,#3886);
#2591=LINE('',#15825,#3887);
#2592=LINE('',#15829,#3888);
#2593=LINE('',#15830,#3889);
#2594=LINE('',#15831,#3890);
#2595=LINE('',#15833,#3891);
#2596=LINE('',#15835,#3892);
#2597=LINE('',#15840,#3893);
#2598=LINE('',#15847,#3894);
#2599=LINE('',#15850,#3895);
#2600=LINE('',#15853,#3896);
#2601=LINE('',#15855,#3897);
#2602=LINE('',#15856,#3898);
#2603=LINE('',#15859,#3899);
#2604=LINE('',#15861,#3900);
#2605=LINE('',#15864,#3901);
#2606=LINE('',#15867,#3902);
#2607=LINE('',#15869,#3903);
#2608=LINE('',#15870,#3904);
#2609=LINE('',#15874,#3905);
#2610=LINE('',#15878,#3906);
#2611=LINE('',#15881,#3907);
#2612=LINE('',#15884,#3908);
#2613=LINE('',#15885,#3909);
#2614=LINE('',#15889,#3910);
#2615=LINE('',#15890,#3911);
#2616=LINE('',#15892,#3912);
#2617=LINE('',#15893,#3913);
#2618=LINE('',#15896,#3914);
#2619=LINE('',#15897,#3915);
#2620=LINE('',#15903,#3916);
#2621=LINE('',#15906,#3917);
#2622=LINE('',#15908,#3918);
#2623=LINE('',#15909,#3919);
#2624=LINE('',#15911,#3920);
#2625=LINE('',#15912,#3921);
#2626=LINE('',#15919,#3922);
#2627=LINE('',#15923,#3923);
#2628=LINE('',#15927,#3924);
#2629=LINE('',#15931,#3925);
#2630=LINE('',#15933,#3926);
#2631=LINE('',#15934,#3927);
#2632=LINE('',#15937,#3928);
#2633=LINE('',#15941,#3929);
#2634=LINE('',#15942,#3930);
#2635=LINE('',#15945,#3931);
#2636=LINE('',#15947,#3932);
#2637=LINE('',#15948,#3933);
#2638=LINE('',#15953,#3934);
#2639=LINE('',#15957,#3935);
#2640=LINE('',#15958,#3936);
#2641=LINE('',#15959,#3937);
#2642=LINE('',#15963,#3938);
#2643=LINE('',#15967,#3939);
#2644=LINE('',#15971,#3940);
#2645=LINE('',#15973,#3941);
#2646=LINE('',#15974,#3942);
#2647=LINE('',#15976,#3943);
#2648=LINE('',#15979,#3944);
#2649=LINE('',#15981,#3945);
#2650=LINE('',#15985,#3946);
#2651=LINE('',#15986,#3947);
#2652=LINE('',#15987,#3948);
#2653=LINE('',#15989,#3949);
#2654=LINE('',#15991,#3950);
#2655=LINE('',#15996,#3951);
#2656=LINE('',#15998,#3952);
#2657=LINE('',#16000,#3953);
#2658=LINE('',#16001,#3954);
#2659=LINE('',#16004,#3955);
#2660=LINE('',#16006,#3956);
#2661=LINE('',#16007,#3957);
#2662=LINE('',#16010,#3958);
#2663=LINE('',#16012,#3959);
#2664=LINE('',#16013,#3960);
#2665=LINE('',#16015,#3961);
#2666=LINE('',#16016,#3962);
#2667=LINE('',#16021,#3963);
#2668=LINE('',#16023,#3964);
#2669=LINE('',#16024,#3965);
#2670=LINE('',#16028,#3966);
#2671=LINE('',#16030,#3967);
#2672=LINE('',#16031,#3968);
#2673=LINE('',#16035,#3969);
#2674=LINE('',#16037,#3970);
#2675=LINE('',#16038,#3971);
#2676=LINE('',#16042,#3972);
#2677=LINE('',#16044,#3973);
#2678=LINE('',#16045,#3974);
#2679=LINE('',#16047,#3975);
#2680=LINE('',#16048,#3976);
#2681=LINE('',#16052,#3977);
#2682=LINE('',#16054,#3978);
#2683=LINE('',#16055,#3979);
#2684=LINE('',#16057,#3980);
#2685=LINE('',#16058,#3981);
#2686=LINE('',#16060,#3982);
#2687=LINE('',#16061,#3983);
#2688=LINE('',#16065,#3984);
#2689=LINE('',#16067,#3985);
#2690=LINE('',#16068,#3986);
#2691=LINE('',#16070,#3987);
#2692=LINE('',#16071,#3988);
#2693=LINE('',#16075,#3989);
#2694=LINE('',#16077,#3990);
#2695=LINE('',#16078,#3991);
#2696=LINE('',#16080,#3992);
#2697=LINE('',#16081,#3993);
#2698=LINE('',#16083,#3994);
#2699=LINE('',#16084,#3995);
#2700=LINE('',#16088,#3996);
#2701=LINE('',#16090,#3997);
#2702=LINE('',#16091,#3998);
#2703=LINE('',#16093,#3999);
#2704=LINE('',#16094,#4000);
#2705=LINE('',#16096,#4001);
#2706=LINE('',#16097,#4002);
#2707=LINE('',#16099,#4003);
#2708=LINE('',#16100,#4004);
#2709=LINE('',#16102,#4005);
#2710=LINE('',#16103,#4006);
#2711=LINE('',#16105,#4007);
#2712=LINE('',#16106,#4008);
#2713=LINE('',#16108,#4009);
#2714=LINE('',#16109,#4010);
#2715=LINE('',#16119,#4011);
#2716=LINE('',#16121,#4012);
#2717=LINE('',#16122,#4013);
#2718=LINE('',#16125,#4014);
#2719=LINE('',#16127,#4015);
#2720=LINE('',#16129,#4016);
#2721=LINE('',#16130,#4017);
#2722=LINE('',#16134,#4018);
#2723=LINE('',#16136,#4019);
#2724=LINE('',#16137,#4020);
#2725=LINE('',#16141,#4021);
#2726=LINE('',#16143,#4022);
#2727=LINE('',#16144,#4023);
#2728=LINE('',#16146,#4024);
#2729=LINE('',#16147,#4025);
#2730=LINE('',#16150,#4026);
#2731=LINE('',#16152,#4027);
#2732=LINE('',#16154,#4028);
#2733=LINE('',#16155,#4029);
#2734=LINE('',#16159,#4030);
#2735=LINE('',#16161,#4031);
#2736=LINE('',#16162,#4032);
#2737=LINE('',#16164,#4033);
#2738=LINE('',#16165,#4034);
#2739=LINE('',#16169,#4035);
#2740=LINE('',#16171,#4036);
#2741=LINE('',#16172,#4037);
#2742=LINE('',#16174,#4038);
#2743=LINE('',#16175,#4039);
#2744=LINE('',#16177,#4040);
#2745=LINE('',#16178,#4041);
#2746=LINE('',#16182,#4042);
#2747=LINE('',#16184,#4043);
#2748=LINE('',#16185,#4044);
#2749=LINE('',#16187,#4045);
#2750=LINE('',#16188,#4046);
#2751=LINE('',#16190,#4047);
#2752=LINE('',#16191,#4048);
#2753=LINE('',#16193,#4049);
#2754=LINE('',#16194,#4050);
#2755=LINE('',#16196,#4051);
#2756=LINE('',#16197,#4052);
#2757=LINE('',#16199,#4053);
#2758=LINE('',#16200,#4054);
#2759=LINE('',#16202,#4055);
#2760=LINE('',#16211,#4056);
#2761=LINE('',#16218,#4057);
#2762=LINE('',#16220,#4058);
#2763=LINE('',#16222,#4059);
#2764=LINE('',#16223,#4060);
#2765=LINE('',#16227,#4061);
#2766=LINE('',#16231,#4062);
#2767=LINE('',#16233,#4063);
#2768=LINE('',#16234,#4064);
#2769=LINE('',#16237,#4065);
#2770=LINE('',#16238,#4066);
#2771=LINE('',#16241,#4067);
#2772=LINE('',#16245,#4068);
#2773=LINE('',#16246,#4069);
#2774=LINE('',#16248,#4070);
#2775=LINE('',#16254,#4071);
#2776=LINE('',#16258,#4072);
#2777=LINE('',#16262,#4073);
#2778=LINE('',#16266,#4074);
#2779=LINE('',#16267,#4075);
#2780=LINE('',#16270,#4076);
#2781=LINE('',#16272,#4077);
#2782=LINE('',#16273,#4078);
#2783=LINE('',#16277,#4079);
#2784=LINE('',#16280,#4080);
#2785=LINE('',#16282,#4081);
#2786=LINE('',#16283,#4082);
#2787=LINE('',#16286,#4083);
#2788=LINE('',#16289,#4084);
#2789=LINE('',#16294,#4085);
#2790=LINE('',#16297,#4086);
#2791=LINE('',#16298,#4087);
#2792=LINE('',#16302,#4088);
#2793=LINE('',#16303,#4089);
#2794=LINE('',#16305,#4090);
#2795=LINE('',#16309,#4091);
#2796=LINE('',#16311,#4092);
#2797=LINE('',#16312,#4093);
#2798=LINE('',#16315,#4094);
#2799=LINE('',#16316,#4095);
#2800=LINE('',#16319,#4096);
#2801=LINE('',#16320,#4097);
#2802=LINE('',#16323,#4098);
#2803=LINE('',#16324,#4099);
#2804=LINE('',#16331,#4100);
#2805=LINE('',#16338,#4101);
#2806=LINE('',#16341,#4102);
#2807=LINE('',#16344,#4103);
#2808=LINE('',#16346,#4104);
#2809=LINE('',#16347,#4105);
#2810=LINE('',#16350,#4106);
#2811=LINE('',#16354,#4107);
#2812=LINE('',#16355,#4108);
#2813=LINE('',#16358,#4109);
#2814=LINE('',#16360,#4110);
#2815=LINE('',#16361,#4111);
#2816=LINE('',#16365,#4112);
#2817=LINE('',#16369,#4113);
#2818=LINE('',#16371,#4114);
#2819=LINE('',#16375,#4115);
#2820=LINE('',#16376,#4116);
#2821=LINE('',#16380,#4117);
#2822=LINE('',#16382,#4118);
#2823=LINE('',#16383,#4119);
#2824=LINE('',#16384,#4120);
#2825=LINE('',#16387,#4121);
#2826=LINE('',#16388,#4122);
#2827=LINE('',#16393,#4123);
#2828=LINE('',#16397,#4124);
#2829=LINE('',#16399,#4125);
#2830=LINE('',#16400,#4126);
#2831=LINE('',#16402,#4127);
#2832=LINE('',#16403,#4128);
#2833=LINE('',#16410,#4129);
#2834=LINE('',#16414,#4130);
#2835=LINE('',#16418,#4131);
#2836=LINE('',#16422,#4132);
#2837=LINE('',#16424,#4133);
#2838=LINE('',#16425,#4134);
#2839=LINE('',#16428,#4135);
#2840=LINE('',#16430,#4136);
#2841=LINE('',#16433,#4137);
#2842=LINE('',#16436,#4138);
#2843=LINE('',#16438,#4139);
#2844=LINE('',#16439,#4140);
#2845=LINE('',#16444,#4141);
#2846=LINE('',#16448,#4142);
#2847=LINE('',#16449,#4143);
#2848=LINE('',#16450,#4144);
#2849=LINE('',#16454,#4145);
#2850=LINE('',#16458,#4146);
#2851=LINE('',#16462,#4147);
#2852=LINE('',#16464,#4148);
#2853=LINE('',#16465,#4149);
#2854=LINE('',#16468,#4150);
#2855=LINE('',#16470,#4151);
#2856=LINE('',#16472,#4152);
#2857=LINE('',#16476,#4153);
#2858=LINE('',#16477,#4154);
#2859=LINE('',#16478,#4155);
#2860=LINE('',#16480,#4156);
#2861=LINE('',#16482,#4157);
#2862=LINE('',#16488,#4158);
#2863=LINE('',#16492,#4159);
#2864=LINE('',#16494,#4160);
#2865=LINE('',#16496,#4161);
#2866=LINE('',#16500,#4162);
#2867=LINE('',#16504,#4163);
#2868=LINE('',#16506,#4164);
#2869=LINE('',#16507,#4165);
#2870=LINE('',#16510,#4166);
#2871=LINE('',#16514,#4167);
#2872=LINE('',#16516,#4168);
#2873=LINE('',#16517,#4169);
#2874=LINE('',#16520,#4170);
#2875=LINE('',#16522,#4171);
#2876=LINE('',#16528,#4172);
#2877=LINE('',#16531,#4173);
#2878=LINE('',#16532,#4174);
#2879=LINE('',#16536,#4175);
#2880=LINE('',#16539,#4176);
#2881=LINE('',#16540,#4177);
#2882=LINE('',#16543,#4178);
#2883=LINE('',#16545,#4179);
#2884=LINE('',#16546,#4180);
#2885=LINE('',#16549,#4181);
#2886=LINE('',#16550,#4182);
#2887=LINE('',#16553,#4183);
#2888=LINE('',#16554,#4184);
#2889=LINE('',#16557,#4185);
#2890=LINE('',#16558,#4186);
#2891=LINE('',#16565,#4187);
#2892=LINE('',#16567,#4188);
#2893=LINE('',#16568,#4189);
#2894=LINE('',#16571,#4190);
#2895=LINE('',#16573,#4191);
#2896=LINE('',#16575,#4192);
#2897=LINE('',#16576,#4193);
#2898=LINE('',#16580,#4194);
#2899=LINE('',#16582,#4195);
#2900=LINE('',#16583,#4196);
#2901=LINE('',#16587,#4197);
#2902=LINE('',#16589,#4198);
#2903=LINE('',#16590,#4199);
#2904=LINE('',#16592,#4200);
#2905=LINE('',#16593,#4201);
#2906=LINE('',#16596,#4202);
#2907=LINE('',#16598,#4203);
#2908=LINE('',#16600,#4204);
#2909=LINE('',#16601,#4205);
#2910=LINE('',#16605,#4206);
#2911=LINE('',#16607,#4207);
#2912=LINE('',#16608,#4208);
#2913=LINE('',#16610,#4209);
#2914=LINE('',#16611,#4210);
#2915=LINE('',#16615,#4211);
#2916=LINE('',#16617,#4212);
#2917=LINE('',#16618,#4213);
#2918=LINE('',#16620,#4214);
#2919=LINE('',#16621,#4215);
#2920=LINE('',#16623,#4216);
#2921=LINE('',#16624,#4217);
#2922=LINE('',#16628,#4218);
#2923=LINE('',#16630,#4219);
#2924=LINE('',#16631,#4220);
#2925=LINE('',#16633,#4221);
#2926=LINE('',#16634,#4222);
#2927=LINE('',#16636,#4223);
#2928=LINE('',#16637,#4224);
#2929=LINE('',#16639,#4225);
#2930=LINE('',#16640,#4226);
#2931=LINE('',#16642,#4227);
#2932=LINE('',#16643,#4228);
#2933=LINE('',#16645,#4229);
#2934=LINE('',#16646,#4230);
#2935=LINE('',#16648,#4231);
#2936=LINE('',#16657,#4232);
#2937=LINE('',#16664,#4233);
#2938=LINE('',#16666,#4234);
#2939=LINE('',#16668,#4235);
#2940=LINE('',#16669,#4236);
#2941=LINE('',#16673,#4237);
#2942=LINE('',#16677,#4238);
#2943=LINE('',#16679,#4239);
#2944=LINE('',#16680,#4240);
#2945=LINE('',#16683,#4241);
#2946=LINE('',#16684,#4242);
#2947=LINE('',#16688,#4243);
#2948=LINE('',#16691,#4244);
#2949=LINE('',#16692,#4245);
#2950=LINE('',#16694,#4246);
#2951=LINE('',#16699,#4247);
#2952=LINE('',#16701,#4248);
#2953=LINE('',#16703,#4249);
#2954=LINE('',#16704,#4250);
#2955=LINE('',#16707,#4251);
#2956=LINE('',#16709,#4252);
#2957=LINE('',#16710,#4253);
#2958=LINE('',#16713,#4254);
#2959=LINE('',#16715,#4255);
#2960=LINE('',#16716,#4256);
#2961=LINE('',#16718,#4257);
#2962=LINE('',#16719,#4258);
#2963=LINE('',#16724,#4259);
#2964=LINE('',#16726,#4260);
#2965=LINE('',#16727,#4261);
#2966=LINE('',#16731,#4262);
#2967=LINE('',#16733,#4263);
#2968=LINE('',#16734,#4264);
#2969=LINE('',#16738,#4265);
#2970=LINE('',#16740,#4266);
#2971=LINE('',#16741,#4267);
#2972=LINE('',#16745,#4268);
#2973=LINE('',#16747,#4269);
#2974=LINE('',#16748,#4270);
#2975=LINE('',#16750,#4271);
#2976=LINE('',#16751,#4272);
#2977=LINE('',#16755,#4273);
#2978=LINE('',#16757,#4274);
#2979=LINE('',#16758,#4275);
#2980=LINE('',#16760,#4276);
#2981=LINE('',#16761,#4277);
#2982=LINE('',#16763,#4278);
#2983=LINE('',#16764,#4279);
#2984=LINE('',#16768,#4280);
#2985=LINE('',#16770,#4281);
#2986=LINE('',#16771,#4282);
#2987=LINE('',#16773,#4283);
#2988=LINE('',#16774,#4284);
#2989=LINE('',#16778,#4285);
#2990=LINE('',#16780,#4286);
#2991=LINE('',#16781,#4287);
#2992=LINE('',#16783,#4288);
#2993=LINE('',#16784,#4289);
#2994=LINE('',#16786,#4290);
#2995=LINE('',#16787,#4291);
#2996=LINE('',#16791,#4292);
#2997=LINE('',#16793,#4293);
#2998=LINE('',#16794,#4294);
#2999=LINE('',#16796,#4295);
#3000=LINE('',#16797,#4296);
#3001=LINE('',#16799,#4297);
#3002=LINE('',#16800,#4298);
#3003=LINE('',#16802,#4299);
#3004=LINE('',#16803,#4300);
#3005=LINE('',#16805,#4301);
#3006=LINE('',#16806,#4302);
#3007=LINE('',#16808,#4303);
#3008=LINE('',#16809,#4304);
#3009=LINE('',#16811,#4305);
#3010=LINE('',#16812,#4306);
#3011=LINE('',#16823,#4307);
#3012=LINE('',#16827,#4308);
#3013=LINE('',#16831,#4309);
#3014=LINE('',#16835,#4310);
#3015=LINE('',#16837,#4311);
#3016=LINE('',#16838,#4312);
#3017=LINE('',#16841,#4313);
#3018=LINE('',#16845,#4314);
#3019=LINE('',#16846,#4315);
#3020=LINE('',#16849,#4316);
#3021=LINE('',#16851,#4317);
#3022=LINE('',#16852,#4318);
#3023=LINE('',#16857,#4319);
#3024=LINE('',#16861,#4320);
#3025=LINE('',#16862,#4321);
#3026=LINE('',#16863,#4322);
#3027=LINE('',#16867,#4323);
#3028=LINE('',#16871,#4324);
#3029=LINE('',#16875,#4325);
#3030=LINE('',#16877,#4326);
#3031=LINE('',#16878,#4327);
#3032=LINE('',#16880,#4328);
#3033=LINE('',#16883,#4329);
#3034=LINE('',#16885,#4330);
#3035=LINE('',#16889,#4331);
#3036=LINE('',#16890,#4332);
#3037=LINE('',#16891,#4333);
#3038=LINE('',#16893,#4334);
#3039=LINE('',#16895,#4335);
#3040=LINE('',#16901,#4336);
#3041=LINE('',#16905,#4337);
#3042=LINE('',#16909,#4338);
#3043=LINE('',#16913,#4339);
#3044=LINE('',#16915,#4340);
#3045=LINE('',#16916,#4341);
#3046=LINE('',#16919,#4342);
#3047=LINE('',#16923,#4343);
#3048=LINE('',#16924,#4344);
#3049=LINE('',#16927,#4345);
#3050=LINE('',#16929,#4346);
#3051=LINE('',#16930,#4347);
#3052=LINE('',#16935,#4348);
#3053=LINE('',#16939,#4349);
#3054=LINE('',#16940,#4350);
#3055=LINE('',#16941,#4351);
#3056=LINE('',#16945,#4352);
#3057=LINE('',#16949,#4353);
#3058=LINE('',#16953,#4354);
#3059=LINE('',#16955,#4355);
#3060=LINE('',#16956,#4356);
#3061=LINE('',#16958,#4357);
#3062=LINE('',#16961,#4358);
#3063=LINE('',#16963,#4359);
#3064=LINE('',#16967,#4360);
#3065=LINE('',#16968,#4361);
#3066=LINE('',#16969,#4362);
#3067=LINE('',#16971,#4363);
#3068=LINE('',#16973,#4364);
#3069=LINE('',#16979,#4365);
#3070=LINE('',#16983,#4366);
#3071=LINE('',#16987,#4367);
#3072=LINE('',#16991,#4368);
#3073=LINE('',#16993,#4369);
#3074=LINE('',#16994,#4370);
#3075=LINE('',#16997,#4371);
#3076=LINE('',#16999,#4372);
#3077=LINE('',#17002,#4373);
#3078=LINE('',#17005,#4374);
#3079=LINE('',#17007,#4375);
#3080=LINE('',#17008,#4376);
#3081=LINE('',#17013,#4377);
#3082=LINE('',#17017,#4378);
#3083=LINE('',#17018,#4379);
#3084=LINE('',#17019,#4380);
#3085=LINE('',#17023,#4381);
#3086=LINE('',#17027,#4382);
#3087=LINE('',#17031,#4383);
#3088=LINE('',#17033,#4384);
#3089=LINE('',#17034,#4385);
#3090=LINE('',#17037,#4386);
#3091=LINE('',#17039,#4387);
#3092=LINE('',#17041,#4388);
#3093=LINE('',#17045,#4389);
#3094=LINE('',#17046,#4390);
#3095=LINE('',#17047,#4391);
#3096=LINE('',#17049,#4392);
#3097=LINE('',#17051,#4393);
#3098=LINE('',#17056,#4394);
#3099=LINE('',#17058,#4395);
#3100=LINE('',#17059,#4396);
#3101=LINE('',#17062,#4397);
#3102=LINE('',#17064,#4398);
#3103=LINE('',#17066,#4399);
#3104=LINE('',#17067,#4400);
#3105=LINE('',#17071,#4401);
#3106=LINE('',#17073,#4402);
#3107=LINE('',#17074,#4403);
#3108=LINE('',#17078,#4404);
#3109=LINE('',#17080,#4405);
#3110=LINE('',#17081,#4406);
#3111=LINE('',#17083,#4407);
#3112=LINE('',#17084,#4408);
#3113=LINE('',#17087,#4409);
#3114=LINE('',#17089,#4410);
#3115=LINE('',#17091,#4411);
#3116=LINE('',#17092,#4412);
#3117=LINE('',#17096,#4413);
#3118=LINE('',#17098,#4414);
#3119=LINE('',#17099,#4415);
#3120=LINE('',#17101,#4416);
#3121=LINE('',#17102,#4417);
#3122=LINE('',#17106,#4418);
#3123=LINE('',#17108,#4419);
#3124=LINE('',#17109,#4420);
#3125=LINE('',#17111,#4421);
#3126=LINE('',#17112,#4422);
#3127=LINE('',#17114,#4423);
#3128=LINE('',#17115,#4424);
#3129=LINE('',#17119,#4425);
#3130=LINE('',#17121,#4426);
#3131=LINE('',#17122,#4427);
#3132=LINE('',#17124,#4428);
#3133=LINE('',#17125,#4429);
#3134=LINE('',#17127,#4430);
#3135=LINE('',#17128,#4431);
#3136=LINE('',#17130,#4432);
#3137=LINE('',#17131,#4433);
#3138=LINE('',#17133,#4434);
#3139=LINE('',#17134,#4435);
#3140=LINE('',#17136,#4436);
#3141=LINE('',#17137,#4437);
#3142=LINE('',#17139,#4438);
#3143=LINE('',#17148,#4439);
#3144=LINE('',#17150,#4440);
#3145=LINE('',#17151,#4441);
#3146=LINE('',#17154,#4442);
#3147=LINE('',#17156,#4443);
#3148=LINE('',#17158,#4444);
#3149=LINE('',#17159,#4445);
#3150=LINE('',#17163,#4446);
#3151=LINE('',#17165,#4447);
#3152=LINE('',#17166,#4448);
#3153=LINE('',#17170,#4449);
#3154=LINE('',#17172,#4450);
#3155=LINE('',#17173,#4451);
#3156=LINE('',#17175,#4452);
#3157=LINE('',#17176,#4453);
#3158=LINE('',#17179,#4454);
#3159=LINE('',#17181,#4455);
#3160=LINE('',#17183,#4456);
#3161=LINE('',#17184,#4457);
#3162=LINE('',#17188,#4458);
#3163=LINE('',#17190,#4459);
#3164=LINE('',#17191,#4460);
#3165=LINE('',#17193,#4461);
#3166=LINE('',#17194,#4462);
#3167=LINE('',#17198,#4463);
#3168=LINE('',#17200,#4464);
#3169=LINE('',#17201,#4465);
#3170=LINE('',#17203,#4466);
#3171=LINE('',#17204,#4467);
#3172=LINE('',#17206,#4468);
#3173=LINE('',#17207,#4469);
#3174=LINE('',#17211,#4470);
#3175=LINE('',#17213,#4471);
#3176=LINE('',#17214,#4472);
#3177=LINE('',#17216,#4473);
#3178=LINE('',#17217,#4474);
#3179=LINE('',#17219,#4475);
#3180=LINE('',#17220,#4476);
#3181=LINE('',#17222,#4477);
#3182=LINE('',#17223,#4478);
#3183=LINE('',#17225,#4479);
#3184=LINE('',#17226,#4480);
#3185=LINE('',#17228,#4481);
#3186=LINE('',#17229,#4482);
#3187=LINE('',#17231,#4483);
#3188=LINE('',#17240,#4484);
#3189=LINE('',#17242,#4485);
#3190=LINE('',#17243,#4486);
#3191=LINE('',#17246,#4487);
#3192=LINE('',#17248,#4488);
#3193=LINE('',#17250,#4489);
#3194=LINE('',#17251,#4490);
#3195=LINE('',#17255,#4491);
#3196=LINE('',#17257,#4492);
#3197=LINE('',#17258,#4493);
#3198=LINE('',#17262,#4494);
#3199=LINE('',#17264,#4495);
#3200=LINE('',#17265,#4496);
#3201=LINE('',#17267,#4497);
#3202=LINE('',#17268,#4498);
#3203=LINE('',#17271,#4499);
#3204=LINE('',#17273,#4500);
#3205=LINE('',#17275,#4501);
#3206=LINE('',#17276,#4502);
#3207=LINE('',#17280,#4503);
#3208=LINE('',#17282,#4504);
#3209=LINE('',#17283,#4505);
#3210=LINE('',#17285,#4506);
#3211=LINE('',#17286,#4507);
#3212=LINE('',#17290,#4508);
#3213=LINE('',#17292,#4509);
#3214=LINE('',#17293,#4510);
#3215=LINE('',#17295,#4511);
#3216=LINE('',#17296,#4512);
#3217=LINE('',#17298,#4513);
#3218=LINE('',#17299,#4514);
#3219=LINE('',#17303,#4515);
#3220=LINE('',#17305,#4516);
#3221=LINE('',#17306,#4517);
#3222=LINE('',#17308,#4518);
#3223=LINE('',#17309,#4519);
#3224=LINE('',#17311,#4520);
#3225=LINE('',#17312,#4521);
#3226=LINE('',#17314,#4522);
#3227=LINE('',#17315,#4523);
#3228=LINE('',#17317,#4524);
#3229=LINE('',#17318,#4525);
#3230=LINE('',#17320,#4526);
#3231=LINE('',#17321,#4527);
#3232=LINE('',#17323,#4528);
#3233=LINE('',#17333,#4529);
#3234=LINE('',#17337,#4530);
#3235=LINE('',#17341,#4531);
#3236=LINE('',#17345,#4532);
#3237=LINE('',#17346,#4533);
#3238=LINE('',#17349,#4534);
#3239=LINE('',#17351,#4535);
#3240=LINE('',#17352,#4536);
#3241=LINE('',#17356,#4537);
#3242=LINE('',#17359,#4538);
#3243=LINE('',#17361,#4539);
#3244=LINE('',#17362,#4540);
#3245=LINE('',#17365,#4541);
#3246=LINE('',#17368,#4542);
#3247=LINE('',#17373,#4543);
#3248=LINE('',#17376,#4544);
#3249=LINE('',#17377,#4545);
#3250=LINE('',#17381,#4546);
#3251=LINE('',#17382,#4547);
#3252=LINE('',#17384,#4548);
#3253=LINE('',#17388,#4549);
#3254=LINE('',#17390,#4550);
#3255=LINE('',#17391,#4551);
#3256=LINE('',#17394,#4552);
#3257=LINE('',#17395,#4553);
#3258=LINE('',#17398,#4554);
#3259=LINE('',#17399,#4555);
#3260=LINE('',#17402,#4556);
#3261=LINE('',#17403,#4557);
#3262=LINE('',#17411,#4558);
#3263=LINE('',#17415,#4559);
#3264=LINE('',#17419,#4560);
#3265=LINE('',#17423,#4561);
#3266=LINE('',#17424,#4562);
#3267=LINE('',#17427,#4563);
#3268=LINE('',#17429,#4564);
#3269=LINE('',#17430,#4565);
#3270=LINE('',#17434,#4566);
#3271=LINE('',#17437,#4567);
#3272=LINE('',#17439,#4568);
#3273=LINE('',#17440,#4569);
#3274=LINE('',#17443,#4570);
#3275=LINE('',#17446,#4571);
#3276=LINE('',#17451,#4572);
#3277=LINE('',#17454,#4573);
#3278=LINE('',#17455,#4574);
#3279=LINE('',#17459,#4575);
#3280=LINE('',#17460,#4576);
#3281=LINE('',#17462,#4577);
#3282=LINE('',#17466,#4578);
#3283=LINE('',#17468,#4579);
#3284=LINE('',#17469,#4580);
#3285=LINE('',#17472,#4581);
#3286=LINE('',#17473,#4582);
#3287=LINE('',#17476,#4583);
#3288=LINE('',#17477,#4584);
#3289=LINE('',#17480,#4585);
#3290=LINE('',#17481,#4586);
#3291=LINE('',#17489,#4587);
#3292=LINE('',#17493,#4588);
#3293=LINE('',#17497,#4589);
#3294=LINE('',#17501,#4590);
#3295=LINE('',#17502,#4591);
#3296=LINE('',#17505,#4592);
#3297=LINE('',#17507,#4593);
#3298=LINE('',#17508,#4594);
#3299=LINE('',#17512,#4595);
#3300=LINE('',#17515,#4596);
#3301=LINE('',#17517,#4597);
#3302=LINE('',#17518,#4598);
#3303=LINE('',#17521,#4599);
#3304=LINE('',#17524,#4600);
#3305=LINE('',#17529,#4601);
#3306=LINE('',#17532,#4602);
#3307=LINE('',#17533,#4603);
#3308=LINE('',#17537,#4604);
#3309=LINE('',#17538,#4605);
#3310=LINE('',#17540,#4606);
#3311=LINE('',#17544,#4607);
#3312=LINE('',#17546,#4608);
#3313=LINE('',#17547,#4609);
#3314=LINE('',#17550,#4610);
#3315=LINE('',#17551,#4611);
#3316=LINE('',#17554,#4612);
#3317=LINE('',#17555,#4613);
#3318=LINE('',#17558,#4614);
#3319=LINE('',#17559,#4615);
#3320=LINE('',#17566,#4616);
#3321=LINE('',#17573,#4617);
#3322=LINE('',#17576,#4618);
#3323=LINE('',#17579,#4619);
#3324=LINE('',#17581,#4620);
#3325=LINE('',#17582,#4621);
#3326=LINE('',#17585,#4622);
#3327=LINE('',#17589,#4623);
#3328=LINE('',#17590,#4624);
#3329=LINE('',#17593,#4625);
#3330=LINE('',#17595,#4626);
#3331=LINE('',#17596,#4627);
#3332=LINE('',#17600,#4628);
#3333=LINE('',#17604,#4629);
#3334=LINE('',#17606,#4630);
#3335=LINE('',#17610,#4631);
#3336=LINE('',#17611,#4632);
#3337=LINE('',#17615,#4633);
#3338=LINE('',#17617,#4634);
#3339=LINE('',#17618,#4635);
#3340=LINE('',#17619,#4636);
#3341=LINE('',#17622,#4637);
#3342=LINE('',#17623,#4638);
#3343=LINE('',#17628,#4639);
#3344=LINE('',#17632,#4640);
#3345=LINE('',#17634,#4641);
#3346=LINE('',#17635,#4642);
#3347=LINE('',#17637,#4643);
#3348=LINE('',#17638,#4644);
#3349=LINE('',#17644,#4645);
#3350=LINE('',#17651,#4646);
#3351=LINE('',#17654,#4647);
#3352=LINE('',#17657,#4648);
#3353=LINE('',#17659,#4649);
#3354=LINE('',#17660,#4650);
#3355=LINE('',#17663,#4651);
#3356=LINE('',#17667,#4652);
#3357=LINE('',#17668,#4653);
#3358=LINE('',#17671,#4654);
#3359=LINE('',#17673,#4655);
#3360=LINE('',#17674,#4656);
#3361=LINE('',#17678,#4657);
#3362=LINE('',#17682,#4658);
#3363=LINE('',#17684,#4659);
#3364=LINE('',#17688,#4660);
#3365=LINE('',#17689,#4661);
#3366=LINE('',#17693,#4662);
#3367=LINE('',#17695,#4663);
#3368=LINE('',#17696,#4664);
#3369=LINE('',#17697,#4665);
#3370=LINE('',#17700,#4666);
#3371=LINE('',#17701,#4667);
#3372=LINE('',#17706,#4668);
#3373=LINE('',#17710,#4669);
#3374=LINE('',#17712,#4670);
#3375=LINE('',#17713,#4671);
#3376=LINE('',#17715,#4672);
#3377=LINE('',#17716,#4673);
#3378=LINE('',#17722,#4674);
#3379=LINE('',#17729,#4675);
#3380=LINE('',#17732,#4676);
#3381=LINE('',#17735,#4677);
#3382=LINE('',#17737,#4678);
#3383=LINE('',#17738,#4679);
#3384=LINE('',#17741,#4680);
#3385=LINE('',#17745,#4681);
#3386=LINE('',#17746,#4682);
#3387=LINE('',#17749,#4683);
#3388=LINE('',#17751,#4684);
#3389=LINE('',#17752,#4685);
#3390=LINE('',#17756,#4686);
#3391=LINE('',#17760,#4687);
#3392=LINE('',#17762,#4688);
#3393=LINE('',#17766,#4689);
#3394=LINE('',#17767,#4690);
#3395=LINE('',#17771,#4691);
#3396=LINE('',#17773,#4692);
#3397=LINE('',#17774,#4693);
#3398=LINE('',#17775,#4694);
#3399=LINE('',#17778,#4695);
#3400=LINE('',#17779,#4696);
#3401=LINE('',#17784,#4697);
#3402=LINE('',#17788,#4698);
#3403=LINE('',#17790,#4699);
#3404=LINE('',#17791,#4700);
#3405=LINE('',#17793,#4701);
#3406=LINE('',#17794,#4702);
#3407=LINE('',#17801,#4703);
#3408=LINE('',#17805,#4704);
#3409=LINE('',#17807,#4705);
#3410=LINE('',#17809,#4706);
#3411=LINE('',#17813,#4707);
#3412=LINE('',#17817,#4708);
#3413=LINE('',#17819,#4709);
#3414=LINE('',#17820,#4710);
#3415=LINE('',#17823,#4711);
#3416=LINE('',#17827,#4712);
#3417=LINE('',#17829,#4713);
#3418=LINE('',#17830,#4714);
#3419=LINE('',#17833,#4715);
#3420=LINE('',#17835,#4716);
#3421=LINE('',#17841,#4717);
#3422=LINE('',#17844,#4718);
#3423=LINE('',#17845,#4719);
#3424=LINE('',#17849,#4720);
#3425=LINE('',#17852,#4721);
#3426=LINE('',#17853,#4722);
#3427=LINE('',#17856,#4723);
#3428=LINE('',#17858,#4724);
#3429=LINE('',#17859,#4725);
#3430=LINE('',#17862,#4726);
#3431=LINE('',#17863,#4727);
#3432=LINE('',#17866,#4728);
#3433=LINE('',#17867,#4729);
#3434=LINE('',#17870,#4730);
#3435=LINE('',#17871,#4731);
#3436=LINE('',#17879,#4732);
#3437=LINE('',#17883,#4733);
#3438=LINE('',#17885,#4734);
#3439=LINE('',#17887,#4735);
#3440=LINE('',#17891,#4736);
#3441=LINE('',#17895,#4737);
#3442=LINE('',#17897,#4738);
#3443=LINE('',#17898,#4739);
#3444=LINE('',#17901,#4740);
#3445=LINE('',#17905,#4741);
#3446=LINE('',#17907,#4742);
#3447=LINE('',#17908,#4743);
#3448=LINE('',#17911,#4744);
#3449=LINE('',#17913,#4745);
#3450=LINE('',#17919,#4746);
#3451=LINE('',#17922,#4747);
#3452=LINE('',#17923,#4748);
#3453=LINE('',#17927,#4749);
#3454=LINE('',#17930,#4750);
#3455=LINE('',#17931,#4751);
#3456=LINE('',#17934,#4752);
#3457=LINE('',#17936,#4753);
#3458=LINE('',#17937,#4754);
#3459=LINE('',#17940,#4755);
#3460=LINE('',#17941,#4756);
#3461=LINE('',#17944,#4757);
#3462=LINE('',#17945,#4758);
#3463=LINE('',#17948,#4759);
#3464=LINE('',#17949,#4760);
#3465=LINE('',#17957,#4761);
#3466=LINE('',#17961,#4762);
#3467=LINE('',#17963,#4763);
#3468=LINE('',#17965,#4764);
#3469=LINE('',#17969,#4765);
#3470=LINE('',#17973,#4766);
#3471=LINE('',#17975,#4767);
#3472=LINE('',#17976,#4768);
#3473=LINE('',#17979,#4769);
#3474=LINE('',#17983,#4770);
#3475=LINE('',#17985,#4771);
#3476=LINE('',#17986,#4772);
#3477=LINE('',#17989,#4773);
#3478=LINE('',#17991,#4774);
#3479=LINE('',#17997,#4775);
#3480=LINE('',#18000,#4776);
#3481=LINE('',#18001,#4777);
#3482=LINE('',#18005,#4778);
#3483=LINE('',#18008,#4779);
#3484=LINE('',#18009,#4780);
#3485=LINE('',#18012,#4781);
#3486=LINE('',#18014,#4782);
#3487=LINE('',#18015,#4783);
#3488=LINE('',#18018,#4784);
#3489=LINE('',#18019,#4785);
#3490=LINE('',#18022,#4786);
#3491=LINE('',#18023,#4787);
#3492=LINE('',#18026,#4788);
#3493=LINE('',#18027,#4789);
#3494=LINE('',#18034,#4790);
#3495=LINE('',#18041,#4791);
#3496=LINE('',#18043,#4792);
#3497=LINE('',#18045,#4793);
#3498=LINE('',#18046,#4794);
#3499=LINE('',#18050,#4795);
#3500=LINE('',#18054,#4796);
#3501=LINE('',#18056,#4797);
#3502=LINE('',#18057,#4798);
#3503=LINE('',#18060,#4799);
#3504=LINE('',#18061,#4800);
#3505=LINE('',#18065,#4801);
#3506=LINE('',#18068,#4802);
#3507=LINE('',#18069,#4803);
#3508=LINE('',#18071,#4804);
#3509=LINE('',#18076,#4805);
#3510=LINE('',#18083,#4806);
#3511=LINE('',#18085,#4807);
#3512=LINE('',#18087,#4808);
#3513=LINE('',#18088,#4809);
#3514=LINE('',#18092,#4810);
#3515=LINE('',#18096,#4811);
#3516=LINE('',#18098,#4812);
#3517=LINE('',#18099,#4813);
#3518=LINE('',#18102,#4814);
#3519=LINE('',#18103,#4815);
#3520=LINE('',#18107,#4816);
#3521=LINE('',#18110,#4817);
#3522=LINE('',#18111,#4818);
#3523=LINE('',#18113,#4819);
#3524=LINE('',#18118,#4820);
#3525=LINE('',#18125,#4821);
#3526=LINE('',#18127,#4822);
#3527=LINE('',#18129,#4823);
#3528=LINE('',#18130,#4824);
#3529=LINE('',#18134,#4825);
#3530=LINE('',#18138,#4826);
#3531=LINE('',#18140,#4827);
#3532=LINE('',#18141,#4828);
#3533=LINE('',#18144,#4829);
#3534=LINE('',#18145,#4830);
#3535=LINE('',#18149,#4831);
#3536=LINE('',#18152,#4832);
#3537=LINE('',#18153,#4833);
#3538=LINE('',#18155,#4834);
#3539=LINE('',#18160,#4835);
#3540=LINE('',#18167,#4836);
#3541=LINE('',#18169,#4837);
#3542=LINE('',#18171,#4838);
#3543=LINE('',#18172,#4839);
#3544=LINE('',#18176,#4840);
#3545=LINE('',#18180,#4841);
#3546=LINE('',#18182,#4842);
#3547=LINE('',#18183,#4843);
#3548=LINE('',#18186,#4844);
#3549=LINE('',#18187,#4845);
#3550=LINE('',#18190,#4846);
#3551=LINE('',#18194,#4847);
#3552=LINE('',#18195,#4848);
#3553=LINE('',#18197,#4849);
#3554=LINE('',#18202,#4850);
#3555=LINE('',#18209,#4851);
#3556=LINE('',#18211,#4852);
#3557=LINE('',#18213,#4853);
#3558=LINE('',#18214,#4854);
#3559=LINE('',#18218,#4855);
#3560=LINE('',#18222,#4856);
#3561=LINE('',#18224,#4857);
#3562=LINE('',#18225,#4858);
#3563=LINE('',#18228,#4859);
#3564=LINE('',#18229,#4860);
#3565=LINE('',#18232,#4861);
#3566=LINE('',#18236,#4862);
#3567=LINE('',#18237,#4863);
#3568=LINE('',#18239,#4864);
#3569=LINE('',#18244,#4865);
#3570=LINE('',#18251,#4866);
#3571=LINE('',#18253,#4867);
#3572=LINE('',#18255,#4868);
#3573=LINE('',#18256,#4869);
#3574=LINE('',#18260,#4870);
#3575=LINE('',#18264,#4871);
#3576=LINE('',#18266,#4872);
#3577=LINE('',#18267,#4873);
#3578=LINE('',#18270,#4874);
#3579=LINE('',#18271,#4875);
#3580=LINE('',#18274,#4876);
#3581=LINE('',#18278,#4877);
#3582=LINE('',#18279,#4878);
#3583=LINE('',#18281,#4879);
#3584=LINE('',#18286,#4880);
#3585=LINE('',#18288,#4881);
#3586=LINE('',#18289,#4882);
#3587=LINE('',#18292,#4883);
#3588=LINE('',#18294,#4884);
#3589=LINE('',#18296,#4885);
#3590=LINE('',#18297,#4886);
#3591=LINE('',#18301,#4887);
#3592=LINE('',#18303,#4888);
#3593=LINE('',#18304,#4889);
#3594=LINE('',#18308,#4890);
#3595=LINE('',#18310,#4891);
#3596=LINE('',#18311,#4892);
#3597=LINE('',#18313,#4893);
#3598=LINE('',#18314,#4894);
#3599=LINE('',#18317,#4895);
#3600=LINE('',#18319,#4896);
#3601=LINE('',#18321,#4897);
#3602=LINE('',#18322,#4898);
#3603=LINE('',#18326,#4899);
#3604=LINE('',#18328,#4900);
#3605=LINE('',#18329,#4901);
#3606=LINE('',#18331,#4902);
#3607=LINE('',#18332,#4903);
#3608=LINE('',#18336,#4904);
#3609=LINE('',#18338,#4905);
#3610=LINE('',#18339,#4906);
#3611=LINE('',#18341,#4907);
#3612=LINE('',#18342,#4908);
#3613=LINE('',#18344,#4909);
#3614=LINE('',#18345,#4910);
#3615=LINE('',#18349,#4911);
#3616=LINE('',#18351,#4912);
#3617=LINE('',#18352,#4913);
#3618=LINE('',#18354,#4914);
#3619=LINE('',#18355,#4915);
#3620=LINE('',#18357,#4916);
#3621=LINE('',#18358,#4917);
#3622=LINE('',#18360,#4918);
#3623=LINE('',#18361,#4919);
#3624=LINE('',#18363,#4920);
#3625=LINE('',#18364,#4921);
#3626=LINE('',#18366,#4922);
#3627=LINE('',#18367,#4923);
#3628=LINE('',#18369,#4924);
#3629=LINE('',#18378,#4925);
#3630=LINE('',#18380,#4926);
#3631=LINE('',#18381,#4927);
#3632=LINE('',#18384,#4928);
#3633=LINE('',#18386,#4929);
#3634=LINE('',#18388,#4930);
#3635=LINE('',#18389,#4931);
#3636=LINE('',#18393,#4932);
#3637=LINE('',#18395,#4933);
#3638=LINE('',#18396,#4934);
#3639=LINE('',#18400,#4935);
#3640=LINE('',#18402,#4936);
#3641=LINE('',#18403,#4937);
#3642=LINE('',#18405,#4938);
#3643=LINE('',#18406,#4939);
#3644=LINE('',#18409,#4940);
#3645=LINE('',#18411,#4941);
#3646=LINE('',#18413,#4942);
#3647=LINE('',#18414,#4943);
#3648=LINE('',#18418,#4944);
#3649=LINE('',#18420,#4945);
#3650=LINE('',#18421,#4946);
#3651=LINE('',#18423,#4947);
#3652=LINE('',#18424,#4948);
#3653=LINE('',#18428,#4949);
#3654=LINE('',#18430,#4950);
#3655=LINE('',#18431,#4951);
#3656=LINE('',#18433,#4952);
#3657=LINE('',#18434,#4953);
#3658=LINE('',#18436,#4954);
#3659=LINE('',#18437,#4955);
#3660=LINE('',#18441,#4956);
#3661=LINE('',#18443,#4957);
#3662=LINE('',#18444,#4958);
#3663=LINE('',#18446,#4959);
#3664=LINE('',#18447,#4960);
#3665=LINE('',#18449,#4961);
#3666=LINE('',#18450,#4962);
#3667=LINE('',#18452,#4963);
#3668=LINE('',#18453,#4964);
#3669=LINE('',#18455,#4965);
#3670=LINE('',#18456,#4966);
#3671=LINE('',#18458,#4967);
#3672=LINE('',#18459,#4968);
#3673=LINE('',#18461,#4969);
#3674=LINE('',#18470,#4970);
#3675=LINE('',#18472,#4971);
#3676=LINE('',#18473,#4972);
#3677=LINE('',#18476,#4973);
#3678=LINE('',#18478,#4974);
#3679=LINE('',#18480,#4975);
#3680=LINE('',#18481,#4976);
#3681=LINE('',#18485,#4977);
#3682=LINE('',#18487,#4978);
#3683=LINE('',#18488,#4979);
#3684=LINE('',#18492,#4980);
#3685=LINE('',#18494,#4981);
#3686=LINE('',#18495,#4982);
#3687=LINE('',#18497,#4983);
#3688=LINE('',#18498,#4984);
#3689=LINE('',#18501,#4985);
#3690=LINE('',#18503,#4986);
#3691=LINE('',#18505,#4987);
#3692=LINE('',#18506,#4988);
#3693=LINE('',#18510,#4989);
#3694=LINE('',#18512,#4990);
#3695=LINE('',#18513,#4991);
#3696=LINE('',#18515,#4992);
#3697=LINE('',#18516,#4993);
#3698=LINE('',#18520,#4994);
#3699=LINE('',#18522,#4995);
#3700=LINE('',#18523,#4996);
#3701=LINE('',#18525,#4997);
#3702=LINE('',#18526,#4998);
#3703=LINE('',#18528,#4999);
#3704=LINE('',#18529,#5000);
#3705=LINE('',#18533,#5001);
#3706=LINE('',#18535,#5002);
#3707=LINE('',#18536,#5003);
#3708=LINE('',#18538,#5004);
#3709=LINE('',#18539,#5005);
#3710=LINE('',#18541,#5006);
#3711=LINE('',#18542,#5007);
#3712=LINE('',#18544,#5008);
#3713=LINE('',#18545,#5009);
#3714=LINE('',#18547,#5010);
#3715=LINE('',#18548,#5011);
#3716=LINE('',#18550,#5012);
#3717=LINE('',#18551,#5013);
#3718=LINE('',#18553,#5014);
#3719=VECTOR('',#12270,1.4);
#3720=VECTOR('',#12277,10.);
#3721=VECTOR('',#12280,10.);
#3722=VECTOR('',#12283,10.);
#3723=VECTOR('',#12284,10.);
#3724=VECTOR('',#12285,10.);
#3725=VECTOR('',#12288,10.);
#3726=VECTOR('',#12291,10.);
#3727=VECTOR('',#12292,10.);
#3728=VECTOR('',#12295,10.);
#3729=VECTOR('',#12296,10.);
#3730=VECTOR('',#12297,10.);
#3731=VECTOR('',#12300,1.4);
#3732=VECTOR('',#12305,10.);
#3733=VECTOR('',#12306,10.);
#3734=VECTOR('',#12311,10.);
#3735=VECTOR('',#12312,10.);
#3736=VECTOR('',#12315,10.);
#3737=VECTOR('',#12316,10.);
#3738=VECTOR('',#12317,10.);
#3739=VECTOR('',#12318,10.);
#3740=VECTOR('',#12321,10.);
#3741=VECTOR('',#12322,10.);
#3742=VECTOR('',#12327,10.);
#3743=VECTOR('',#12332,10.);
#3744=VECTOR('',#12333,10.);
#3745=VECTOR('',#12334,10.);
#3746=VECTOR('',#12337,10.);
#3747=VECTOR('',#12338,10.);
#3748=VECTOR('',#12347,1.4);
#3749=VECTOR('',#12350,10.);
#3750=VECTOR('',#12353,10.);
#3751=VECTOR('',#12358,10.);
#3752=VECTOR('',#12359,10.);
#3753=VECTOR('',#12360,10.);
#3754=VECTOR('',#12363,10.);
#3755=VECTOR('',#12364,10.);
#3756=VECTOR('',#12367,10.);
#3757=VECTOR('',#12370,10.);
#3758=VECTOR('',#12371,10.);
#3759=VECTOR('',#12372,10.);
#3760=VECTOR('',#12377,1.4);
#3761=VECTOR('',#12380,10.);
#3762=VECTOR('',#12381,10.);
#3763=VECTOR('',#12382,10.);
#3764=VECTOR('',#12385,10.);
#3765=VECTOR('',#12388,10.);
#3766=VECTOR('',#12393,10.);
#3767=VECTOR('',#12394,10.);
#3768=VECTOR('',#12395,10.);
#3769=VECTOR('',#12398,10.);
#3770=VECTOR('',#12401,10.);
#3771=VECTOR('',#12404,10.);
#3772=VECTOR('',#12407,10.);
#3773=VECTOR('',#12408,10.);
#3774=VECTOR('',#12409,10.);
#3775=VECTOR('',#12412,10.);
#3776=VECTOR('',#12415,10.);
#3777=VECTOR('',#12420,1.4);
#3778=VECTOR('',#12427,10.);
#3779=VECTOR('',#12430,10.);
#3780=VECTOR('',#12433,10.);
#3781=VECTOR('',#12434,10.);
#3782=VECTOR('',#12435,10.);
#3783=VECTOR('',#12438,10.);
#3784=VECTOR('',#12439,10.);
#3785=VECTOR('',#12442,10.);
#3786=VECTOR('',#12445,10.);
#3787=VECTOR('',#12446,10.);
#3788=VECTOR('',#12447,10.);
#3789=VECTOR('',#12450,1.4);
#3790=VECTOR('',#12455,10.);
#3791=VECTOR('',#12458,10.);
#3792=VECTOR('',#12461,10.);
#3793=VECTOR('',#12462,10.);
#3794=VECTOR('',#12465,10.);
#3795=VECTOR('',#12466,10.);
#3796=VECTOR('',#12467,10.);
#3797=VECTOR('',#12468,10.);
#3798=VECTOR('',#12471,10.);
#3799=VECTOR('',#12472,10.);
#3800=VECTOR('',#12479,10.);
#3801=VECTOR('',#12482,10.);
#3802=VECTOR('',#12483,10.);
#3803=VECTOR('',#12484,10.);
#3804=VECTOR('',#12487,10.);
#3805=VECTOR('',#12488,10.);
#3806=VECTOR('',#12497,1.4);
#3807=VECTOR('',#12500,10.);
#3808=VECTOR('',#12503,10.);
#3809=VECTOR('',#12508,10.);
#3810=VECTOR('',#12509,10.);
#3811=VECTOR('',#12510,10.);
#3812=VECTOR('',#12513,10.);
#3813=VECTOR('',#12516,10.);
#3814=VECTOR('',#12517,10.);
#3815=VECTOR('',#12520,10.);
#3816=VECTOR('',#12521,10.);
#3817=VECTOR('',#12522,10.);
#3818=VECTOR('',#12527,1.4);
#3819=VECTOR('',#12530,10.);
#3820=VECTOR('',#12531,10.);
#3821=VECTOR('',#12532,10.);
#3822=VECTOR('',#12535,10.);
#3823=VECTOR('',#12538,10.);
#3824=VECTOR('',#12543,10.);
#3825=VECTOR('',#12544,10.);
#3826=VECTOR('',#12545,10.);
#3827=VECTOR('',#12548,10.);
#3828=VECTOR('',#12551,10.);
#3829=VECTOR('',#12554,10.);
#3830=VECTOR('',#12557,10.);
#3831=VECTOR('',#12558,10.);
#3832=VECTOR('',#12559,10.);
#3833=VECTOR('',#12562,10.);
#3834=VECTOR('',#12565,10.);
#3835=VECTOR('',#12570,1.4);
#3836=VECTOR('',#12577,10.);
#3837=VECTOR('',#12580,10.);
#3838=VECTOR('',#12583,10.);
#3839=VECTOR('',#12584,10.);
#3840=VECTOR('',#12585,10.);
#3841=VECTOR('',#12588,10.);
#3842=VECTOR('',#12591,10.);
#3843=VECTOR('',#12592,10.);
#3844=VECTOR('',#12595,10.);
#3845=VECTOR('',#12596,10.);
#3846=VECTOR('',#12597,10.);
#3847=VECTOR('',#12600,1.4);
#3848=VECTOR('',#12605,10.);
#3849=VECTOR('',#12606,10.);
#3850=VECTOR('',#12611,10.);
#3851=VECTOR('',#12612,10.);
#3852=VECTOR('',#12615,10.);
#3853=VECTOR('',#12616,10.);
#3854=VECTOR('',#12617,10.);
#3855=VECTOR('',#12618,10.);
#3856=VECTOR('',#12621,10.);
#3857=VECTOR('',#12622,10.);
#3858=VECTOR('',#12627,10.);
#3859=VECTOR('',#12632,10.);
#3860=VECTOR('',#12633,10.);
#3861=VECTOR('',#12634,10.);
#3862=VECTOR('',#12637,10.);
#3863=VECTOR('',#12638,10.);
#3864=VECTOR('',#12647,1.4);
#3865=VECTOR('',#12650,10.);
#3866=VECTOR('',#12653,10.);
#3867=VECTOR('',#12658,10.);
#3868=VECTOR('',#12659,10.);
#3869=VECTOR('',#12660,10.);
#3870=VECTOR('',#12663,10.);
#3871=VECTOR('',#12664,10.);
#3872=VECTOR('',#12667,10.);
#3873=VECTOR('',#12670,10.);
#3874=VECTOR('',#12671,10.);
#3875=VECTOR('',#12672,10.);
#3876=VECTOR('',#12677,1.4);
#3877=VECTOR('',#12680,10.);
#3878=VECTOR('',#12681,10.);
#3879=VECTOR('',#12682,10.);
#3880=VECTOR('',#12685,10.);
#3881=VECTOR('',#12688,10.);
#3882=VECTOR('',#12693,10.);
#3883=VECTOR('',#12694,10.);
#3884=VECTOR('',#12695,10.);
#3885=VECTOR('',#12698,10.);
#3886=VECTOR('',#12701,10.);
#3887=VECTOR('',#12704,10.);
#3888=VECTOR('',#12707,10.);
#3889=VECTOR('',#12708,10.);
#3890=VECTOR('',#12709,10.);
#3891=VECTOR('',#12712,10.);
#3892=VECTOR('',#12715,10.);
#3893=VECTOR('',#12720,1.4);
#3894=VECTOR('',#12727,10.);
#3895=VECTOR('',#12730,10.);
#3896=VECTOR('',#12733,10.);
#3897=VECTOR('',#12734,10.);
#3898=VECTOR('',#12735,10.);
#3899=VECTOR('',#12738,10.);
#3900=VECTOR('',#12739,10.);
#3901=VECTOR('',#12742,10.);
#3902=VECTOR('',#12745,10.);
#3903=VECTOR('',#12746,10.);
#3904=VECTOR('',#12747,10.);
#3905=VECTOR('',#12750,1.4);
#3906=VECTOR('',#12755,10.);
#3907=VECTOR('',#12758,10.);
#3908=VECTOR('',#12761,10.);
#3909=VECTOR('',#12762,10.);
#3910=VECTOR('',#12765,10.);
#3911=VECTOR('',#12766,10.);
#3912=VECTOR('',#12767,10.);
#3913=VECTOR('',#12768,10.);
#3914=VECTOR('',#12771,10.);
#3915=VECTOR('',#12772,10.);
#3916=VECTOR('',#12779,10.);
#3917=VECTOR('',#12782,10.);
#3918=VECTOR('',#12783,10.);
#3919=VECTOR('',#12784,10.);
#3920=VECTOR('',#12787,10.);
#3921=VECTOR('',#12788,10.);
#3922=VECTOR('',#12797,1.4);
#3923=VECTOR('',#12800,10.);
#3924=VECTOR('',#12803,10.);
#3925=VECTOR('',#12808,10.);
#3926=VECTOR('',#12809,10.);
#3927=VECTOR('',#12810,10.);
#3928=VECTOR('',#12813,10.);
#3929=VECTOR('',#12816,10.);
#3930=VECTOR('',#12817,10.);
#3931=VECTOR('',#12820,10.);
#3932=VECTOR('',#12821,10.);
#3933=VECTOR('',#12822,10.);
#3934=VECTOR('',#12827,1.4);
#3935=VECTOR('',#12830,10.);
#3936=VECTOR('',#12831,10.);
#3937=VECTOR('',#12832,10.);
#3938=VECTOR('',#12835,10.);
#3939=VECTOR('',#12838,10.);
#3940=VECTOR('',#12843,10.);
#3941=VECTOR('',#12844,10.);
#3942=VECTOR('',#12845,10.);
#3943=VECTOR('',#12848,10.);
#3944=VECTOR('',#12851,10.);
#3945=VECTOR('',#12854,10.);
#3946=VECTOR('',#12857,10.);
#3947=VECTOR('',#12858,10.);
#3948=VECTOR('',#12859,10.);
#3949=VECTOR('',#12862,10.);
#3950=VECTOR('',#12865,10.);
#3951=VECTOR('',#12870,10.);
#3952=VECTOR('',#12871,10.);
#3953=VECTOR('',#12872,10.);
#3954=VECTOR('',#12873,10.);
#3955=VECTOR('',#12876,10.);
#3956=VECTOR('',#12877,10.);
#3957=VECTOR('',#12878,10.);
#3958=VECTOR('',#12881,10.);
#3959=VECTOR('',#12882,10.);
#3960=VECTOR('',#12883,10.);
#3961=VECTOR('',#12886,10.);
#3962=VECTOR('',#12887,10.);
#3963=VECTOR('',#12892,10.);
#3964=VECTOR('',#12893,10.);
#3965=VECTOR('',#12894,10.);
#3966=VECTOR('',#12897,10.);
#3967=VECTOR('',#12898,10.);
#3968=VECTOR('',#12899,10.);
#3969=VECTOR('',#12902,10.);
#3970=VECTOR('',#12903,10.);
#3971=VECTOR('',#12904,10.);
#3972=VECTOR('',#12907,10.);
#3973=VECTOR('',#12908,10.);
#3974=VECTOR('',#12909,10.);
#3975=VECTOR('',#12912,10.);
#3976=VECTOR('',#12913,10.);
#3977=VECTOR('',#12916,10.);
#3978=VECTOR('',#12917,10.);
#3979=VECTOR('',#12918,10.);
#3980=VECTOR('',#12921,10.);
#3981=VECTOR('',#12922,10.);
#3982=VECTOR('',#12925,10.);
#3983=VECTOR('',#12926,10.);
#3984=VECTOR('',#12929,10.);
#3985=VECTOR('',#12930,10.);
#3986=VECTOR('',#12931,10.);
#3987=VECTOR('',#12934,10.);
#3988=VECTOR('',#12935,10.);
#3989=VECTOR('',#12938,10.);
#3990=VECTOR('',#12939,10.);
#3991=VECTOR('',#12940,10.);
#3992=VECTOR('',#12943,10.);
#3993=VECTOR('',#12944,10.);
#3994=VECTOR('',#12947,10.);
#3995=VECTOR('',#12948,10.);
#3996=VECTOR('',#12951,10.);
#3997=VECTOR('',#12952,10.);
#3998=VECTOR('',#12953,10.);
#3999=VECTOR('',#12956,10.);
#4000=VECTOR('',#12957,10.);
#4001=VECTOR('',#12960,10.);
#4002=VECTOR('',#12961,10.);
#4003=VECTOR('',#12964,10.);
#4004=VECTOR('',#12965,10.);
#4005=VECTOR('',#12968,10.);
#4006=VECTOR('',#12969,10.);
#4007=VECTOR('',#12972,10.);
#4008=VECTOR('',#12973,10.);
#4009=VECTOR('',#12976,10.);
#4010=VECTOR('',#12977,10.);
#4011=VECTOR('',#12992,10.);
#4012=VECTOR('',#12993,10.);
#4013=VECTOR('',#12994,10.);
#4014=VECTOR('',#12997,10.);
#4015=VECTOR('',#12998,10.);
#4016=VECTOR('',#12999,10.);
#4017=VECTOR('',#13000,10.);
#4018=VECTOR('',#13003,10.);
#4019=VECTOR('',#13004,10.);
#4020=VECTOR('',#13005,10.);
#4021=VECTOR('',#13008,10.);
#4022=VECTOR('',#13009,10.);
#4023=VECTOR('',#13010,10.);
#4024=VECTOR('',#13013,10.);
#4025=VECTOR('',#13014,10.);
#4026=VECTOR('',#13017,10.);
#4027=VECTOR('',#13018,10.);
#4028=VECTOR('',#13019,10.);
#4029=VECTOR('',#13020,10.);
#4030=VECTOR('',#13023,10.);
#4031=VECTOR('',#13024,10.);
#4032=VECTOR('',#13025,10.);
#4033=VECTOR('',#13028,10.);
#4034=VECTOR('',#13029,10.);
#4035=VECTOR('',#13032,10.);
#4036=VECTOR('',#13033,10.);
#4037=VECTOR('',#13034,10.);
#4038=VECTOR('',#13037,10.);
#4039=VECTOR('',#13038,10.);
#4040=VECTOR('',#13041,10.);
#4041=VECTOR('',#13042,10.);
#4042=VECTOR('',#13045,10.);
#4043=VECTOR('',#13046,10.);
#4044=VECTOR('',#13047,10.);
#4045=VECTOR('',#13050,10.);
#4046=VECTOR('',#13051,10.);
#4047=VECTOR('',#13054,10.);
#4048=VECTOR('',#13055,10.);
#4049=VECTOR('',#13058,10.);
#4050=VECTOR('',#13059,10.);
#4051=VECTOR('',#13062,10.);
#4052=VECTOR('',#13063,10.);
#4053=VECTOR('',#13066,10.);
#4054=VECTOR('',#13067,10.);
#4055=VECTOR('',#13070,10.);
#4056=VECTOR('',#13083,1.6);
#4057=VECTOR('',#13090,10.);
#4058=VECTOR('',#13091,10.);
#4059=VECTOR('',#13092,10.);
#4060=VECTOR('',#13093,10.);
#4061=VECTOR('',#13096,1.6);
#4062=VECTOR('',#13101,10.);
#4063=VECTOR('',#13102,10.);
#4064=VECTOR('',#13103,10.);
#4065=VECTOR('',#13106,10.);
#4066=VECTOR('',#13107,10.);
#4067=VECTOR('',#13110,10.);
#4068=VECTOR('',#13115,10.);
#4069=VECTOR('',#13116,10.);
#4070=VECTOR('',#13119,10.);
#4071=VECTOR('',#13126,1.6);
#4072=VECTOR('',#13129,10.);
#4073=VECTOR('',#13132,10.);
#4074=VECTOR('',#13135,10.);
#4075=VECTOR('',#13136,10.);
#4076=VECTOR('',#13139,10.);
#4077=VECTOR('',#13140,10.);
#4078=VECTOR('',#13141,10.);
#4079=VECTOR('',#13146,10.);
#4080=VECTOR('',#13149,10.);
#4081=VECTOR('',#13150,10.);
#4082=VECTOR('',#13151,10.);
#4083=VECTOR('',#13154,10.);
#4084=VECTOR('',#13157,10.);
#4085=VECTOR('',#13162,1.6);
#4086=VECTOR('',#13165,10.);
#4087=VECTOR('',#13166,10.);
#4088=VECTOR('',#13169,10.);
#4089=VECTOR('',#13170,10.);
#4090=VECTOR('',#13171,10.);
#4091=VECTOR('',#13176,10.);
#4092=VECTOR('',#13177,10.);
#4093=VECTOR('',#13178,10.);
#4094=VECTOR('',#13181,10.);
#4095=VECTOR('',#13182,10.);
#4096=VECTOR('',#13185,10.);
#4097=VECTOR('',#13186,10.);
#4098=VECTOR('',#13189,10.);
#4099=VECTOR('',#13190,10.);
#4100=VECTOR('',#13199,1.4);
#4101=VECTOR('',#13206,10.);
#4102=VECTOR('',#13209,10.);
#4103=VECTOR('',#13212,10.);
#4104=VECTOR('',#13213,10.);
#4105=VECTOR('',#13214,10.);
#4106=VECTOR('',#13217,10.);
#4107=VECTOR('',#13220,10.);
#4108=VECTOR('',#13221,10.);
#4109=VECTOR('',#13224,10.);
#4110=VECTOR('',#13225,10.);
#4111=VECTOR('',#13226,10.);
#4112=VECTOR('',#13229,1.4);
#4113=VECTOR('',#13234,10.);
#4114=VECTOR('',#13235,10.);
#4115=VECTOR('',#13240,10.);
#4116=VECTOR('',#13241,10.);
#4117=VECTOR('',#13244,10.);
#4118=VECTOR('',#13245,10.);
#4119=VECTOR('',#13246,10.);
#4120=VECTOR('',#13247,10.);
#4121=VECTOR('',#13250,10.);
#4122=VECTOR('',#13251,10.);
#4123=VECTOR('',#13256,10.);
#4124=VECTOR('',#13261,10.);
#4125=VECTOR('',#13262,10.);
#4126=VECTOR('',#13263,10.);
#4127=VECTOR('',#13266,10.);
#4128=VECTOR('',#13267,10.);
#4129=VECTOR('',#13276,1.4);
#4130=VECTOR('',#13279,10.);
#4131=VECTOR('',#13282,10.);
#4132=VECTOR('',#13287,10.);
#4133=VECTOR('',#13288,10.);
#4134=VECTOR('',#13289,10.);
#4135=VECTOR('',#13292,10.);
#4136=VECTOR('',#13293,10.);
#4137=VECTOR('',#13296,10.);
#4138=VECTOR('',#13299,10.);
#4139=VECTOR('',#13300,10.);
#4140=VECTOR('',#13301,10.);
#4141=VECTOR('',#13306,1.4);
#4142=VECTOR('',#13309,10.);
#4143=VECTOR('',#13310,10.);
#4144=VECTOR('',#13311,10.);
#4145=VECTOR('',#13314,10.);
#4146=VECTOR('',#13317,10.);
#4147=VECTOR('',#13322,10.);
#4148=VECTOR('',#13323,10.);
#4149=VECTOR('',#13324,10.);
#4150=VECTOR('',#13327,10.);
#4151=VECTOR('',#13330,10.);
#4152=VECTOR('',#13333,10.);
#4153=VECTOR('',#13336,10.);
#4154=VECTOR('',#13337,10.);
#4155=VECTOR('',#13338,10.);
#4156=VECTOR('',#13341,10.);
#4157=VECTOR('',#13344,10.);
#4158=VECTOR('',#13351,1.6);
#4159=VECTOR('',#13354,10.);
#4160=VECTOR('',#13355,10.);
#4161=VECTOR('',#13356,10.);
#4162=VECTOR('',#13359,10.);
#4163=VECTOR('',#13364,10.);
#4164=VECTOR('',#13365,10.);
#4165=VECTOR('',#13366,10.);
#4166=VECTOR('',#13369,10.);
#4167=VECTOR('',#13374,10.);
#4168=VECTOR('',#13375,10.);
#4169=VECTOR('',#13376,10.);
#4170=VECTOR('',#13379,10.);
#4171=VECTOR('',#13380,10.);
#4172=VECTOR('',#13387,1.6);
#4173=VECTOR('',#13390,10.);
#4174=VECTOR('',#13391,10.);
#4175=VECTOR('',#13394,10.);
#4176=VECTOR('',#13397,10.);
#4177=VECTOR('',#13398,10.);
#4178=VECTOR('',#13401,10.);
#4179=VECTOR('',#13402,10.);
#4180=VECTOR('',#13403,10.);
#4181=VECTOR('',#13406,10.);
#4182=VECTOR('',#13407,10.);
#4183=VECTOR('',#13410,10.);
#4184=VECTOR('',#13411,10.);
#4185=VECTOR('',#13414,10.);
#4186=VECTOR('',#13415,10.);
#4187=VECTOR('',#13424,10.);
#4188=VECTOR('',#13425,10.);
#4189=VECTOR('',#13426,10.);
#4190=VECTOR('',#13429,10.);
#4191=VECTOR('',#13430,10.);
#4192=VECTOR('',#13431,10.);
#4193=VECTOR('',#13432,10.);
#4194=VECTOR('',#13435,10.);
#4195=VECTOR('',#13436,10.);
#4196=VECTOR('',#13437,10.);
#4197=VECTOR('',#13440,10.);
#4198=VECTOR('',#13441,10.);
#4199=VECTOR('',#13442,10.);
#4200=VECTOR('',#13445,10.);
#4201=VECTOR('',#13446,10.);
#4202=VECTOR('',#13449,10.);
#4203=VECTOR('',#13450,10.);
#4204=VECTOR('',#13451,10.);
#4205=VECTOR('',#13452,10.);
#4206=VECTOR('',#13455,10.);
#4207=VECTOR('',#13456,10.);
#4208=VECTOR('',#13457,10.);
#4209=VECTOR('',#13460,10.);
#4210=VECTOR('',#13461,10.);
#4211=VECTOR('',#13464,10.);
#4212=VECTOR('',#13465,10.);
#4213=VECTOR('',#13466,10.);
#4214=VECTOR('',#13469,10.);
#4215=VECTOR('',#13470,10.);
#4216=VECTOR('',#13473,10.);
#4217=VECTOR('',#13474,10.);
#4218=VECTOR('',#13477,10.);
#4219=VECTOR('',#13478,10.);
#4220=VECTOR('',#13479,10.);
#4221=VECTOR('',#13482,10.);
#4222=VECTOR('',#13483,10.);
#4223=VECTOR('',#13486,10.);
#4224=VECTOR('',#13487,10.);
#4225=VECTOR('',#13490,10.);
#4226=VECTOR('',#13491,10.);
#4227=VECTOR('',#13494,10.);
#4228=VECTOR('',#13495,10.);
#4229=VECTOR('',#13498,10.);
#4230=VECTOR('',#13499,10.);
#4231=VECTOR('',#13502,10.);
#4232=VECTOR('',#13515,1.6);
#4233=VECTOR('',#13522,10.);
#4234=VECTOR('',#13523,10.);
#4235=VECTOR('',#13524,10.);
#4236=VECTOR('',#13525,10.);
#4237=VECTOR('',#13528,1.6);
#4238=VECTOR('',#13533,10.);
#4239=VECTOR('',#13534,10.);
#4240=VECTOR('',#13535,10.);
#4241=VECTOR('',#13538,10.);
#4242=VECTOR('',#13539,10.);
#4243=VECTOR('',#13544,10.);
#4244=VECTOR('',#13547,10.);
#4245=VECTOR('',#13548,10.);
#4246=VECTOR('',#13551,10.);
#4247=VECTOR('',#13556,10.);
#4248=VECTOR('',#13557,10.);
#4249=VECTOR('',#13558,10.);
#4250=VECTOR('',#13559,10.);
#4251=VECTOR('',#13562,10.);
#4252=VECTOR('',#13563,10.);
#4253=VECTOR('',#13564,10.);
#4254=VECTOR('',#13567,10.);
#4255=VECTOR('',#13568,10.);
#4256=VECTOR('',#13569,10.);
#4257=VECTOR('',#13572,10.);
#4258=VECTOR('',#13573,10.);
#4259=VECTOR('',#13578,10.);
#4260=VECTOR('',#13579,10.);
#4261=VECTOR('',#13580,10.);
#4262=VECTOR('',#13583,10.);
#4263=VECTOR('',#13584,10.);
#4264=VECTOR('',#13585,10.);
#4265=VECTOR('',#13588,10.);
#4266=VECTOR('',#13589,10.);
#4267=VECTOR('',#13590,10.);
#4268=VECTOR('',#13593,10.);
#4269=VECTOR('',#13594,10.);
#4270=VECTOR('',#13595,10.);
#4271=VECTOR('',#13598,10.);
#4272=VECTOR('',#13599,10.);
#4273=VECTOR('',#13602,10.);
#4274=VECTOR('',#13603,10.);
#4275=VECTOR('',#13604,10.);
#4276=VECTOR('',#13607,10.);
#4277=VECTOR('',#13608,10.);
#4278=VECTOR('',#13611,10.);
#4279=VECTOR('',#13612,10.);
#4280=VECTOR('',#13615,10.);
#4281=VECTOR('',#13616,10.);
#4282=VECTOR('',#13617,10.);
#4283=VECTOR('',#13620,10.);
#4284=VECTOR('',#13621,10.);
#4285=VECTOR('',#13624,10.);
#4286=VECTOR('',#13625,10.);
#4287=VECTOR('',#13626,10.);
#4288=VECTOR('',#13629,10.);
#4289=VECTOR('',#13630,10.);
#4290=VECTOR('',#13633,10.);
#4291=VECTOR('',#13634,10.);
#4292=VECTOR('',#13637,10.);
#4293=VECTOR('',#13638,10.);
#4294=VECTOR('',#13639,10.);
#4295=VECTOR('',#13642,10.);
#4296=VECTOR('',#13643,10.);
#4297=VECTOR('',#13646,10.);
#4298=VECTOR('',#13647,10.);
#4299=VECTOR('',#13650,10.);
#4300=VECTOR('',#13651,10.);
#4301=VECTOR('',#13654,10.);
#4302=VECTOR('',#13655,10.);
#4303=VECTOR('',#13658,10.);
#4304=VECTOR('',#13659,10.);
#4305=VECTOR('',#13662,10.);
#4306=VECTOR('',#13663,10.);
#4307=VECTOR('',#13680,1.4);
#4308=VECTOR('',#13683,10.);
#4309=VECTOR('',#13686,10.);
#4310=VECTOR('',#13691,10.);
#4311=VECTOR('',#13692,10.);
#4312=VECTOR('',#13693,10.);
#4313=VECTOR('',#13696,10.);
#4314=VECTOR('',#13699,10.);
#4315=VECTOR('',#13700,10.);
#4316=VECTOR('',#13703,10.);
#4317=VECTOR('',#13704,10.);
#4318=VECTOR('',#13705,10.);
#4319=VECTOR('',#13710,1.4);
#4320=VECTOR('',#13713,10.);
#4321=VECTOR('',#13714,10.);
#4322=VECTOR('',#13715,10.);
#4323=VECTOR('',#13718,10.);
#4324=VECTOR('',#13721,10.);
#4325=VECTOR('',#13726,10.);
#4326=VECTOR('',#13727,10.);
#4327=VECTOR('',#13728,10.);
#4328=VECTOR('',#13731,10.);
#4329=VECTOR('',#13734,10.);
#4330=VECTOR('',#13737,10.);
#4331=VECTOR('',#13740,10.);
#4332=VECTOR('',#13741,10.);
#4333=VECTOR('',#13742,10.);
#4334=VECTOR('',#13745,10.);
#4335=VECTOR('',#13748,10.);
#4336=VECTOR('',#13755,1.4);
#4337=VECTOR('',#13758,10.);
#4338=VECTOR('',#13761,10.);
#4339=VECTOR('',#13766,10.);
#4340=VECTOR('',#13767,10.);
#4341=VECTOR('',#13768,10.);
#4342=VECTOR('',#13771,10.);
#4343=VECTOR('',#13774,10.);
#4344=VECTOR('',#13775,10.);
#4345=VECTOR('',#13778,10.);
#4346=VECTOR('',#13779,10.);
#4347=VECTOR('',#13780,10.);
#4348=VECTOR('',#13785,1.4);
#4349=VECTOR('',#13788,10.);
#4350=VECTOR('',#13789,10.);
#4351=VECTOR('',#13790,10.);
#4352=VECTOR('',#13793,10.);
#4353=VECTOR('',#13796,10.);
#4354=VECTOR('',#13801,10.);
#4355=VECTOR('',#13802,10.);
#4356=VECTOR('',#13803,10.);
#4357=VECTOR('',#13806,10.);
#4358=VECTOR('',#13809,10.);
#4359=VECTOR('',#13812,10.);
#4360=VECTOR('',#13815,10.);
#4361=VECTOR('',#13816,10.);
#4362=VECTOR('',#13817,10.);
#4363=VECTOR('',#13820,10.);
#4364=VECTOR('',#13823,10.);
#4365=VECTOR('',#13830,1.4);
#4366=VECTOR('',#13833,10.);
#4367=VECTOR('',#13836,10.);
#4368=VECTOR('',#13841,10.);
#4369=VECTOR('',#13842,10.);
#4370=VECTOR('',#13843,10.);
#4371=VECTOR('',#13846,10.);
#4372=VECTOR('',#13847,10.);
#4373=VECTOR('',#13850,10.);
#4374=VECTOR('',#13853,10.);
#4375=VECTOR('',#13854,10.);
#4376=VECTOR('',#13855,10.);
#4377=VECTOR('',#13860,1.4);
#4378=VECTOR('',#13863,10.);
#4379=VECTOR('',#13864,10.);
#4380=VECTOR('',#13865,10.);
#4381=VECTOR('',#13868,10.);
#4382=VECTOR('',#13871,10.);
#4383=VECTOR('',#13876,10.);
#4384=VECTOR('',#13877,10.);
#4385=VECTOR('',#13878,10.);
#4386=VECTOR('',#13881,10.);
#4387=VECTOR('',#13884,10.);
#4388=VECTOR('',#13887,10.);
#4389=VECTOR('',#13890,10.);
#4390=VECTOR('',#13891,10.);
#4391=VECTOR('',#13892,10.);
#4392=VECTOR('',#13895,10.);
#4393=VECTOR('',#13898,10.);
#4394=VECTOR('',#13903,10.);
#4395=VECTOR('',#13904,10.);
#4396=VECTOR('',#13905,10.);
#4397=VECTOR('',#13908,10.);
#4398=VECTOR('',#13909,10.);
#4399=VECTOR('',#13910,10.);
#4400=VECTOR('',#13911,10.);
#4401=VECTOR('',#13914,10.);
#4402=VECTOR('',#13915,10.);
#4403=VECTOR('',#13916,10.);
#4404=VECTOR('',#13919,10.);
#4405=VECTOR('',#13920,10.);
#4406=VECTOR('',#13921,10.);
#4407=VECTOR('',#13924,10.);
#4408=VECTOR('',#13925,10.);
#4409=VECTOR('',#13928,10.);
#4410=VECTOR('',#13929,10.);
#4411=VECTOR('',#13930,10.);
#4412=VECTOR('',#13931,10.);
#4413=VECTOR('',#13934,10.);
#4414=VECTOR('',#13935,10.);
#4415=VECTOR('',#13936,10.);
#4416=VECTOR('',#13939,10.);
#4417=VECTOR('',#13940,10.);
#4418=VECTOR('',#13943,10.);
#4419=VECTOR('',#13944,10.);
#4420=VECTOR('',#13945,10.);
#4421=VECTOR('',#13948,10.);
#4422=VECTOR('',#13949,10.);
#4423=VECTOR('',#13952,10.);
#4424=VECTOR('',#13953,10.);
#4425=VECTOR('',#13956,10.);
#4426=VECTOR('',#13957,10.);
#4427=VECTOR('',#13958,10.);
#4428=VECTOR('',#13961,10.);
#4429=VECTOR('',#13962,10.);
#4430=VECTOR('',#13965,10.);
#4431=VECTOR('',#13966,10.);
#4432=VECTOR('',#13969,10.);
#4433=VECTOR('',#13970,10.);
#4434=VECTOR('',#13973,10.);
#4435=VECTOR('',#13974,10.);
#4436=VECTOR('',#13977,10.);
#4437=VECTOR('',#13978,10.);
#4438=VECTOR('',#13981,10.);
#4439=VECTOR('',#13994,10.);
#4440=VECTOR('',#13995,10.);
#4441=VECTOR('',#13996,10.);
#4442=VECTOR('',#13999,10.);
#4443=VECTOR('',#14000,10.);
#4444=VECTOR('',#14001,10.);
#4445=VECTOR('',#14002,10.);
#4446=VECTOR('',#14005,10.);
#4447=VECTOR('',#14006,10.);
#4448=VECTOR('',#14007,10.);
#4449=VECTOR('',#14010,10.);
#4450=VECTOR('',#14011,10.);
#4451=VECTOR('',#14012,10.);
#4452=VECTOR('',#14015,10.);
#4453=VECTOR('',#14016,10.);
#4454=VECTOR('',#14019,10.);
#4455=VECTOR('',#14020,10.);
#4456=VECTOR('',#14021,10.);
#4457=VECTOR('',#14022,10.);
#4458=VECTOR('',#14025,10.);
#4459=VECTOR('',#14026,10.);
#4460=VECTOR('',#14027,10.);
#4461=VECTOR('',#14030,10.);
#4462=VECTOR('',#14031,10.);
#4463=VECTOR('',#14034,10.);
#4464=VECTOR('',#14035,10.);
#4465=VECTOR('',#14036,10.);
#4466=VECTOR('',#14039,10.);
#4467=VECTOR('',#14040,10.);
#4468=VECTOR('',#14043,10.);
#4469=VECTOR('',#14044,10.);
#4470=VECTOR('',#14047,10.);
#4471=VECTOR('',#14048,10.);
#4472=VECTOR('',#14049,10.);
#4473=VECTOR('',#14052,10.);
#4474=VECTOR('',#14053,10.);
#4475=VECTOR('',#14056,10.);
#4476=VECTOR('',#14057,10.);
#4477=VECTOR('',#14060,10.);
#4478=VECTOR('',#14061,10.);
#4479=VECTOR('',#14064,10.);
#4480=VECTOR('',#14065,10.);
#4481=VECTOR('',#14068,10.);
#4482=VECTOR('',#14069,10.);
#4483=VECTOR('',#14072,10.);
#4484=VECTOR('',#14085,10.);
#4485=VECTOR('',#14086,10.);
#4486=VECTOR('',#14087,10.);
#4487=VECTOR('',#14090,10.);
#4488=VECTOR('',#14091,10.);
#4489=VECTOR('',#14092,10.);
#4490=VECTOR('',#14093,10.);
#4491=VECTOR('',#14096,10.);
#4492=VECTOR('',#14097,10.);
#4493=VECTOR('',#14098,10.);
#4494=VECTOR('',#14101,10.);
#4495=VECTOR('',#14102,10.);
#4496=VECTOR('',#14103,10.);
#4497=VECTOR('',#14106,10.);
#4498=VECTOR('',#14107,10.);
#4499=VECTOR('',#14110,10.);
#4500=VECTOR('',#14111,10.);
#4501=VECTOR('',#14112,10.);
#4502=VECTOR('',#14113,10.);
#4503=VECTOR('',#14116,10.);
#4504=VECTOR('',#14117,10.);
#4505=VECTOR('',#14118,10.);
#4506=VECTOR('',#14121,10.);
#4507=VECTOR('',#14122,10.);
#4508=VECTOR('',#14125,10.);
#4509=VECTOR('',#14126,10.);
#4510=VECTOR('',#14127,10.);
#4511=VECTOR('',#14130,10.);
#4512=VECTOR('',#14131,10.);
#4513=VECTOR('',#14134,10.);
#4514=VECTOR('',#14135,10.);
#4515=VECTOR('',#14138,10.);
#4516=VECTOR('',#14139,10.);
#4517=VECTOR('',#14140,10.);
#4518=VECTOR('',#14143,10.);
#4519=VECTOR('',#14144,10.);
#4520=VECTOR('',#14147,10.);
#4521=VECTOR('',#14148,10.);
#4522=VECTOR('',#14151,10.);
#4523=VECTOR('',#14152,10.);
#4524=VECTOR('',#14155,10.);
#4525=VECTOR('',#14156,10.);
#4526=VECTOR('',#14159,10.);
#4527=VECTOR('',#14160,10.);
#4528=VECTOR('',#14163,10.);
#4529=VECTOR('',#14178,1.6);
#4530=VECTOR('',#14181,10.);
#4531=VECTOR('',#14184,10.);
#4532=VECTOR('',#14187,10.);
#4533=VECTOR('',#14188,10.);
#4534=VECTOR('',#14191,10.);
#4535=VECTOR('',#14192,10.);
#4536=VECTOR('',#14193,10.);
#4537=VECTOR('',#14198,10.);
#4538=VECTOR('',#14201,10.);
#4539=VECTOR('',#14202,10.);
#4540=VECTOR('',#14203,10.);
#4541=VECTOR('',#14206,10.);
#4542=VECTOR('',#14209,10.);
#4543=VECTOR('',#14214,1.6);
#4544=VECTOR('',#14217,10.);
#4545=VECTOR('',#14218,10.);
#4546=VECTOR('',#14221,10.);
#4547=VECTOR('',#14222,10.);
#4548=VECTOR('',#14223,10.);
#4549=VECTOR('',#14228,10.);
#4550=VECTOR('',#14229,10.);
#4551=VECTOR('',#14230,10.);
#4552=VECTOR('',#14233,10.);
#4553=VECTOR('',#14234,10.);
#4554=VECTOR('',#14237,10.);
#4555=VECTOR('',#14238,10.);
#4556=VECTOR('',#14241,10.);
#4557=VECTOR('',#14242,10.);
#4558=VECTOR('',#14253,1.6);
#4559=VECTOR('',#14256,10.);
#4560=VECTOR('',#14259,10.);
#4561=VECTOR('',#14262,10.);
#4562=VECTOR('',#14263,10.);
#4563=VECTOR('',#14266,10.);
#4564=VECTOR('',#14267,10.);
#4565=VECTOR('',#14268,10.);
#4566=VECTOR('',#14273,10.);
#4567=VECTOR('',#14276,10.);
#4568=VECTOR('',#14277,10.);
#4569=VECTOR('',#14278,10.);
#4570=VECTOR('',#14281,10.);
#4571=VECTOR('',#14284,10.);
#4572=VECTOR('',#14289,1.6);
#4573=VECTOR('',#14292,10.);
#4574=VECTOR('',#14293,10.);
#4575=VECTOR('',#14296,10.);
#4576=VECTOR('',#14297,10.);
#4577=VECTOR('',#14298,10.);
#4578=VECTOR('',#14303,10.);
#4579=VECTOR('',#14304,10.);
#4580=VECTOR('',#14305,10.);
#4581=VECTOR('',#14308,10.);
#4582=VECTOR('',#14309,10.);
#4583=VECTOR('',#14312,10.);
#4584=VECTOR('',#14313,10.);
#4585=VECTOR('',#14316,10.);
#4586=VECTOR('',#14317,10.);
#4587=VECTOR('',#14328,1.6);
#4588=VECTOR('',#14331,10.);
#4589=VECTOR('',#14334,10.);
#4590=VECTOR('',#14337,10.);
#4591=VECTOR('',#14338,10.);
#4592=VECTOR('',#14341,10.);
#4593=VECTOR('',#14342,10.);
#4594=VECTOR('',#14343,10.);
#4595=VECTOR('',#14348,10.);
#4596=VECTOR('',#14351,10.);
#4597=VECTOR('',#14352,10.);
#4598=VECTOR('',#14353,10.);
#4599=VECTOR('',#14356,10.);
#4600=VECTOR('',#14359,10.);
#4601=VECTOR('',#14364,1.6);
#4602=VECTOR('',#14367,10.);
#4603=VECTOR('',#14368,10.);
#4604=VECTOR('',#14371,10.);
#4605=VECTOR('',#14372,10.);
#4606=VECTOR('',#14373,10.);
#4607=VECTOR('',#14378,10.);
#4608=VECTOR('',#14379,10.);
#4609=VECTOR('',#14380,10.);
#4610=VECTOR('',#14383,10.);
#4611=VECTOR('',#14384,10.);
#4612=VECTOR('',#14387,10.);
#4613=VECTOR('',#14388,10.);
#4614=VECTOR('',#14391,10.);
#4615=VECTOR('',#14392,10.);
#4616=VECTOR('',#14401,1.4);
#4617=VECTOR('',#14408,10.);
#4618=VECTOR('',#14411,10.);
#4619=VECTOR('',#14414,10.);
#4620=VECTOR('',#14415,10.);
#4621=VECTOR('',#14416,10.);
#4622=VECTOR('',#14419,10.);
#4623=VECTOR('',#14422,10.);
#4624=VECTOR('',#14423,10.);
#4625=VECTOR('',#14426,10.);
#4626=VECTOR('',#14427,10.);
#4627=VECTOR('',#14428,10.);
#4628=VECTOR('',#14431,1.4);
#4629=VECTOR('',#14436,10.);
#4630=VECTOR('',#14437,10.);
#4631=VECTOR('',#14442,10.);
#4632=VECTOR('',#14443,10.);
#4633=VECTOR('',#14446,10.);
#4634=VECTOR('',#14447,10.);
#4635=VECTOR('',#14448,10.);
#4636=VECTOR('',#14449,10.);
#4637=VECTOR('',#14452,10.);
#4638=VECTOR('',#14453,10.);
#4639=VECTOR('',#14458,10.);
#4640=VECTOR('',#14463,10.);
#4641=VECTOR('',#14464,10.);
#4642=VECTOR('',#14465,10.);
#4643=VECTOR('',#14468,10.);
#4644=VECTOR('',#14469,10.);
#4645=VECTOR('',#14476,1.4);
#4646=VECTOR('',#14483,10.);
#4647=VECTOR('',#14486,10.);
#4648=VECTOR('',#14489,10.);
#4649=VECTOR('',#14490,10.);
#4650=VECTOR('',#14491,10.);
#4651=VECTOR('',#14494,10.);
#4652=VECTOR('',#14497,10.);
#4653=VECTOR('',#14498,10.);
#4654=VECTOR('',#14501,10.);
#4655=VECTOR('',#14502,10.);
#4656=VECTOR('',#14503,10.);
#4657=VECTOR('',#14506,1.4);
#4658=VECTOR('',#14511,10.);
#4659=VECTOR('',#14512,10.);
#4660=VECTOR('',#14517,10.);
#4661=VECTOR('',#14518,10.);
#4662=VECTOR('',#14521,10.);
#4663=VECTOR('',#14522,10.);
#4664=VECTOR('',#14523,10.);
#4665=VECTOR('',#14524,10.);
#4666=VECTOR('',#14527,10.);
#4667=VECTOR('',#14528,10.);
#4668=VECTOR('',#14533,10.);
#4669=VECTOR('',#14538,10.);
#4670=VECTOR('',#14539,10.);
#4671=VECTOR('',#14540,10.);
#4672=VECTOR('',#14543,10.);
#4673=VECTOR('',#14544,10.);
#4674=VECTOR('',#14551,1.4);
#4675=VECTOR('',#14558,10.);
#4676=VECTOR('',#14561,10.);
#4677=VECTOR('',#14564,10.);
#4678=VECTOR('',#14565,10.);
#4679=VECTOR('',#14566,10.);
#4680=VECTOR('',#14569,10.);
#4681=VECTOR('',#14572,10.);
#4682=VECTOR('',#14573,10.);
#4683=VECTOR('',#14576,10.);
#4684=VECTOR('',#14577,10.);
#4685=VECTOR('',#14578,10.);
#4686=VECTOR('',#14581,1.4);
#4687=VECTOR('',#14586,10.);
#4688=VECTOR('',#14587,10.);
#4689=VECTOR('',#14592,10.);
#4690=VECTOR('',#14593,10.);
#4691=VECTOR('',#14596,10.);
#4692=VECTOR('',#14597,10.);
#4693=VECTOR('',#14598,10.);
#4694=VECTOR('',#14599,10.);
#4695=VECTOR('',#14602,10.);
#4696=VECTOR('',#14603,10.);
#4697=VECTOR('',#14608,10.);
#4698=VECTOR('',#14613,10.);
#4699=VECTOR('',#14614,10.);
#4700=VECTOR('',#14615,10.);
#4701=VECTOR('',#14618,10.);
#4702=VECTOR('',#14619,10.);
#4703=VECTOR('',#14628,1.6);
#4704=VECTOR('',#14631,10.);
#4705=VECTOR('',#14632,10.);
#4706=VECTOR('',#14633,10.);
#4707=VECTOR('',#14636,10.);
#4708=VECTOR('',#14641,10.);
#4709=VECTOR('',#14642,10.);
#4710=VECTOR('',#14643,10.);
#4711=VECTOR('',#14646,10.);
#4712=VECTOR('',#14651,10.);
#4713=VECTOR('',#14652,10.);
#4714=VECTOR('',#14653,10.);
#4715=VECTOR('',#14656,10.);
#4716=VECTOR('',#14657,10.);
#4717=VECTOR('',#14664,1.6);
#4718=VECTOR('',#14667,10.);
#4719=VECTOR('',#14668,10.);
#4720=VECTOR('',#14671,10.);
#4721=VECTOR('',#14674,10.);
#4722=VECTOR('',#14675,10.);
#4723=VECTOR('',#14678,10.);
#4724=VECTOR('',#14679,10.);
#4725=VECTOR('',#14680,10.);
#4726=VECTOR('',#14683,10.);
#4727=VECTOR('',#14684,10.);
#4728=VECTOR('',#14687,10.);
#4729=VECTOR('',#14688,10.);
#4730=VECTOR('',#14691,10.);
#4731=VECTOR('',#14692,10.);
#4732=VECTOR('',#14703,1.6);
#4733=VECTOR('',#14706,10.);
#4734=VECTOR('',#14707,10.);
#4735=VECTOR('',#14708,10.);
#4736=VECTOR('',#14711,10.);
#4737=VECTOR('',#14716,10.);
#4738=VECTOR('',#14717,10.);
#4739=VECTOR('',#14718,10.);
#4740=VECTOR('',#14721,10.);
#4741=VECTOR('',#14726,10.);
#4742=VECTOR('',#14727,10.);
#4743=VECTOR('',#14728,10.);
#4744=VECTOR('',#14731,10.);
#4745=VECTOR('',#14732,10.);
#4746=VECTOR('',#14739,1.6);
#4747=VECTOR('',#14742,10.);
#4748=VECTOR('',#14743,10.);
#4749=VECTOR('',#14746,10.);
#4750=VECTOR('',#14749,10.);
#4751=VECTOR('',#14750,10.);
#4752=VECTOR('',#14753,10.);
#4753=VECTOR('',#14754,10.);
#4754=VECTOR('',#14755,10.);
#4755=VECTOR('',#14758,10.);
#4756=VECTOR('',#14759,10.);
#4757=VECTOR('',#14762,10.);
#4758=VECTOR('',#14763,10.);
#4759=VECTOR('',#14766,10.);
#4760=VECTOR('',#14767,10.);
#4761=VECTOR('',#14778,1.6);
#4762=VECTOR('',#14781,10.);
#4763=VECTOR('',#14782,10.);
#4764=VECTOR('',#14783,10.);
#4765=VECTOR('',#14786,10.);
#4766=VECTOR('',#14791,10.);
#4767=VECTOR('',#14792,10.);
#4768=VECTOR('',#14793,10.);
#4769=VECTOR('',#14796,10.);
#4770=VECTOR('',#14801,10.);
#4771=VECTOR('',#14802,10.);
#4772=VECTOR('',#14803,10.);
#4773=VECTOR('',#14806,10.);
#4774=VECTOR('',#14807,10.);
#4775=VECTOR('',#14814,1.6);
#4776=VECTOR('',#14817,10.);
#4777=VECTOR('',#14818,10.);
#4778=VECTOR('',#14821,10.);
#4779=VECTOR('',#14824,10.);
#4780=VECTOR('',#14825,10.);
#4781=VECTOR('',#14828,10.);
#4782=VECTOR('',#14829,10.);
#4783=VECTOR('',#14830,10.);
#4784=VECTOR('',#14833,10.);
#4785=VECTOR('',#14834,10.);
#4786=VECTOR('',#14837,10.);
#4787=VECTOR('',#14838,10.);
#4788=VECTOR('',#14841,10.);
#4789=VECTOR('',#14842,10.);
#4790=VECTOR('',#14851,1.6);
#4791=VECTOR('',#14858,10.);
#4792=VECTOR('',#14859,10.);
#4793=VECTOR('',#14860,10.);
#4794=VECTOR('',#14861,10.);
#4795=VECTOR('',#14864,1.6);
#4796=VECTOR('',#14869,10.);
#4797=VECTOR('',#14870,10.);
#4798=VECTOR('',#14871,10.);
#4799=VECTOR('',#14874,10.);
#4800=VECTOR('',#14875,10.);
#4801=VECTOR('',#14880,10.);
#4802=VECTOR('',#14883,10.);
#4803=VECTOR('',#14884,10.);
#4804=VECTOR('',#14887,10.);
#4805=VECTOR('',#14892,1.6);
#4806=VECTOR('',#14899,10.);
#4807=VECTOR('',#14900,10.);
#4808=VECTOR('',#14901,10.);
#4809=VECTOR('',#14902,10.);
#4810=VECTOR('',#14905,1.6);
#4811=VECTOR('',#14910,10.);
#4812=VECTOR('',#14911,10.);
#4813=VECTOR('',#14912,10.);
#4814=VECTOR('',#14915,10.);
#4815=VECTOR('',#14916,10.);
#4816=VECTOR('',#14921,10.);
#4817=VECTOR('',#14924,10.);
#4818=VECTOR('',#14925,10.);
#4819=VECTOR('',#14928,10.);
#4820=VECTOR('',#14933,1.6);
#4821=VECTOR('',#14940,10.);
#4822=VECTOR('',#14941,10.);
#4823=VECTOR('',#14942,10.);
#4824=VECTOR('',#14943,10.);
#4825=VECTOR('',#14946,1.6);
#4826=VECTOR('',#14951,10.);
#4827=VECTOR('',#14952,10.);
#4828=VECTOR('',#14953,10.);
#4829=VECTOR('',#14956,10.);
#4830=VECTOR('',#14957,10.);
#4831=VECTOR('',#14962,10.);
#4832=VECTOR('',#14965,10.);
#4833=VECTOR('',#14966,10.);
#4834=VECTOR('',#14969,10.);
#4835=VECTOR('',#14974,1.6);
#4836=VECTOR('',#14981,10.);
#4837=VECTOR('',#14982,10.);
#4838=VECTOR('',#14983,10.);
#4839=VECTOR('',#14984,10.);
#4840=VECTOR('',#14987,1.6);
#4841=VECTOR('',#14992,10.);
#4842=VECTOR('',#14993,10.);
#4843=VECTOR('',#14994,10.);
#4844=VECTOR('',#14997,10.);
#4845=VECTOR('',#14998,10.);
#4846=VECTOR('',#15001,10.);
#4847=VECTOR('',#15006,10.);
#4848=VECTOR('',#15007,10.);
#4849=VECTOR('',#15010,10.);
#4850=VECTOR('',#15015,1.6);
#4851=VECTOR('',#15022,10.);
#4852=VECTOR('',#15023,10.);
#4853=VECTOR('',#15024,10.);
#4854=VECTOR('',#15025,10.);
#4855=VECTOR('',#15028,1.6);
#4856=VECTOR('',#15033,10.);
#4857=VECTOR('',#15034,10.);
#4858=VECTOR('',#15035,10.);
#4859=VECTOR('',#15038,10.);
#4860=VECTOR('',#15039,10.);
#4861=VECTOR('',#15042,10.);
#4862=VECTOR('',#15047,10.);
#4863=VECTOR('',#15048,10.);
#4864=VECTOR('',#15051,10.);
#4865=VECTOR('',#15056,1.6);
#4866=VECTOR('',#15063,10.);
#4867=VECTOR('',#15064,10.);
#4868=VECTOR('',#15065,10.);
#4869=VECTOR('',#15066,10.);
#4870=VECTOR('',#15069,1.6);
#4871=VECTOR('',#15074,10.);
#4872=VECTOR('',#15075,10.);
#4873=VECTOR('',#15076,10.);
#4874=VECTOR('',#15079,10.);
#4875=VECTOR('',#15080,10.);
#4876=VECTOR('',#15083,10.);
#4877=VECTOR('',#15088,10.);
#4878=VECTOR('',#15089,10.);
#4879=VECTOR('',#15092,10.);
#4880=VECTOR('',#15097,10.);
#4881=VECTOR('',#15098,10.);
#4882=VECTOR('',#15099,10.);
#4883=VECTOR('',#15102,10.);
#4884=VECTOR('',#15103,10.);
#4885=VECTOR('',#15104,10.);
#4886=VECTOR('',#15105,10.);
#4887=VECTOR('',#15108,10.);
#4888=VECTOR('',#15109,10.);
#4889=VECTOR('',#15110,10.);
#4890=VECTOR('',#15113,10.);
#4891=VECTOR('',#15114,10.);
#4892=VECTOR('',#15115,10.);
#4893=VECTOR('',#15118,10.);
#4894=VECTOR('',#15119,10.);
#4895=VECTOR('',#15122,10.);
#4896=VECTOR('',#15123,10.);
#4897=VECTOR('',#15124,10.);
#4898=VECTOR('',#15125,10.);
#4899=VECTOR('',#15128,10.);
#4900=VECTOR('',#15129,10.);
#4901=VECTOR('',#15130,10.);
#4902=VECTOR('',#15133,10.);
#4903=VECTOR('',#15134,10.);
#4904=VECTOR('',#15137,10.);
#4905=VECTOR('',#15138,10.);
#4906=VECTOR('',#15139,10.);
#4907=VECTOR('',#15142,10.);
#4908=VECTOR('',#15143,10.);
#4909=VECTOR('',#15146,10.);
#4910=VECTOR('',#15147,10.);
#4911=VECTOR('',#15150,10.);
#4912=VECTOR('',#15151,10.);
#4913=VECTOR('',#15152,10.);
#4914=VECTOR('',#15155,10.);
#4915=VECTOR('',#15156,10.);
#4916=VECTOR('',#15159,10.);
#4917=VECTOR('',#15160,10.);
#4918=VECTOR('',#15163,10.);
#4919=VECTOR('',#15164,10.);
#4920=VECTOR('',#15167,10.);
#4921=VECTOR('',#15168,10.);
#4922=VECTOR('',#15171,10.);
#4923=VECTOR('',#15172,10.);
#4924=VECTOR('',#15175,10.);
#4925=VECTOR('',#15188,10.);
#4926=VECTOR('',#15189,10.);
#4927=VECTOR('',#15190,10.);
#4928=VECTOR('',#15193,10.);
#4929=VECTOR('',#15194,10.);
#4930=VECTOR('',#15195,10.);
#4931=VECTOR('',#15196,10.);
#4932=VECTOR('',#15199,10.);
#4933=VECTOR('',#15200,10.);
#4934=VECTOR('',#15201,10.);
#4935=VECTOR('',#15204,10.);
#4936=VECTOR('',#15205,10.);
#4937=VECTOR('',#15206,10.);
#4938=VECTOR('',#15209,10.);
#4939=VECTOR('',#15210,10.);
#4940=VECTOR('',#15213,10.);
#4941=VECTOR('',#15214,10.);
#4942=VECTOR('',#15215,10.);
#4943=VECTOR('',#15216,10.);
#4944=VECTOR('',#15219,10.);
#4945=VECTOR('',#15220,10.);
#4946=VECTOR('',#15221,10.);
#4947=VECTOR('',#15224,10.);
#4948=VECTOR('',#15225,10.);
#4949=VECTOR('',#15228,10.);
#4950=VECTOR('',#15229,10.);
#4951=VECTOR('',#15230,10.);
#4952=VECTOR('',#15233,10.);
#4953=VECTOR('',#15234,10.);
#4954=VECTOR('',#15237,10.);
#4955=VECTOR('',#15238,10.);
#4956=VECTOR('',#15241,10.);
#4957=VECTOR('',#15242,10.);
#4958=VECTOR('',#15243,10.);
#4959=VECTOR('',#15246,10.);
#4960=VECTOR('',#15247,10.);
#4961=VECTOR('',#15250,10.);
#4962=VECTOR('',#15251,10.);
#4963=VECTOR('',#15254,10.);
#4964=VECTOR('',#15255,10.);
#4965=VECTOR('',#15258,10.);
#4966=VECTOR('',#15259,10.);
#4967=VECTOR('',#15262,10.);
#4968=VECTOR('',#15263,10.);
#4969=VECTOR('',#15266,10.);
#4970=VECTOR('',#15279,10.);
#4971=VECTOR('',#15280,10.);
#4972=VECTOR('',#15281,10.);
#4973=VECTOR('',#15284,10.);
#4974=VECTOR('',#15285,10.);
#4975=VECTOR('',#15286,10.);
#4976=VECTOR('',#15287,10.);
#4977=VECTOR('',#15290,10.);
#4978=VECTOR('',#15291,10.);
#4979=VECTOR('',#15292,10.);
#4980=VECTOR('',#15295,10.);
#4981=VECTOR('',#15296,10.);
#4982=VECTOR('',#15297,10.);
#4983=VECTOR('',#15300,10.);
#4984=VECTOR('',#15301,10.);
#4985=VECTOR('',#15304,10.);
#4986=VECTOR('',#15305,10.);
#4987=VECTOR('',#15306,10.);
#4988=VECTOR('',#15307,10.);
#4989=VECTOR('',#15310,10.);
#4990=VECTOR('',#15311,10.);
#4991=VECTOR('',#15312,10.);
#4992=VECTOR('',#15315,10.);
#4993=VECTOR('',#15316,10.);
#4994=VECTOR('',#15319,10.);
#4995=VECTOR('',#15320,10.);
#4996=VECTOR('',#15321,10.);
#4997=VECTOR('',#15324,10.);
#4998=VECTOR('',#15325,10.);
#4999=VECTOR('',#15328,10.);
#5000=VECTOR('',#15329,10.);
#5001=VECTOR('',#15332,10.);
#5002=VECTOR('',#15333,10.);
#5003=VECTOR('',#15334,10.);
#5004=VECTOR('',#15337,10.);
#5005=VECTOR('',#15338,10.);
#5006=VECTOR('',#15341,10.);
#5007=VECTOR('',#15342,10.);
#5008=VECTOR('',#15345,10.);
#5009=VECTOR('',#15346,10.);
#5010=VECTOR('',#15349,10.);
#5011=VECTOR('',#15350,10.);
#5012=VECTOR('',#15353,10.);
#5013=VECTOR('',#15354,10.);
#5014=VECTOR('',#15357,10.);
#5015=VERTEX_POINT('',#15370);
#5016=VERTEX_POINT('',#15371);
#5017=VERTEX_POINT('',#15375);
#5018=VERTEX_POINT('',#15376);
#5019=VERTEX_POINT('',#15378);
#5020=VERTEX_POINT('',#15380);
#5021=VERTEX_POINT('',#15384);
#5022=VERTEX_POINT('',#15386);
#5023=VERTEX_POINT('',#15390);
#5024=VERTEX_POINT('',#15392);
#5025=VERTEX_POINT('',#15394);
#5026=VERTEX_POINT('',#15398);
#5027=VERTEX_POINT('',#15400);
#5028=VERTEX_POINT('',#15404);
#5029=VERTEX_POINT('',#15405);
#5030=VERTEX_POINT('',#15409);
#5031=VERTEX_POINT('',#15411);
#5032=VERTEX_POINT('',#15415);
#5033=VERTEX_POINT('',#15419);
#5034=VERTEX_POINT('',#15420);
#5035=VERTEX_POINT('',#15422);
#5036=VERTEX_POINT('',#15427);
#5037=VERTEX_POINT('',#15431);
#5038=VERTEX_POINT('',#15433);
#5039=VERTEX_POINT('',#15437);
#5040=VERTEX_POINT('',#15439);
#5041=VERTEX_POINT('',#15448);
#5042=VERTEX_POINT('',#15450);
#5043=VERTEX_POINT('',#15453);
#5044=VERTEX_POINT('',#15454);
#5045=VERTEX_POINT('',#15456);
#5046=VERTEX_POINT('',#15458);
#5047=VERTEX_POINT('',#15462);
#5048=VERTEX_POINT('',#15464);
#5049=VERTEX_POINT('',#15468);
#5050=VERTEX_POINT('',#15470);
#5051=VERTEX_POINT('',#15472);
#5052=VERTEX_POINT('',#15476);
#5053=VERTEX_POINT('',#15478);
#5054=VERTEX_POINT('',#15482);
#5055=VERTEX_POINT('',#15484);
#5056=VERTEX_POINT('',#15487);
#5057=VERTEX_POINT('',#15488);
#5058=VERTEX_POINT('',#15493);
#5059=VERTEX_POINT('',#15494);
#5060=VERTEX_POINT('',#15496);
#5061=VERTEX_POINT('',#15498);
#5062=VERTEX_POINT('',#15502);
#5063=VERTEX_POINT('',#15504);
#5064=VERTEX_POINT('',#15508);
#5065=VERTEX_POINT('',#15515);
#5066=VERTEX_POINT('',#15516);
#5067=VERTEX_POINT('',#15526);
#5068=VERTEX_POINT('',#15527);
#5069=VERTEX_POINT('',#15531);
#5070=VERTEX_POINT('',#15532);
#5071=VERTEX_POINT('',#15534);
#5072=VERTEX_POINT('',#15536);
#5073=VERTEX_POINT('',#15540);
#5074=VERTEX_POINT('',#15542);
#5075=VERTEX_POINT('',#15546);
#5076=VERTEX_POINT('',#15548);
#5077=VERTEX_POINT('',#15550);
#5078=VERTEX_POINT('',#15554);
#5079=VERTEX_POINT('',#15556);
#5080=VERTEX_POINT('',#15560);
#5081=VERTEX_POINT('',#15561);
#5082=VERTEX_POINT('',#15565);
#5083=VERTEX_POINT('',#15567);
#5084=VERTEX_POINT('',#15571);
#5085=VERTEX_POINT('',#15575);
#5086=VERTEX_POINT('',#15576);
#5087=VERTEX_POINT('',#15579);
#5088=VERTEX_POINT('',#15583);
#5089=VERTEX_POINT('',#15587);
#5090=VERTEX_POINT('',#15589);
#5091=VERTEX_POINT('',#15593);
#5092=VERTEX_POINT('',#15595);
#5093=VERTEX_POINT('',#15604);
#5094=VERTEX_POINT('',#15606);
#5095=VERTEX_POINT('',#15609);
#5096=VERTEX_POINT('',#15610);
#5097=VERTEX_POINT('',#15612);
#5098=VERTEX_POINT('',#15614);
#5099=VERTEX_POINT('',#15618);
#5100=VERTEX_POINT('',#15620);
#5101=VERTEX_POINT('',#15624);
#5102=VERTEX_POINT('',#15626);
#5103=VERTEX_POINT('',#15628);
#5104=VERTEX_POINT('',#15632);
#5105=VERTEX_POINT('',#15634);
#5106=VERTEX_POINT('',#15638);
#5107=VERTEX_POINT('',#15640);
#5108=VERTEX_POINT('',#15643);
#5109=VERTEX_POINT('',#15644);
#5110=VERTEX_POINT('',#15649);
#5111=VERTEX_POINT('',#15650);
#5112=VERTEX_POINT('',#15652);
#5113=VERTEX_POINT('',#15654);
#5114=VERTEX_POINT('',#15658);
#5115=VERTEX_POINT('',#15660);
#5116=VERTEX_POINT('',#15665);
#5117=VERTEX_POINT('',#15671);
#5118=VERTEX_POINT('',#15672);
#5119=VERTEX_POINT('',#15682);
#5120=VERTEX_POINT('',#15683);
#5121=VERTEX_POINT('',#15687);
#5122=VERTEX_POINT('',#15688);
#5123=VERTEX_POINT('',#15690);
#5124=VERTEX_POINT('',#15692);
#5125=VERTEX_POINT('',#15696);
#5126=VERTEX_POINT('',#15698);
#5127=VERTEX_POINT('',#15702);
#5128=VERTEX_POINT('',#15704);
#5129=VERTEX_POINT('',#15706);
#5130=VERTEX_POINT('',#15710);
#5131=VERTEX_POINT('',#15712);
#5132=VERTEX_POINT('',#15716);
#5133=VERTEX_POINT('',#15717);
#5134=VERTEX_POINT('',#15721);
#5135=VERTEX_POINT('',#15723);
#5136=VERTEX_POINT('',#15727);
#5137=VERTEX_POINT('',#15731);
#5138=VERTEX_POINT('',#15732);
#5139=VERTEX_POINT('',#15734);
#5140=VERTEX_POINT('',#15739);
#5141=VERTEX_POINT('',#15743);
#5142=VERTEX_POINT('',#15745);
#5143=VERTEX_POINT('',#15749);
#5144=VERTEX_POINT('',#15751);
#5145=VERTEX_POINT('',#15760);
#5146=VERTEX_POINT('',#15762);
#5147=VERTEX_POINT('',#15765);
#5148=VERTEX_POINT('',#15766);
#5149=VERTEX_POINT('',#15768);
#5150=VERTEX_POINT('',#15770);
#5151=VERTEX_POINT('',#15774);
#5152=VERTEX_POINT('',#15776);
#5153=VERTEX_POINT('',#15780);
#5154=VERTEX_POINT('',#15782);
#5155=VERTEX_POINT('',#15784);
#5156=VERTEX_POINT('',#15788);
#5157=VERTEX_POINT('',#15790);
#5158=VERTEX_POINT('',#15794);
#5159=VERTEX_POINT('',#15796);
#5160=VERTEX_POINT('',#15799);
#5161=VERTEX_POINT('',#15800);
#5162=VERTEX_POINT('',#15805);
#5163=VERTEX_POINT('',#15806);
#5164=VERTEX_POINT('',#15808);
#5165=VERTEX_POINT('',#15810);
#5166=VERTEX_POINT('',#15814);
#5167=VERTEX_POINT('',#15816);
#5168=VERTEX_POINT('',#15820);
#5169=VERTEX_POINT('',#15827);
#5170=VERTEX_POINT('',#15828);
#5171=VERTEX_POINT('',#15838);
#5172=VERTEX_POINT('',#15839);
#5173=VERTEX_POINT('',#15843);
#5174=VERTEX_POINT('',#15844);
#5175=VERTEX_POINT('',#15846);
#5176=VERTEX_POINT('',#15848);
#5177=VERTEX_POINT('',#15852);
#5178=VERTEX_POINT('',#15854);
#5179=VERTEX_POINT('',#15858);
#5180=VERTEX_POINT('',#15860);
#5181=VERTEX_POINT('',#15862);
#5182=VERTEX_POINT('',#15866);
#5183=VERTEX_POINT('',#15868);
#5184=VERTEX_POINT('',#15872);
#5185=VERTEX_POINT('',#15873);
#5186=VERTEX_POINT('',#15877);
#5187=VERTEX_POINT('',#15879);
#5188=VERTEX_POINT('',#15883);
#5189=VERTEX_POINT('',#15887);
#5190=VERTEX_POINT('',#15888);
#5191=VERTEX_POINT('',#15891);
#5192=VERTEX_POINT('',#15895);
#5193=VERTEX_POINT('',#15899);
#5194=VERTEX_POINT('',#15901);
#5195=VERTEX_POINT('',#15905);
#5196=VERTEX_POINT('',#15907);
#5197=VERTEX_POINT('',#15916);
#5198=VERTEX_POINT('',#15918);
#5199=VERTEX_POINT('',#15921);
#5200=VERTEX_POINT('',#15922);
#5201=VERTEX_POINT('',#15924);
#5202=VERTEX_POINT('',#15926);
#5203=VERTEX_POINT('',#15930);
#5204=VERTEX_POINT('',#15932);
#5205=VERTEX_POINT('',#15936);
#5206=VERTEX_POINT('',#15938);
#5207=VERTEX_POINT('',#15940);
#5208=VERTEX_POINT('',#15944);
#5209=VERTEX_POINT('',#15946);
#5210=VERTEX_POINT('',#15950);
#5211=VERTEX_POINT('',#15952);
#5212=VERTEX_POINT('',#15955);
#5213=VERTEX_POINT('',#15956);
#5214=VERTEX_POINT('',#15961);
#5215=VERTEX_POINT('',#15962);
#5216=VERTEX_POINT('',#15964);
#5217=VERTEX_POINT('',#15966);
#5218=VERTEX_POINT('',#15970);
#5219=VERTEX_POINT('',#15972);
#5220=VERTEX_POINT('',#15977);
#5221=VERTEX_POINT('',#15983);
#5222=VERTEX_POINT('',#15984);
#5223=VERTEX_POINT('',#15994);
#5224=VERTEX_POINT('',#15995);
#5225=VERTEX_POINT('',#15997);
#5226=VERTEX_POINT('',#15999);
#5227=VERTEX_POINT('',#16003);
#5228=VERTEX_POINT('',#16005);
#5229=VERTEX_POINT('',#16009);
#5230=VERTEX_POINT('',#16011);
#5231=VERTEX_POINT('',#16019);
#5232=VERTEX_POINT('',#16020);
#5233=VERTEX_POINT('',#16022);
#5234=VERTEX_POINT('',#16026);
#5235=VERTEX_POINT('',#16027);
#5236=VERTEX_POINT('',#16029);
#5237=VERTEX_POINT('',#16033);
#5238=VERTEX_POINT('',#16034);
#5239=VERTEX_POINT('',#16036);
#5240=VERTEX_POINT('',#16040);
#5241=VERTEX_POINT('',#16041);
#5242=VERTEX_POINT('',#16043);
#5243=VERTEX_POINT('',#16050);
#5244=VERTEX_POINT('',#16051);
#5245=VERTEX_POINT('',#16053);
#5246=VERTEX_POINT('',#16063);
#5247=VERTEX_POINT('',#16064);
#5248=VERTEX_POINT('',#16066);
#5249=VERTEX_POINT('',#16073);
#5250=VERTEX_POINT('',#16074);
#5251=VERTEX_POINT('',#16076);
#5252=VERTEX_POINT('',#16086);
#5253=VERTEX_POINT('',#16087);
#5254=VERTEX_POINT('',#16089);
#5255=VERTEX_POINT('',#16117);
#5256=VERTEX_POINT('',#16118);
#5257=VERTEX_POINT('',#16120);
#5258=VERTEX_POINT('',#16124);
#5259=VERTEX_POINT('',#16126);
#5260=VERTEX_POINT('',#16128);
#5261=VERTEX_POINT('',#16132);
#5262=VERTEX_POINT('',#16133);
#5263=VERTEX_POINT('',#16135);
#5264=VERTEX_POINT('',#16139);
#5265=VERTEX_POINT('',#16140);
#5266=VERTEX_POINT('',#16142);
#5267=VERTEX_POINT('',#16149);
#5268=VERTEX_POINT('',#16151);
#5269=VERTEX_POINT('',#16153);
#5270=VERTEX_POINT('',#16157);
#5271=VERTEX_POINT('',#16158);
#5272=VERTEX_POINT('',#16160);
#5273=VERTEX_POINT('',#16167);
#5274=VERTEX_POINT('',#16168);
#5275=VERTEX_POINT('',#16170);
#5276=VERTEX_POINT('',#16180);
#5277=VERTEX_POINT('',#16181);
#5278=VERTEX_POINT('',#16183);
#5279=VERTEX_POINT('',#16209);
#5280=VERTEX_POINT('',#16210);
#5281=VERTEX_POINT('',#16214);
#5282=VERTEX_POINT('',#16215);
#5283=VERTEX_POINT('',#16217);
#5284=VERTEX_POINT('',#16219);
#5285=VERTEX_POINT('',#16221);
#5286=VERTEX_POINT('',#16225);
#5287=VERTEX_POINT('',#16226);
#5288=VERTEX_POINT('',#16230);
#5289=VERTEX_POINT('',#16232);
#5290=VERTEX_POINT('',#16236);
#5291=VERTEX_POINT('',#16240);
#5292=VERTEX_POINT('',#16244);
#5293=VERTEX_POINT('',#16251);
#5294=VERTEX_POINT('',#16253);
#5295=VERTEX_POINT('',#16256);
#5296=VERTEX_POINT('',#16257);
#5297=VERTEX_POINT('',#16259);
#5298=VERTEX_POINT('',#16261);
#5299=VERTEX_POINT('',#16263);
#5300=VERTEX_POINT('',#16265);
#5301=VERTEX_POINT('',#16269);
#5302=VERTEX_POINT('',#16271);
#5303=VERTEX_POINT('',#16275);
#5304=VERTEX_POINT('',#16279);
#5305=VERTEX_POINT('',#16281);
#5306=VERTEX_POINT('',#16285);
#5307=VERTEX_POINT('',#16287);
#5308=VERTEX_POINT('',#16291);
#5309=VERTEX_POINT('',#16293);
#5310=VERTEX_POINT('',#16296);
#5311=VERTEX_POINT('',#16300);
#5312=VERTEX_POINT('',#16301);
#5313=VERTEX_POINT('',#16304);
#5314=VERTEX_POINT('',#16308);
#5315=VERTEX_POINT('',#16310);
#5316=VERTEX_POINT('',#16314);
#5317=VERTEX_POINT('',#16318);
#5318=VERTEX_POINT('',#16322);
#5319=VERTEX_POINT('',#16329);
#5320=VERTEX_POINT('',#16330);
#5321=VERTEX_POINT('',#16334);
#5322=VERTEX_POINT('',#16335);
#5323=VERTEX_POINT('',#16337);
#5324=VERTEX_POINT('',#16339);
#5325=VERTEX_POINT('',#16343);
#5326=VERTEX_POINT('',#16345);
#5327=VERTEX_POINT('',#16349);
#5328=VERTEX_POINT('',#16351);
#5329=VERTEX_POINT('',#16353);
#5330=VERTEX_POINT('',#16357);
#5331=VERTEX_POINT('',#16359);
#5332=VERTEX_POINT('',#16363);
#5333=VERTEX_POINT('',#16364);
#5334=VERTEX_POINT('',#16368);
#5335=VERTEX_POINT('',#16370);
#5336=VERTEX_POINT('',#16374);
#5337=VERTEX_POINT('',#16378);
#5338=VERTEX_POINT('',#16379);
#5339=VERTEX_POINT('',#16381);
#5340=VERTEX_POINT('',#16386);
#5341=VERTEX_POINT('',#16390);
#5342=VERTEX_POINT('',#16392);
#5343=VERTEX_POINT('',#16396);
#5344=VERTEX_POINT('',#16398);
#5345=VERTEX_POINT('',#16407);
#5346=VERTEX_POINT('',#16409);
#5347=VERTEX_POINT('',#16412);
#5348=VERTEX_POINT('',#16413);
#5349=VERTEX_POINT('',#16415);
#5350=VERTEX_POINT('',#16417);
#5351=VERTEX_POINT('',#16421);
#5352=VERTEX_POINT('',#16423);
#5353=VERTEX_POINT('',#16427);
#5354=VERTEX_POINT('',#16429);
#5355=VERTEX_POINT('',#16431);
#5356=VERTEX_POINT('',#16435);
#5357=VERTEX_POINT('',#16437);
#5358=VERTEX_POINT('',#16441);
#5359=VERTEX_POINT('',#16443);
#5360=VERTEX_POINT('',#16446);
#5361=VERTEX_POINT('',#16447);
#5362=VERTEX_POINT('',#16452);
#5363=VERTEX_POINT('',#16453);
#5364=VERTEX_POINT('',#16455);
#5365=VERTEX_POINT('',#16457);
#5366=VERTEX_POINT('',#16461);
#5367=VERTEX_POINT('',#16463);
#5368=VERTEX_POINT('',#16467);
#5369=VERTEX_POINT('',#16474);
#5370=VERTEX_POINT('',#16475);
#5371=VERTEX_POINT('',#16485);
#5372=VERTEX_POINT('',#16487);
#5373=VERTEX_POINT('',#16490);
#5374=VERTEX_POINT('',#16491);
#5375=VERTEX_POINT('',#16493);
#5376=VERTEX_POINT('',#16495);
#5377=VERTEX_POINT('',#16497);
#5378=VERTEX_POINT('',#16499);
#5379=VERTEX_POINT('',#16503);
#5380=VERTEX_POINT('',#16505);
#5381=VERTEX_POINT('',#16509);
#5382=VERTEX_POINT('',#16513);
#5383=VERTEX_POINT('',#16515);
#5384=VERTEX_POINT('',#16519);
#5385=VERTEX_POINT('',#16521);
#5386=VERTEX_POINT('',#16525);
#5387=VERTEX_POINT('',#16527);
#5388=VERTEX_POINT('',#16530);
#5389=VERTEX_POINT('',#16534);
#5390=VERTEX_POINT('',#16535);
#5391=VERTEX_POINT('',#16537);
#5392=VERTEX_POINT('',#16542);
#5393=VERTEX_POINT('',#16544);
#5394=VERTEX_POINT('',#16548);
#5395=VERTEX_POINT('',#16552);
#5396=VERTEX_POINT('',#16556);
#5397=VERTEX_POINT('',#16563);
#5398=VERTEX_POINT('',#16564);
#5399=VERTEX_POINT('',#16566);
#5400=VERTEX_POINT('',#16570);
#5401=VERTEX_POINT('',#16572);
#5402=VERTEX_POINT('',#16574);
#5403=VERTEX_POINT('',#16578);
#5404=VERTEX_POINT('',#16579);
#5405=VERTEX_POINT('',#16581);
#5406=VERTEX_POINT('',#16585);
#5407=VERTEX_POINT('',#16586);
#5408=VERTEX_POINT('',#16588);
#5409=VERTEX_POINT('',#16595);
#5410=VERTEX_POINT('',#16597);
#5411=VERTEX_POINT('',#16599);
#5412=VERTEX_POINT('',#16603);
#5413=VERTEX_POINT('',#16604);
#5414=VERTEX_POINT('',#16606);
#5415=VERTEX_POINT('',#16613);
#5416=VERTEX_POINT('',#16614);
#5417=VERTEX_POINT('',#16616);
#5418=VERTEX_POINT('',#16626);
#5419=VERTEX_POINT('',#16627);
#5420=VERTEX_POINT('',#16629);
#5421=VERTEX_POINT('',#16655);
#5422=VERTEX_POINT('',#16656);
#5423=VERTEX_POINT('',#16660);
#5424=VERTEX_POINT('',#16661);
#5425=VERTEX_POINT('',#16663);
#5426=VERTEX_POINT('',#16665);
#5427=VERTEX_POINT('',#16667);
#5428=VERTEX_POINT('',#16671);
#5429=VERTEX_POINT('',#16672);
#5430=VERTEX_POINT('',#16676);
#5431=VERTEX_POINT('',#16678);
#5432=VERTEX_POINT('',#16682);
#5433=VERTEX_POINT('',#16686);
#5434=VERTEX_POINT('',#16690);
#5435=VERTEX_POINT('',#16697);
#5436=VERTEX_POINT('',#16698);
#5437=VERTEX_POINT('',#16700);
#5438=VERTEX_POINT('',#16702);
#5439=VERTEX_POINT('',#16706);
#5440=VERTEX_POINT('',#16708);
#5441=VERTEX_POINT('',#16712);
#5442=VERTEX_POINT('',#16714);
#5443=VERTEX_POINT('',#16722);
#5444=VERTEX_POINT('',#16723);
#5445=VERTEX_POINT('',#16725);
#5446=VERTEX_POINT('',#16729);
#5447=VERTEX_POINT('',#16730);
#5448=VERTEX_POINT('',#16732);
#5449=VERTEX_POINT('',#16736);
#5450=VERTEX_POINT('',#16737);
#5451=VERTEX_POINT('',#16739);
#5452=VERTEX_POINT('',#16743);
#5453=VERTEX_POINT('',#16744);
#5454=VERTEX_POINT('',#16746);
#5455=VERTEX_POINT('',#16753);
#5456=VERTEX_POINT('',#16754);
#5457=VERTEX_POINT('',#16756);
#5458=VERTEX_POINT('',#16766);
#5459=VERTEX_POINT('',#16767);
#5460=VERTEX_POINT('',#16769);
#5461=VERTEX_POINT('',#16776);
#5462=VERTEX_POINT('',#16777);
#5463=VERTEX_POINT('',#16779);
#5464=VERTEX_POINT('',#16789);
#5465=VERTEX_POINT('',#16790);
#5466=VERTEX_POINT('',#16792);
#5467=VERTEX_POINT('',#16820);
#5468=VERTEX_POINT('',#16822);
#5469=VERTEX_POINT('',#16825);
#5470=VERTEX_POINT('',#16826);
#5471=VERTEX_POINT('',#16828);
#5472=VERTEX_POINT('',#16830);
#5473=VERTEX_POINT('',#16834);
#5474=VERTEX_POINT('',#16836);
#5475=VERTEX_POINT('',#16840);
#5476=VERTEX_POINT('',#16842);
#5477=VERTEX_POINT('',#16844);
#5478=VERTEX_POINT('',#16848);
#5479=VERTEX_POINT('',#16850);
#5480=VERTEX_POINT('',#16854);
#5481=VERTEX_POINT('',#16856);
#5482=VERTEX_POINT('',#16859);
#5483=VERTEX_POINT('',#16860);
#5484=VERTEX_POINT('',#16865);
#5485=VERTEX_POINT('',#16866);
#5486=VERTEX_POINT('',#16868);
#5487=VERTEX_POINT('',#16870);
#5488=VERTEX_POINT('',#16874);
#5489=VERTEX_POINT('',#16876);
#5490=VERTEX_POINT('',#16881);
#5491=VERTEX_POINT('',#16887);
#5492=VERTEX_POINT('',#16888);
#5493=VERTEX_POINT('',#16898);
#5494=VERTEX_POINT('',#16900);
#5495=VERTEX_POINT('',#16903);
#5496=VERTEX_POINT('',#16904);
#5497=VERTEX_POINT('',#16906);
#5498=VERTEX_POINT('',#16908);
#5499=VERTEX_POINT('',#16912);
#5500=VERTEX_POINT('',#16914);
#5501=VERTEX_POINT('',#16918);
#5502=VERTEX_POINT('',#16920);
#5503=VERTEX_POINT('',#16922);
#5504=VERTEX_POINT('',#16926);
#5505=VERTEX_POINT('',#16928);
#5506=VERTEX_POINT('',#16932);
#5507=VERTEX_POINT('',#16934);
#5508=VERTEX_POINT('',#16937);
#5509=VERTEX_POINT('',#16938);
#5510=VERTEX_POINT('',#16943);
#5511=VERTEX_POINT('',#16944);
#5512=VERTEX_POINT('',#16946);
#5513=VERTEX_POINT('',#16948);
#5514=VERTEX_POINT('',#16952);
#5515=VERTEX_POINT('',#16954);
#5516=VERTEX_POINT('',#16959);
#5517=VERTEX_POINT('',#16965);
#5518=VERTEX_POINT('',#16966);
#5519=VERTEX_POINT('',#16976);
#5520=VERTEX_POINT('',#16978);
#5521=VERTEX_POINT('',#16981);
#5522=VERTEX_POINT('',#16982);
#5523=VERTEX_POINT('',#16984);
#5524=VERTEX_POINT('',#16986);
#5525=VERTEX_POINT('',#16990);
#5526=VERTEX_POINT('',#16992);
#5527=VERTEX_POINT('',#16996);
#5528=VERTEX_POINT('',#16998);
#5529=VERTEX_POINT('',#17000);
#5530=VERTEX_POINT('',#17004);
#5531=VERTEX_POINT('',#17006);
#5532=VERTEX_POINT('',#17010);
#5533=VERTEX_POINT('',#17012);
#5534=VERTEX_POINT('',#17015);
#5535=VERTEX_POINT('',#17016);
#5536=VERTEX_POINT('',#17021);
#5537=VERTEX_POINT('',#17022);
#5538=VERTEX_POINT('',#17024);
#5539=VERTEX_POINT('',#17026);
#5540=VERTEX_POINT('',#17030);
#5541=VERTEX_POINT('',#17032);
#5542=VERTEX_POINT('',#17036);
#5543=VERTEX_POINT('',#17043);
#5544=VERTEX_POINT('',#17044);
#5545=VERTEX_POINT('',#17054);
#5546=VERTEX_POINT('',#17055);
#5547=VERTEX_POINT('',#17057);
#5548=VERTEX_POINT('',#17061);
#5549=VERTEX_POINT('',#17063);
#5550=VERTEX_POINT('',#17065);
#5551=VERTEX_POINT('',#17069);
#5552=VERTEX_POINT('',#17070);
#5553=VERTEX_POINT('',#17072);
#5554=VERTEX_POINT('',#17076);
#5555=VERTEX_POINT('',#17077);
#5556=VERTEX_POINT('',#17079);
#5557=VERTEX_POINT('',#17086);
#5558=VERTEX_POINT('',#17088);
#5559=VERTEX_POINT('',#17090);
#5560=VERTEX_POINT('',#17094);
#5561=VERTEX_POINT('',#17095);
#5562=VERTEX_POINT('',#17097);
#5563=VERTEX_POINT('',#17104);
#5564=VERTEX_POINT('',#17105);
#5565=VERTEX_POINT('',#17107);
#5566=VERTEX_POINT('',#17117);
#5567=VERTEX_POINT('',#17118);
#5568=VERTEX_POINT('',#17120);
#5569=VERTEX_POINT('',#17146);
#5570=VERTEX_POINT('',#17147);
#5571=VERTEX_POINT('',#17149);
#5572=VERTEX_POINT('',#17153);
#5573=VERTEX_POINT('',#17155);
#5574=VERTEX_POINT('',#17157);
#5575=VERTEX_POINT('',#17161);
#5576=VERTEX_POINT('',#17162);
#5577=VERTEX_POINT('',#17164);
#5578=VERTEX_POINT('',#17168);
#5579=VERTEX_POINT('',#17169);
#5580=VERTEX_POINT('',#17171);
#5581=VERTEX_POINT('',#17178);
#5582=VERTEX_POINT('',#17180);
#5583=VERTEX_POINT('',#17182);
#5584=VERTEX_POINT('',#17186);
#5585=VERTEX_POINT('',#17187);
#5586=VERTEX_POINT('',#17189);
#5587=VERTEX_POINT('',#17196);
#5588=VERTEX_POINT('',#17197);
#5589=VERTEX_POINT('',#17199);
#5590=VERTEX_POINT('',#17209);
#5591=VERTEX_POINT('',#17210);
#5592=VERTEX_POINT('',#17212);
#5593=VERTEX_POINT('',#17238);
#5594=VERTEX_POINT('',#17239);
#5595=VERTEX_POINT('',#17241);
#5596=VERTEX_POINT('',#17245);
#5597=VERTEX_POINT('',#17247);
#5598=VERTEX_POINT('',#17249);
#5599=VERTEX_POINT('',#17253);
#5600=VERTEX_POINT('',#17254);
#5601=VERTEX_POINT('',#17256);
#5602=VERTEX_POINT('',#17260);
#5603=VERTEX_POINT('',#17261);
#5604=VERTEX_POINT('',#17263);
#5605=VERTEX_POINT('',#17270);
#5606=VERTEX_POINT('',#17272);
#5607=VERTEX_POINT('',#17274);
#5608=VERTEX_POINT('',#17278);
#5609=VERTEX_POINT('',#17279);
#5610=VERTEX_POINT('',#17281);
#5611=VERTEX_POINT('',#17288);
#5612=VERTEX_POINT('',#17289);
#5613=VERTEX_POINT('',#17291);
#5614=VERTEX_POINT('',#17301);
#5615=VERTEX_POINT('',#17302);
#5616=VERTEX_POINT('',#17304);
#5617=VERTEX_POINT('',#17330);
#5618=VERTEX_POINT('',#17332);
#5619=VERTEX_POINT('',#17335);
#5620=VERTEX_POINT('',#17336);
#5621=VERTEX_POINT('',#17338);
#5622=VERTEX_POINT('',#17340);
#5623=VERTEX_POINT('',#17342);
#5624=VERTEX_POINT('',#17344);
#5625=VERTEX_POINT('',#17348);
#5626=VERTEX_POINT('',#17350);
#5627=VERTEX_POINT('',#17354);
#5628=VERTEX_POINT('',#17358);
#5629=VERTEX_POINT('',#17360);
#5630=VERTEX_POINT('',#17364);
#5631=VERTEX_POINT('',#17366);
#5632=VERTEX_POINT('',#17370);
#5633=VERTEX_POINT('',#17372);
#5634=VERTEX_POINT('',#17375);
#5635=VERTEX_POINT('',#17379);
#5636=VERTEX_POINT('',#17380);
#5637=VERTEX_POINT('',#17383);
#5638=VERTEX_POINT('',#17387);
#5639=VERTEX_POINT('',#17389);
#5640=VERTEX_POINT('',#17393);
#5641=VERTEX_POINT('',#17397);
#5642=VERTEX_POINT('',#17401);
#5643=VERTEX_POINT('',#17408);
#5644=VERTEX_POINT('',#17410);
#5645=VERTEX_POINT('',#17413);
#5646=VERTEX_POINT('',#17414);
#5647=VERTEX_POINT('',#17416);
#5648=VERTEX_POINT('',#17418);
#5649=VERTEX_POINT('',#17420);
#5650=VERTEX_POINT('',#17422);
#5651=VERTEX_POINT('',#17426);
#5652=VERTEX_POINT('',#17428);
#5653=VERTEX_POINT('',#17432);
#5654=VERTEX_POINT('',#17436);
#5655=VERTEX_POINT('',#17438);
#5656=VERTEX_POINT('',#17442);
#5657=VERTEX_POINT('',#17444);
#5658=VERTEX_POINT('',#17448);
#5659=VERTEX_POINT('',#17450);
#5660=VERTEX_POINT('',#17453);
#5661=VERTEX_POINT('',#17457);
#5662=VERTEX_POINT('',#17458);
#5663=VERTEX_POINT('',#17461);
#5664=VERTEX_POINT('',#17465);
#5665=VERTEX_POINT('',#17467);
#5666=VERTEX_POINT('',#17471);
#5667=VERTEX_POINT('',#17475);
#5668=VERTEX_POINT('',#17479);
#5669=VERTEX_POINT('',#17486);
#5670=VERTEX_POINT('',#17488);
#5671=VERTEX_POINT('',#17491);
#5672=VERTEX_POINT('',#17492);
#5673=VERTEX_POINT('',#17494);
#5674=VERTEX_POINT('',#17496);
#5675=VERTEX_POINT('',#17498);
#5676=VERTEX_POINT('',#17500);
#5677=VERTEX_POINT('',#17504);
#5678=VERTEX_POINT('',#17506);
#5679=VERTEX_POINT('',#17510);
#5680=VERTEX_POINT('',#17514);
#5681=VERTEX_POINT('',#17516);
#5682=VERTEX_POINT('',#17520);
#5683=VERTEX_POINT('',#17522);
#5684=VERTEX_POINT('',#17526);
#5685=VERTEX_POINT('',#17528);
#5686=VERTEX_POINT('',#17531);
#5687=VERTEX_POINT('',#17535);
#5688=VERTEX_POINT('',#17536);
#5689=VERTEX_POINT('',#17539);
#5690=VERTEX_POINT('',#17543);
#5691=VERTEX_POINT('',#17545);
#5692=VERTEX_POINT('',#17549);
#5693=VERTEX_POINT('',#17553);
#5694=VERTEX_POINT('',#17557);
#5695=VERTEX_POINT('',#17564);
#5696=VERTEX_POINT('',#17565);
#5697=VERTEX_POINT('',#17569);
#5698=VERTEX_POINT('',#17570);
#5699=VERTEX_POINT('',#17572);
#5700=VERTEX_POINT('',#17574);
#5701=VERTEX_POINT('',#17578);
#5702=VERTEX_POINT('',#17580);
#5703=VERTEX_POINT('',#17584);
#5704=VERTEX_POINT('',#17586);
#5705=VERTEX_POINT('',#17588);
#5706=VERTEX_POINT('',#17592);
#5707=VERTEX_POINT('',#17594);
#5708=VERTEX_POINT('',#17598);
#5709=VERTEX_POINT('',#17599);
#5710=VERTEX_POINT('',#17603);
#5711=VERTEX_POINT('',#17605);
#5712=VERTEX_POINT('',#17609);
#5713=VERTEX_POINT('',#17613);
#5714=VERTEX_POINT('',#17614);
#5715=VERTEX_POINT('',#17616);
#5716=VERTEX_POINT('',#17621);
#5717=VERTEX_POINT('',#17625);
#5718=VERTEX_POINT('',#17627);
#5719=VERTEX_POINT('',#17631);
#5720=VERTEX_POINT('',#17633);
#5721=VERTEX_POINT('',#17642);
#5722=VERTEX_POINT('',#17643);
#5723=VERTEX_POINT('',#17647);
#5724=VERTEX_POINT('',#17648);
#5725=VERTEX_POINT('',#17650);
#5726=VERTEX_POINT('',#17652);
#5727=VERTEX_POINT('',#17656);
#5728=VERTEX_POINT('',#17658);
#5729=VERTEX_POINT('',#17662);
#5730=VERTEX_POINT('',#17664);
#5731=VERTEX_POINT('',#17666);
#5732=VERTEX_POINT('',#17670);
#5733=VERTEX_POINT('',#17672);
#5734=VERTEX_POINT('',#17676);
#5735=VERTEX_POINT('',#17677);
#5736=VERTEX_POINT('',#17681);
#5737=VERTEX_POINT('',#17683);
#5738=VERTEX_POINT('',#17687);
#5739=VERTEX_POINT('',#17691);
#5740=VERTEX_POINT('',#17692);
#5741=VERTEX_POINT('',#17694);
#5742=VERTEX_POINT('',#17699);
#5743=VERTEX_POINT('',#17703);
#5744=VERTEX_POINT('',#17705);
#5745=VERTEX_POINT('',#17709);
#5746=VERTEX_POINT('',#17711);
#5747=VERTEX_POINT('',#17720);
#5748=VERTEX_POINT('',#17721);
#5749=VERTEX_POINT('',#17725);
#5750=VERTEX_POINT('',#17726);
#5751=VERTEX_POINT('',#17728);
#5752=VERTEX_POINT('',#17730);
#5753=VERTEX_POINT('',#17734);
#5754=VERTEX_POINT('',#17736);
#5755=VERTEX_POINT('',#17740);
#5756=VERTEX_POINT('',#17742);
#5757=VERTEX_POINT('',#17744);
#5758=VERTEX_POINT('',#17748);
#5759=VERTEX_POINT('',#17750);
#5760=VERTEX_POINT('',#17754);
#5761=VERTEX_POINT('',#17755);
#5762=VERTEX_POINT('',#17759);
#5763=VERTEX_POINT('',#17761);
#5764=VERTEX_POINT('',#17765);
#5765=VERTEX_POINT('',#17769);
#5766=VERTEX_POINT('',#17770);
#5767=VERTEX_POINT('',#17772);
#5768=VERTEX_POINT('',#17777);
#5769=VERTEX_POINT('',#17781);
#5770=VERTEX_POINT('',#17783);
#5771=VERTEX_POINT('',#17787);
#5772=VERTEX_POINT('',#17789);
#5773=VERTEX_POINT('',#17798);
#5774=VERTEX_POINT('',#17800);
#5775=VERTEX_POINT('',#17803);
#5776=VERTEX_POINT('',#17804);
#5777=VERTEX_POINT('',#17806);
#5778=VERTEX_POINT('',#17808);
#5779=VERTEX_POINT('',#17810);
#5780=VERTEX_POINT('',#17812);
#5781=VERTEX_POINT('',#17816);
#5782=VERTEX_POINT('',#17818);
#5783=VERTEX_POINT('',#17822);
#5784=VERTEX_POINT('',#17826);
#5785=VERTEX_POINT('',#17828);
#5786=VERTEX_POINT('',#17832);
#5787=VERTEX_POINT('',#17834);
#5788=VERTEX_POINT('',#17838);
#5789=VERTEX_POINT('',#17840);
#5790=VERTEX_POINT('',#17843);
#5791=VERTEX_POINT('',#17847);
#5792=VERTEX_POINT('',#17848);
#5793=VERTEX_POINT('',#17850);
#5794=VERTEX_POINT('',#17855);
#5795=VERTEX_POINT('',#17857);
#5796=VERTEX_POINT('',#17861);
#5797=VERTEX_POINT('',#17865);
#5798=VERTEX_POINT('',#17869);
#5799=VERTEX_POINT('',#17876);
#5800=VERTEX_POINT('',#17878);
#5801=VERTEX_POINT('',#17881);
#5802=VERTEX_POINT('',#17882);
#5803=VERTEX_POINT('',#17884);
#5804=VERTEX_POINT('',#17886);
#5805=VERTEX_POINT('',#17888);
#5806=VERTEX_POINT('',#17890);
#5807=VERTEX_POINT('',#17894);
#5808=VERTEX_POINT('',#17896);
#5809=VERTEX_POINT('',#17900);
#5810=VERTEX_POINT('',#17904);
#5811=VERTEX_POINT('',#17906);
#5812=VERTEX_POINT('',#17910);
#5813=VERTEX_POINT('',#17912);
#5814=VERTEX_POINT('',#17916);
#5815=VERTEX_POINT('',#17918);
#5816=VERTEX_POINT('',#17921);
#5817=VERTEX_POINT('',#17925);
#5818=VERTEX_POINT('',#17926);
#5819=VERTEX_POINT('',#17928);
#5820=VERTEX_POINT('',#17933);
#5821=VERTEX_POINT('',#17935);
#5822=VERTEX_POINT('',#17939);
#5823=VERTEX_POINT('',#17943);
#5824=VERTEX_POINT('',#17947);
#5825=VERTEX_POINT('',#17954);
#5826=VERTEX_POINT('',#17956);
#5827=VERTEX_POINT('',#17959);
#5828=VERTEX_POINT('',#17960);
#5829=VERTEX_POINT('',#17962);
#5830=VERTEX_POINT('',#17964);
#5831=VERTEX_POINT('',#17966);
#5832=VERTEX_POINT('',#17968);
#5833=VERTEX_POINT('',#17972);
#5834=VERTEX_POINT('',#17974);
#5835=VERTEX_POINT('',#17978);
#5836=VERTEX_POINT('',#17982);
#5837=VERTEX_POINT('',#17984);
#5838=VERTEX_POINT('',#17988);
#5839=VERTEX_POINT('',#17990);
#5840=VERTEX_POINT('',#17994);
#5841=VERTEX_POINT('',#17996);
#5842=VERTEX_POINT('',#17999);
#5843=VERTEX_POINT('',#18003);
#5844=VERTEX_POINT('',#18004);
#5845=VERTEX_POINT('',#18006);
#5846=VERTEX_POINT('',#18011);
#5847=VERTEX_POINT('',#18013);
#5848=VERTEX_POINT('',#18017);
#5849=VERTEX_POINT('',#18021);
#5850=VERTEX_POINT('',#18025);
#5851=VERTEX_POINT('',#18032);
#5852=VERTEX_POINT('',#18033);
#5853=VERTEX_POINT('',#18037);
#5854=VERTEX_POINT('',#18038);
#5855=VERTEX_POINT('',#18040);
#5856=VERTEX_POINT('',#18042);
#5857=VERTEX_POINT('',#18044);
#5858=VERTEX_POINT('',#18048);
#5859=VERTEX_POINT('',#18049);
#5860=VERTEX_POINT('',#18053);
#5861=VERTEX_POINT('',#18055);
#5862=VERTEX_POINT('',#18059);
#5863=VERTEX_POINT('',#18063);
#5864=VERTEX_POINT('',#18067);
#5865=VERTEX_POINT('',#18074);
#5866=VERTEX_POINT('',#18075);
#5867=VERTEX_POINT('',#18079);
#5868=VERTEX_POINT('',#18080);
#5869=VERTEX_POINT('',#18082);
#5870=VERTEX_POINT('',#18084);
#5871=VERTEX_POINT('',#18086);
#5872=VERTEX_POINT('',#18090);
#5873=VERTEX_POINT('',#18091);
#5874=VERTEX_POINT('',#18095);
#5875=VERTEX_POINT('',#18097);
#5876=VERTEX_POINT('',#18101);
#5877=VERTEX_POINT('',#18105);
#5878=VERTEX_POINT('',#18109);
#5879=VERTEX_POINT('',#18116);
#5880=VERTEX_POINT('',#18117);
#5881=VERTEX_POINT('',#18121);
#5882=VERTEX_POINT('',#18122);
#5883=VERTEX_POINT('',#18124);
#5884=VERTEX_POINT('',#18126);
#5885=VERTEX_POINT('',#18128);
#5886=VERTEX_POINT('',#18132);
#5887=VERTEX_POINT('',#18133);
#5888=VERTEX_POINT('',#18137);
#5889=VERTEX_POINT('',#18139);
#5890=VERTEX_POINT('',#18143);
#5891=VERTEX_POINT('',#18147);
#5892=VERTEX_POINT('',#18151);
#5893=VERTEX_POINT('',#18158);
#5894=VERTEX_POINT('',#18159);
#5895=VERTEX_POINT('',#18163);
#5896=VERTEX_POINT('',#18164);
#5897=VERTEX_POINT('',#18166);
#5898=VERTEX_POINT('',#18168);
#5899=VERTEX_POINT('',#18170);
#5900=VERTEX_POINT('',#18174);
#5901=VERTEX_POINT('',#18175);
#5902=VERTEX_POINT('',#18179);
#5903=VERTEX_POINT('',#18181);
#5904=VERTEX_POINT('',#18185);
#5905=VERTEX_POINT('',#18189);
#5906=VERTEX_POINT('',#18193);
#5907=VERTEX_POINT('',#18200);
#5908=VERTEX_POINT('',#18201);
#5909=VERTEX_POINT('',#18205);
#5910=VERTEX_POINT('',#18206);
#5911=VERTEX_POINT('',#18208);
#5912=VERTEX_POINT('',#18210);
#5913=VERTEX_POINT('',#18212);
#5914=VERTEX_POINT('',#18216);
#5915=VERTEX_POINT('',#18217);
#5916=VERTEX_POINT('',#18221);
#5917=VERTEX_POINT('',#18223);
#5918=VERTEX_POINT('',#18227);
#5919=VERTEX_POINT('',#18231);
#5920=VERTEX_POINT('',#18235);
#5921=VERTEX_POINT('',#18242);
#5922=VERTEX_POINT('',#18243);
#5923=VERTEX_POINT('',#18247);
#5924=VERTEX_POINT('',#18248);
#5925=VERTEX_POINT('',#18250);
#5926=VERTEX_POINT('',#18252);
#5927=VERTEX_POINT('',#18254);
#5928=VERTEX_POINT('',#18258);
#5929=VERTEX_POINT('',#18259);
#5930=VERTEX_POINT('',#18263);
#5931=VERTEX_POINT('',#18265);
#5932=VERTEX_POINT('',#18269);
#5933=VERTEX_POINT('',#18273);
#5934=VERTEX_POINT('',#18277);
#5935=VERTEX_POINT('',#18284);
#5936=VERTEX_POINT('',#18285);
#5937=VERTEX_POINT('',#18287);
#5938=VERTEX_POINT('',#18291);
#5939=VERTEX_POINT('',#18293);
#5940=VERTEX_POINT('',#18295);
#5941=VERTEX_POINT('',#18299);
#5942=VERTEX_POINT('',#18300);
#5943=VERTEX_POINT('',#18302);
#5944=VERTEX_POINT('',#18306);
#5945=VERTEX_POINT('',#18307);
#5946=VERTEX_POINT('',#18309);
#5947=VERTEX_POINT('',#18316);
#5948=VERTEX_POINT('',#18318);
#5949=VERTEX_POINT('',#18320);
#5950=VERTEX_POINT('',#18324);
#5951=VERTEX_POINT('',#18325);
#5952=VERTEX_POINT('',#18327);
#5953=VERTEX_POINT('',#18334);
#5954=VERTEX_POINT('',#18335);
#5955=VERTEX_POINT('',#18337);
#5956=VERTEX_POINT('',#18347);
#5957=VERTEX_POINT('',#18348);
#5958=VERTEX_POINT('',#18350);
#5959=VERTEX_POINT('',#18376);
#5960=VERTEX_POINT('',#18377);
#5961=VERTEX_POINT('',#18379);
#5962=VERTEX_POINT('',#18383);
#5963=VERTEX_POINT('',#18385);
#5964=VERTEX_POINT('',#18387);
#5965=VERTEX_POINT('',#18391);
#5966=VERTEX_POINT('',#18392);
#5967=VERTEX_POINT('',#18394);
#5968=VERTEX_POINT('',#18398);
#5969=VERTEX_POINT('',#18399);
#5970=VERTEX_POINT('',#18401);
#5971=VERTEX_POINT('',#18408);
#5972=VERTEX_POINT('',#18410);
#5973=VERTEX_POINT('',#18412);
#5974=VERTEX_POINT('',#18416);
#5975=VERTEX_POINT('',#18417);
#5976=VERTEX_POINT('',#18419);
#5977=VERTEX_POINT('',#18426);
#5978=VERTEX_POINT('',#18427);
#5979=VERTEX_POINT('',#18429);
#5980=VERTEX_POINT('',#18439);
#5981=VERTEX_POINT('',#18440);
#5982=VERTEX_POINT('',#18442);
#5983=VERTEX_POINT('',#18468);
#5984=VERTEX_POINT('',#18469);
#5985=VERTEX_POINT('',#18471);
#5986=VERTEX_POINT('',#18475);
#5987=VERTEX_POINT('',#18477);
#5988=VERTEX_POINT('',#18479);
#5989=VERTEX_POINT('',#18483);
#5990=VERTEX_POINT('',#18484);
#5991=VERTEX_POINT('',#18486);
#5992=VERTEX_POINT('',#18490);
#5993=VERTEX_POINT('',#18491);
#5994=VERTEX_POINT('',#18493);
#5995=VERTEX_POINT('',#18500);
#5996=VERTEX_POINT('',#18502);
#5997=VERTEX_POINT('',#18504);
#5998=VERTEX_POINT('',#18508);
#5999=VERTEX_POINT('',#18509);
#6000=VERTEX_POINT('',#18511);
#6001=VERTEX_POINT('',#18518);
#6002=VERTEX_POINT('',#18519);
#6003=VERTEX_POINT('',#18521);
#6004=VERTEX_POINT('',#18531);
#6005=VERTEX_POINT('',#18532);
#6006=VERTEX_POINT('',#18534);
#6007=EDGE_CURVE('',#5015,#5016,#2423,.T.);
#6008=EDGE_CURVE('',#5016,#5016,#2199,.T.);
#6009=EDGE_CURVE('',#5017,#5018,#2200,.T.);
#6010=EDGE_CURVE('',#5019,#5017,#2424,.T.);
#6011=EDGE_CURVE('',#5019,#5020,#2201,.T.);
#6012=EDGE_CURVE('',#5018,#5020,#2425,.T.);
#6013=EDGE_CURVE('',#5018,#5021,#2426,.T.);
#6014=EDGE_CURVE('',#5020,#5022,#2427,.T.);
#6015=EDGE_CURVE('',#5021,#5022,#2428,.T.);
#6016=EDGE_CURVE('',#5019,#5023,#2429,.T.);
#6017=EDGE_CURVE('',#5024,#5023,#2202,.F.);
#6018=EDGE_CURVE('',#5025,#5024,#2430,.F.);
#6019=EDGE_CURVE('',#5022,#5025,#2431,.T.);
#6020=EDGE_CURVE('',#5026,#5021,#2432,.T.);
#6021=EDGE_CURVE('',#5026,#5027,#2433,.T.);
#6022=EDGE_CURVE('',#5017,#5027,#2434,.T.);
#6023=EDGE_CURVE('',#5028,#5029,#2435,.T.);
#6024=EDGE_CURVE('',#5029,#5029,#2203,.T.);
#6025=EDGE_CURVE('',#5030,#5024,#2436,.T.);
#6026=EDGE_CURVE('',#5031,#5023,#2437,.F.);
#6027=EDGE_CURVE('',#5030,#5031,#2204,.F.);
#6028=EDGE_CURVE('',#5032,#5030,#2438,.F.);
#6029=EDGE_CURVE('',#5032,#5025,#2439,.T.);
#6030=EDGE_CURVE('',#5033,#5034,#2440,.T.);
#6031=EDGE_CURVE('',#5035,#5033,#2441,.T.);
#6032=EDGE_CURVE('',#5035,#5031,#2442,.T.);
#6033=EDGE_CURVE('',#5034,#5027,#2443,.T.);
#6034=EDGE_CURVE('',#5036,#5034,#2444,.T.);
#6035=EDGE_CURVE('',#5036,#5026,#2445,.T.);
#6036=EDGE_CURVE('',#5033,#5037,#2205,.T.);
#6037=EDGE_CURVE('',#5037,#5038,#2446,.T.);
#6038=EDGE_CURVE('',#5035,#5038,#2206,.T.);
#6039=EDGE_CURVE('',#5036,#5039,#2447,.T.);
#6040=EDGE_CURVE('',#5040,#5032,#2448,.T.);
#6041=EDGE_CURVE('',#5039,#5040,#2449,.T.);
#6042=EDGE_CURVE('',#5037,#5039,#2450,.T.);
#6043=EDGE_CURVE('',#5038,#5040,#2451,.T.);
#6044=EDGE_CURVE('',#5041,#5041,#2207,.T.);
#6045=EDGE_CURVE('',#5041,#5042,#2452,.T.);
#6046=EDGE_CURVE('',#5043,#5044,#2453,.F.);
#6047=EDGE_CURVE('',#5043,#5045,#2208,.F.);
#6048=EDGE_CURVE('',#5045,#5046,#2454,.T.);
#6049=EDGE_CURVE('',#5044,#5046,#2209,.F.);
#6050=EDGE_CURVE('',#5045,#5047,#2455,.F.);
#6051=EDGE_CURVE('',#5047,#5048,#2456,.T.);
#6052=EDGE_CURVE('',#5046,#5048,#2457,.F.);
#6053=EDGE_CURVE('',#5048,#5049,#2458,.T.);
#6054=EDGE_CURVE('',#5049,#5050,#2459,.T.);
#6055=EDGE_CURVE('',#5050,#5051,#2210,.T.);
#6056=EDGE_CURVE('',#5051,#5044,#2460,.T.);
#6057=EDGE_CURVE('',#5052,#5043,#2461,.T.);
#6058=EDGE_CURVE('',#5053,#5052,#2462,.T.);
#6059=EDGE_CURVE('',#5047,#5053,#2463,.T.);
#6060=EDGE_CURVE('',#5054,#5054,#2211,.T.);
#6061=EDGE_CURVE('',#5054,#5055,#2464,.T.);
#6062=EDGE_CURVE('',#5056,#5057,#2465,.T.);
#6063=EDGE_CURVE('',#5057,#5050,#2466,.T.);
#6064=EDGE_CURVE('',#5056,#5049,#2467,.T.);
#6065=EDGE_CURVE('',#5058,#5059,#2468,.F.);
#6066=EDGE_CURVE('',#5059,#5060,#2212,.F.);
#6067=EDGE_CURVE('',#5061,#5060,#2469,.T.);
#6068=EDGE_CURVE('',#5058,#5061,#2213,.F.);
#6069=EDGE_CURVE('',#5061,#5062,#2470,.F.);
#6070=EDGE_CURVE('',#5060,#5063,#2471,.F.);
#6071=EDGE_CURVE('',#5062,#5063,#2472,.T.);
#6072=EDGE_CURVE('',#5064,#5059,#2473,.T.);
#6073=EDGE_CURVE('',#5057,#5064,#2214,.T.);
#6074=EDGE_CURVE('',#5063,#5056,#2474,.T.);
#6075=EDGE_CURVE('',#5064,#5051,#2475,.T.);
#6076=EDGE_CURVE('',#5065,#5066,#2476,.T.);
#6077=EDGE_CURVE('',#5065,#5053,#2477,.T.);
#6078=EDGE_CURVE('',#5066,#5052,#2478,.T.);
#6079=EDGE_CURVE('',#5066,#5058,#2479,.T.);
#6080=EDGE_CURVE('',#5062,#5065,#2480,.T.);
#6081=EDGE_CURVE('',#5067,#5068,#2481,.T.);
#6082=EDGE_CURVE('',#5068,#5068,#2215,.T.);
#6083=EDGE_CURVE('',#5069,#5070,#2216,.T.);
#6084=EDGE_CURVE('',#5070,#5071,#2482,.T.);
#6085=EDGE_CURVE('',#5072,#5071,#2217,.T.);
#6086=EDGE_CURVE('',#5072,#5069,#2483,.T.);
#6087=EDGE_CURVE('',#5070,#5073,#2484,.T.);
#6088=EDGE_CURVE('',#5073,#5074,#2485,.T.);
#6089=EDGE_CURVE('',#5071,#5074,#2486,.T.);
#6090=EDGE_CURVE('',#5074,#5075,#2487,.T.);
#6091=EDGE_CURVE('',#5075,#5076,#2488,.F.);
#6092=EDGE_CURVE('',#5076,#5077,#2218,.F.);
#6093=EDGE_CURVE('',#5072,#5077,#2489,.T.);
#6094=EDGE_CURVE('',#5069,#5078,#2490,.T.);
#6095=EDGE_CURVE('',#5079,#5078,#2491,.T.);
#6096=EDGE_CURVE('',#5079,#5073,#2492,.T.);
#6097=EDGE_CURVE('',#5080,#5081,#2493,.T.);
#6098=EDGE_CURVE('',#5081,#5081,#2219,.T.);
#6099=EDGE_CURVE('',#5082,#5076,#2494,.T.);
#6100=EDGE_CURVE('',#5082,#5083,#2220,.F.);
#6101=EDGE_CURVE('',#5083,#5077,#2495,.F.);
#6102=EDGE_CURVE('',#5084,#5082,#2496,.F.);
#6103=EDGE_CURVE('',#5084,#5075,#2497,.T.);
#6104=EDGE_CURVE('',#5085,#5086,#2498,.T.);
#6105=EDGE_CURVE('',#5086,#5078,#2499,.T.);
#6106=EDGE_CURVE('',#5087,#5083,#2500,.T.);
#6107=EDGE_CURVE('',#5087,#5085,#2501,.T.);
#6108=EDGE_CURVE('',#5088,#5086,#2502,.T.);
#6109=EDGE_CURVE('',#5088,#5079,#2503,.T.);
#6110=EDGE_CURVE('',#5085,#5089,#2221,.T.);
#6111=EDGE_CURVE('',#5087,#5090,#2222,.T.);
#6112=EDGE_CURVE('',#5089,#5090,#2504,.T.);
#6113=EDGE_CURVE('',#5088,#5091,#2505,.T.);
#6114=EDGE_CURVE('',#5091,#5092,#2506,.T.);
#6115=EDGE_CURVE('',#5092,#5084,#2507,.T.);
#6116=EDGE_CURVE('',#5089,#5091,#2508,.T.);
#6117=EDGE_CURVE('',#5090,#5092,#2509,.T.);
#6118=EDGE_CURVE('',#5093,#5093,#2223,.T.);
#6119=EDGE_CURVE('',#5093,#5094,#2510,.T.);
#6120=EDGE_CURVE('',#5095,#5096,#2511,.F.);
#6121=EDGE_CURVE('',#5096,#5097,#2224,.F.);
#6122=EDGE_CURVE('',#5098,#5097,#2512,.T.);
#6123=EDGE_CURVE('',#5095,#5098,#2225,.F.);
#6124=EDGE_CURVE('',#5098,#5099,#2513,.F.);
#6125=EDGE_CURVE('',#5097,#5100,#2514,.F.);
#6126=EDGE_CURVE('',#5099,#5100,#2515,.T.);
#6127=EDGE_CURVE('',#5101,#5096,#2516,.T.);
#6128=EDGE_CURVE('',#5102,#5101,#2226,.T.);
#6129=EDGE_CURVE('',#5103,#5102,#2517,.T.);
#6130=EDGE_CURVE('',#5100,#5103,#2518,.T.);
#6131=EDGE_CURVE('',#5099,#5104,#2519,.T.);
#6132=EDGE_CURVE('',#5104,#5105,#2520,.T.);
#6133=EDGE_CURVE('',#5105,#5095,#2521,.T.);
#6134=EDGE_CURVE('',#5106,#5106,#2227,.T.);
#6135=EDGE_CURVE('',#5106,#5107,#2522,.T.);
#6136=EDGE_CURVE('',#5108,#5109,#2523,.T.);
#6137=EDGE_CURVE('',#5108,#5103,#2524,.T.);
#6138=EDGE_CURVE('',#5109,#5102,#2525,.T.);
#6139=EDGE_CURVE('',#5110,#5111,#2526,.F.);
#6140=EDGE_CURVE('',#5110,#5112,#2228,.F.);
#6141=EDGE_CURVE('',#5112,#5113,#2527,.T.);
#6142=EDGE_CURVE('',#5111,#5113,#2229,.F.);
#6143=EDGE_CURVE('',#5112,#5114,#2528,.F.);
#6144=EDGE_CURVE('',#5114,#5115,#2529,.T.);
#6145=EDGE_CURVE('',#5113,#5115,#2530,.F.);
#6146=EDGE_CURVE('',#5115,#5108,#2531,.T.);
#6147=EDGE_CURVE('',#5109,#5116,#2230,.T.);
#6148=EDGE_CURVE('',#5116,#5111,#2532,.T.);
#6149=EDGE_CURVE('',#5116,#5101,#2533,.T.);
#6150=EDGE_CURVE('',#5117,#5118,#2534,.T.);
#6151=EDGE_CURVE('',#5118,#5105,#2535,.T.);
#6152=EDGE_CURVE('',#5117,#5104,#2536,.T.);
#6153=EDGE_CURVE('',#5118,#5110,#2537,.T.);
#6154=EDGE_CURVE('',#5114,#5117,#2538,.T.);
#6155=EDGE_CURVE('',#5119,#5120,#2539,.T.);
#6156=EDGE_CURVE('',#5120,#5120,#2231,.T.);
#6157=EDGE_CURVE('',#5121,#5122,#2232,.T.);
#6158=EDGE_CURVE('',#5123,#5121,#2540,.T.);
#6159=EDGE_CURVE('',#5123,#5124,#2233,.T.);
#6160=EDGE_CURVE('',#5122,#5124,#2541,.T.);
#6161=EDGE_CURVE('',#5122,#5125,#2542,.T.);
#6162=EDGE_CURVE('',#5124,#5126,#2543,.T.);
#6163=EDGE_CURVE('',#5125,#5126,#2544,.T.);
#6164=EDGE_CURVE('',#5123,#5127,#2545,.T.);
#6165=EDGE_CURVE('',#5128,#5127,#2234,.F.);
#6166=EDGE_CURVE('',#5129,#5128,#2546,.F.);
#6167=EDGE_CURVE('',#5126,#5129,#2547,.T.);
#6168=EDGE_CURVE('',#5130,#5125,#2548,.T.);
#6169=EDGE_CURVE('',#5130,#5131,#2549,.T.);
#6170=EDGE_CURVE('',#5121,#5131,#2550,.T.);
#6171=EDGE_CURVE('',#5132,#5133,#2551,.T.);
#6172=EDGE_CURVE('',#5133,#5133,#2235,.T.);
#6173=EDGE_CURVE('',#5134,#5128,#2552,.T.);
#6174=EDGE_CURVE('',#5135,#5127,#2553,.F.);
#6175=EDGE_CURVE('',#5134,#5135,#2236,.F.);
#6176=EDGE_CURVE('',#5136,#5134,#2554,.F.);
#6177=EDGE_CURVE('',#5136,#5129,#2555,.T.);
#6178=EDGE_CURVE('',#5137,#5138,#2556,.T.);
#6179=EDGE_CURVE('',#5139,#5137,#2557,.T.);
#6180=EDGE_CURVE('',#5139,#5135,#2558,.T.);
#6181=EDGE_CURVE('',#5138,#5131,#2559,.T.);
#6182=EDGE_CURVE('',#5140,#5138,#2560,.T.);
#6183=EDGE_CURVE('',#5140,#5130,#2561,.T.);
#6184=EDGE_CURVE('',#5137,#5141,#2237,.T.);
#6185=EDGE_CURVE('',#5141,#5142,#2562,.T.);
#6186=EDGE_CURVE('',#5139,#5142,#2238,.T.);
#6187=EDGE_CURVE('',#5140,#5143,#2563,.T.);
#6188=EDGE_CURVE('',#5144,#5136,#2564,.T.);
#6189=EDGE_CURVE('',#5143,#5144,#2565,.T.);
#6190=EDGE_CURVE('',#5141,#5143,#2566,.T.);
#6191=EDGE_CURVE('',#5142,#5144,#2567,.T.);
#6192=EDGE_CURVE('',#5145,#5145,#2239,.T.);
#6193=EDGE_CURVE('',#5145,#5146,#2568,.T.);
#6194=EDGE_CURVE('',#5147,#5148,#2569,.F.);
#6195=EDGE_CURVE('',#5147,#5149,#2240,.F.);
#6196=EDGE_CURVE('',#5149,#5150,#2570,.T.);
#6197=EDGE_CURVE('',#5148,#5150,#2241,.F.);
#6198=EDGE_CURVE('',#5149,#5151,#2571,.F.);
#6199=EDGE_CURVE('',#5151,#5152,#2572,.T.);
#6200=EDGE_CURVE('',#5150,#5152,#2573,.F.);
#6201=EDGE_CURVE('',#5152,#5153,#2574,.T.);
#6202=EDGE_CURVE('',#5153,#5154,#2575,.T.);
#6203=EDGE_CURVE('',#5154,#5155,#2242,.T.);
#6204=EDGE_CURVE('',#5155,#5148,#2576,.T.);
#6205=EDGE_CURVE('',#5156,#5147,#2577,.T.);
#6206=EDGE_CURVE('',#5157,#5156,#2578,.T.);
#6207=EDGE_CURVE('',#5151,#5157,#2579,.T.);
#6208=EDGE_CURVE('',#5158,#5158,#2243,.T.);
#6209=EDGE_CURVE('',#5158,#5159,#2580,.T.);
#6210=EDGE_CURVE('',#5160,#5161,#2581,.T.);
#6211=EDGE_CURVE('',#5161,#5154,#2582,.T.);
#6212=EDGE_CURVE('',#5160,#5153,#2583,.T.);
#6213=EDGE_CURVE('',#5162,#5163,#2584,.F.);
#6214=EDGE_CURVE('',#5163,#5164,#2244,.F.);
#6215=EDGE_CURVE('',#5165,#5164,#2585,.T.);
#6216=EDGE_CURVE('',#5162,#5165,#2245,.F.);
#6217=EDGE_CURVE('',#5165,#5166,#2586,.F.);
#6218=EDGE_CURVE('',#5164,#5167,#2587,.F.);
#6219=EDGE_CURVE('',#5166,#5167,#2588,.T.);
#6220=EDGE_CURVE('',#5168,#5163,#2589,.T.);
#6221=EDGE_CURVE('',#5161,#5168,#2246,.T.);
#6222=EDGE_CURVE('',#5167,#5160,#2590,.T.);
#6223=EDGE_CURVE('',#5168,#5155,#2591,.T.);
#6224=EDGE_CURVE('',#5169,#5170,#2592,.T.);
#6225=EDGE_CURVE('',#5169,#5157,#2593,.T.);
#6226=EDGE_CURVE('',#5170,#5156,#2594,.T.);
#6227=EDGE_CURVE('',#5170,#5162,#2595,.T.);
#6228=EDGE_CURVE('',#5166,#5169,#2596,.T.);
#6229=EDGE_CURVE('',#5171,#5172,#2597,.T.);
#6230=EDGE_CURVE('',#5172,#5172,#2247,.T.);
#6231=EDGE_CURVE('',#5173,#5174,#2248,.T.);
#6232=EDGE_CURVE('',#5174,#5175,#2598,.T.);
#6233=EDGE_CURVE('',#5176,#5175,#2249,.T.);
#6234=EDGE_CURVE('',#5176,#5173,#2599,.T.);
#6235=EDGE_CURVE('',#5174,#5177,#2600,.T.);
#6236=EDGE_CURVE('',#5177,#5178,#2601,.T.);
#6237=EDGE_CURVE('',#5175,#5178,#2602,.T.);
#6238=EDGE_CURVE('',#5178,#5179,#2603,.T.);
#6239=EDGE_CURVE('',#5179,#5180,#2604,.F.);
#6240=EDGE_CURVE('',#5180,#5181,#2250,.F.);
#6241=EDGE_CURVE('',#5176,#5181,#2605,.T.);
#6242=EDGE_CURVE('',#5173,#5182,#2606,.T.);
#6243=EDGE_CURVE('',#5183,#5182,#2607,.T.);
#6244=EDGE_CURVE('',#5183,#5177,#2608,.T.);
#6245=EDGE_CURVE('',#5184,#5185,#2609,.T.);
#6246=EDGE_CURVE('',#5185,#5185,#2251,.T.);
#6247=EDGE_CURVE('',#5186,#5180,#2610,.T.);
#6248=EDGE_CURVE('',#5186,#5187,#2252,.F.);
#6249=EDGE_CURVE('',#5187,#5181,#2611,.F.);
#6250=EDGE_CURVE('',#5188,#5186,#2612,.F.);
#6251=EDGE_CURVE('',#5188,#5179,#2613,.T.);
#6252=EDGE_CURVE('',#5189,#5190,#2614,.T.);
#6253=EDGE_CURVE('',#5190,#5182,#2615,.T.);
#6254=EDGE_CURVE('',#5191,#5187,#2616,.T.);
#6255=EDGE_CURVE('',#5191,#5189,#2617,.T.);
#6256=EDGE_CURVE('',#5192,#5190,#2618,.T.);
#6257=EDGE_CURVE('',#5192,#5183,#2619,.T.);
#6258=EDGE_CURVE('',#5189,#5193,#2253,.T.);
#6259=EDGE_CURVE('',#5191,#5194,#2254,.T.);
#6260=EDGE_CURVE('',#5193,#5194,#2620,.T.);
#6261=EDGE_CURVE('',#5192,#5195,#2621,.T.);
#6262=EDGE_CURVE('',#5195,#5196,#2622,.T.);
#6263=EDGE_CURVE('',#5196,#5188,#2623,.T.);
#6264=EDGE_CURVE('',#5193,#5195,#2624,.T.);
#6265=EDGE_CURVE('',#5194,#5196,#2625,.T.);
#6266=EDGE_CURVE('',#5197,#5197,#2255,.T.);
#6267=EDGE_CURVE('',#5197,#5198,#2626,.T.);
#6268=EDGE_CURVE('',#5199,#5200,#2627,.F.);
#6269=EDGE_CURVE('',#5200,#5201,#2256,.F.);
#6270=EDGE_CURVE('',#5202,#5201,#2628,.T.);
#6271=EDGE_CURVE('',#5199,#5202,#2257,.F.);
#6272=EDGE_CURVE('',#5202,#5203,#2629,.F.);
#6273=EDGE_CURVE('',#5201,#5204,#2630,.F.);
#6274=EDGE_CURVE('',#5203,#5204,#2631,.T.);
#6275=EDGE_CURVE('',#5205,#5200,#2632,.T.);
#6276=EDGE_CURVE('',#5206,#5205,#2258,.T.);
#6277=EDGE_CURVE('',#5207,#5206,#2633,.T.);
#6278=EDGE_CURVE('',#5204,#5207,#2634,.T.);
#6279=EDGE_CURVE('',#5203,#5208,#2635,.T.);
#6280=EDGE_CURVE('',#5208,#5209,#2636,.T.);
#6281=EDGE_CURVE('',#5209,#5199,#2637,.T.);
#6282=EDGE_CURVE('',#5210,#5210,#2259,.T.);
#6283=EDGE_CURVE('',#5210,#5211,#2638,.T.);
#6284=EDGE_CURVE('',#5212,#5213,#2639,.T.);
#6285=EDGE_CURVE('',#5212,#5207,#2640,.T.);
#6286=EDGE_CURVE('',#5213,#5206,#2641,.T.);
#6287=EDGE_CURVE('',#5214,#5215,#2642,.F.);
#6288=EDGE_CURVE('',#5214,#5216,#2260,.F.);
#6289=EDGE_CURVE('',#5216,#5217,#2643,.T.);
#6290=EDGE_CURVE('',#5215,#5217,#2261,.F.);
#6291=EDGE_CURVE('',#5216,#5218,#2644,.F.);
#6292=EDGE_CURVE('',#5218,#5219,#2645,.T.);
#6293=EDGE_CURVE('',#5217,#5219,#2646,.F.);
#6294=EDGE_CURVE('',#5219,#5212,#2647,.T.);
#6295=EDGE_CURVE('',#5213,#5220,#2262,.T.);
#6296=EDGE_CURVE('',#5220,#5215,#2648,.T.);
#6297=EDGE_CURVE('',#5220,#5205,#2649,.T.);
#6298=EDGE_CURVE('',#5221,#5222,#2650,.T.);
#6299=EDGE_CURVE('',#5222,#5209,#2651,.T.);
#6300=EDGE_CURVE('',#5221,#5208,#2652,.T.);
#6301=EDGE_CURVE('',#5222,#5214,#2653,.T.);
#6302=EDGE_CURVE('',#5218,#5221,#2654,.T.);
#6303=EDGE_CURVE('',#5223,#5224,#2655,.T.);
#6304=EDGE_CURVE('',#5223,#5225,#2656,.T.);
#6305=EDGE_CURVE('',#5226,#5225,#2657,.T.);
#6306=EDGE_CURVE('',#5224,#5226,#2658,.T.);
#6307=EDGE_CURVE('',#5227,#5223,#2659,.T.);
#6308=EDGE_CURVE('',#5227,#5228,#2660,.T.);
#6309=EDGE_CURVE('',#5225,#5228,#2661,.T.);
#6310=EDGE_CURVE('',#5224,#5229,#2662,.T.);
#6311=EDGE_CURVE('',#5230,#5226,#2663,.T.);
#6312=EDGE_CURVE('',#5229,#5230,#2664,.T.);
#6313=EDGE_CURVE('',#5229,#5227,#2665,.T.);
#6314=EDGE_CURVE('',#5228,#5230,#2666,.T.);
#6315=EDGE_CURVE('',#5231,#5232,#2667,.T.);
#6316=EDGE_CURVE('',#5233,#5231,#2668,.T.);
#6317=EDGE_CURVE('',#5232,#5233,#2669,.T.);
#6318=EDGE_CURVE('',#5234,#5235,#2670,.T.);
#6319=EDGE_CURVE('',#5236,#5234,#2671,.T.);
#6320=EDGE_CURVE('',#5235,#5236,#2672,.T.);
#6321=EDGE_CURVE('',#5237,#5238,#2673,.T.);
#6322=EDGE_CURVE('',#5239,#5237,#2674,.T.);
#6323=EDGE_CURVE('',#5238,#5239,#2675,.T.);
#6324=EDGE_CURVE('',#5240,#5241,#2676,.T.);
#6325=EDGE_CURVE('',#5242,#5240,#2677,.T.);
#6326=EDGE_CURVE('',#5241,#5242,#2678,.T.);
#6327=EDGE_CURVE('',#5240,#5231,#2679,.T.);
#6328=EDGE_CURVE('',#5232,#5242,#2680,.T.);
#6329=EDGE_CURVE('',#5243,#5244,#2681,.T.);
#6330=EDGE_CURVE('',#5245,#5243,#2682,.T.);
#6331=EDGE_CURVE('',#5244,#5245,#2683,.T.);
#6332=EDGE_CURVE('',#5234,#5245,#2684,.T.);
#6333=EDGE_CURVE('',#5243,#5236,#2685,.T.);
#6334=EDGE_CURVE('',#5245,#5239,#2686,.T.);
#6335=EDGE_CURVE('',#5237,#5244,#2687,.T.);
#6336=EDGE_CURVE('',#5246,#5247,#2688,.T.);
#6337=EDGE_CURVE('',#5248,#5246,#2689,.T.);
#6338=EDGE_CURVE('',#5247,#5248,#2690,.T.);
#6339=EDGE_CURVE('',#5246,#5235,#2691,.T.);
#6340=EDGE_CURVE('',#5236,#5248,#2692,.T.);
#6341=EDGE_CURVE('',#5249,#5250,#2693,.T.);
#6342=EDGE_CURVE('',#5251,#5249,#2694,.T.);
#6343=EDGE_CURVE('',#5250,#5251,#2695,.T.);
#6344=EDGE_CURVE('',#5249,#5237,#2696,.T.);
#6345=EDGE_CURVE('',#5238,#5251,#2697,.T.);
#6346=EDGE_CURVE('',#5241,#5250,#2698,.T.);
#6347=EDGE_CURVE('',#5251,#5240,#2699,.T.);
#6348=EDGE_CURVE('',#5252,#5253,#2700,.T.);
#6349=EDGE_CURVE('',#5254,#5252,#2701,.T.);
#6350=EDGE_CURVE('',#5253,#5254,#2702,.T.);
#6351=EDGE_CURVE('',#5252,#5243,#2703,.T.);
#6352=EDGE_CURVE('',#5244,#5254,#2704,.T.);
#6353=EDGE_CURVE('',#5250,#5253,#2705,.T.);
#6354=EDGE_CURVE('',#5254,#5249,#2706,.T.);
#6355=EDGE_CURVE('',#5253,#5247,#2707,.T.);
#6356=EDGE_CURVE('',#5248,#5252,#2708,.T.);
#6357=EDGE_CURVE('',#5247,#5241,#2709,.T.);
#6358=EDGE_CURVE('',#5242,#5246,#2710,.T.);
#6359=EDGE_CURVE('',#5239,#5233,#2711,.T.);
#6360=EDGE_CURVE('',#5231,#5238,#2712,.T.);
#6361=EDGE_CURVE('',#5233,#5234,#2713,.T.);
#6362=EDGE_CURVE('',#5235,#5232,#2714,.T.);
#6363=EDGE_CURVE('',#5255,#5256,#2715,.T.);
#6364=EDGE_CURVE('',#5257,#5255,#2716,.T.);
#6365=EDGE_CURVE('',#5256,#5257,#2717,.T.);
#6366=EDGE_CURVE('',#5258,#5257,#2718,.T.);
#6367=EDGE_CURVE('',#5255,#5259,#2719,.T.);
#6368=EDGE_CURVE('',#5259,#5260,#2720,.T.);
#6369=EDGE_CURVE('',#5260,#5258,#2721,.T.);
#6370=EDGE_CURVE('',#5261,#5262,#2722,.T.);
#6371=EDGE_CURVE('',#5263,#5261,#2723,.T.);
#6372=EDGE_CURVE('',#5262,#5263,#2724,.T.);
#6373=EDGE_CURVE('',#5264,#5265,#2725,.T.);
#6374=EDGE_CURVE('',#5266,#5264,#2726,.T.);
#6375=EDGE_CURVE('',#5265,#5266,#2727,.T.);
#6376=EDGE_CURVE('',#5264,#5256,#2728,.T.);
#6377=EDGE_CURVE('',#5257,#5266,#2729,.T.);
#6378=EDGE_CURVE('',#5267,#5263,#2730,.T.);
#6379=EDGE_CURVE('',#5261,#5268,#2731,.T.);
#6380=EDGE_CURVE('',#5268,#5269,#2732,.T.);
#6381=EDGE_CURVE('',#5269,#5267,#2733,.T.);
#6382=EDGE_CURVE('',#5270,#5271,#2734,.T.);
#6383=EDGE_CURVE('',#5272,#5270,#2735,.T.);
#6384=EDGE_CURVE('',#5271,#5272,#2736,.T.);
#6385=EDGE_CURVE('',#5260,#5272,#2737,.T.);
#6386=EDGE_CURVE('',#5270,#5258,#2738,.T.);
#6387=EDGE_CURVE('',#5273,#5274,#2739,.T.);
#6388=EDGE_CURVE('',#5275,#5273,#2740,.T.);
#6389=EDGE_CURVE('',#5274,#5275,#2741,.T.);
#6390=EDGE_CURVE('',#5273,#5261,#2742,.T.);
#6391=EDGE_CURVE('',#5262,#5275,#2743,.T.);
#6392=EDGE_CURVE('',#5265,#5274,#2744,.T.);
#6393=EDGE_CURVE('',#5275,#5264,#2745,.T.);
#6394=EDGE_CURVE('',#5276,#5277,#2746,.T.);
#6395=EDGE_CURVE('',#5278,#5276,#2747,.T.);
#6396=EDGE_CURVE('',#5277,#5278,#2748,.T.);
#6397=EDGE_CURVE('',#5268,#5278,#2749,.T.);
#6398=EDGE_CURVE('',#5276,#5269,#2750,.T.);
#6399=EDGE_CURVE('',#5274,#5277,#2751,.T.);
#6400=EDGE_CURVE('',#5278,#5273,#2752,.T.);
#6401=EDGE_CURVE('',#5277,#5271,#2753,.T.);
#6402=EDGE_CURVE('',#5272,#5276,#2754,.T.);
#6403=EDGE_CURVE('',#5271,#5265,#2755,.T.);
#6404=EDGE_CURVE('',#5266,#5270,#2756,.T.);
#6405=EDGE_CURVE('',#5256,#5262,#2757,.T.);
#6406=EDGE_CURVE('',#5263,#5255,#2758,.T.);
#6407=EDGE_CURVE('',#5267,#5259,#2759,.T.);
#6408=EDGE_CURVE('',#5279,#5280,#2760,.T.);
#6409=EDGE_CURVE('',#5280,#5280,#2263,.F.);
#6410=EDGE_CURVE('',#5281,#5282,#2264,.F.);
#6411=EDGE_CURVE('',#5283,#5281,#2761,.F.);
#6412=EDGE_CURVE('',#5284,#5283,#2762,.F.);
#6413=EDGE_CURVE('',#5285,#5284,#2763,.F.);
#6414=EDGE_CURVE('',#5282,#5285,#2764,.F.);
#6415=EDGE_CURVE('',#5286,#5287,#2765,.T.);
#6416=EDGE_CURVE('',#5287,#5287,#2265,.F.);
#6417=EDGE_CURVE('',#5288,#5283,#2766,.F.);
#6418=EDGE_CURVE('',#5289,#5288,#2767,.T.);
#6419=EDGE_CURVE('',#5289,#5284,#2768,.T.);
#6420=EDGE_CURVE('',#5290,#5281,#2769,.T.);
#6421=EDGE_CURVE('',#5288,#5290,#2770,.F.);
#6422=EDGE_CURVE('',#5282,#5291,#2771,.T.);
#6423=EDGE_CURVE('',#5290,#5291,#2266,.F.);
#6424=EDGE_CURVE('',#5292,#5289,#2772,.F.);
#6425=EDGE_CURVE('',#5292,#5285,#2773,.T.);
#6426=EDGE_CURVE('',#5291,#5292,#2774,.F.);
#6427=EDGE_CURVE('',#5293,#5293,#2267,.T.);
#6428=EDGE_CURVE('',#5293,#5294,#2775,.T.);
#6429=EDGE_CURVE('',#5295,#5296,#2776,.T.);
#6430=EDGE_CURVE('',#5296,#5297,#2268,.T.);
#6431=EDGE_CURVE('',#5297,#5298,#2777,.T.);
#6432=EDGE_CURVE('',#5298,#5299,#2269,.T.);
#6433=EDGE_CURVE('',#5299,#5300,#2778,.T.);
#6434=EDGE_CURVE('',#5300,#5295,#2779,.T.);
#6435=EDGE_CURVE('',#5295,#5301,#2780,.T.);
#6436=EDGE_CURVE('',#5301,#5302,#2781,.T.);
#6437=EDGE_CURVE('',#5296,#5302,#2782,.T.);
#6438=EDGE_CURVE('',#5302,#5303,#2270,.T.);
#6439=EDGE_CURVE('',#5297,#5303,#2783,.T.);
#6440=EDGE_CURVE('',#5304,#5301,#2784,.T.);
#6441=EDGE_CURVE('',#5305,#5304,#2785,.T.);
#6442=EDGE_CURVE('',#5303,#5305,#2786,.T.);
#6443=EDGE_CURVE('',#5298,#5306,#2787,.F.);
#6444=EDGE_CURVE('',#5306,#5307,#2271,.T.);
#6445=EDGE_CURVE('',#5307,#5299,#2788,.T.);
#6446=EDGE_CURVE('',#5308,#5308,#2272,.T.);
#6447=EDGE_CURVE('',#5308,#5309,#2789,.T.);
#6448=EDGE_CURVE('',#5307,#5310,#2790,.T.);
#6449=EDGE_CURVE('',#5310,#5300,#2791,.T.);
#6450=EDGE_CURVE('',#5311,#5312,#2792,.T.);
#6451=EDGE_CURVE('',#5310,#5311,#2793,.T.);
#6452=EDGE_CURVE('',#5313,#5306,#2794,.T.);
#6453=EDGE_CURVE('',#5312,#5313,#2273,.T.);
#6454=EDGE_CURVE('',#5311,#5314,#2795,.T.);
#6455=EDGE_CURVE('',#5315,#5314,#2796,.T.);
#6456=EDGE_CURVE('',#5315,#5304,#2797,.T.);
#6457=EDGE_CURVE('',#5312,#5316,#2798,.T.);
#6458=EDGE_CURVE('',#5314,#5316,#2799,.T.);
#6459=EDGE_CURVE('',#5317,#5315,#2800,.T.);
#6460=EDGE_CURVE('',#5317,#5305,#2801,.T.);
#6461=EDGE_CURVE('',#5318,#5317,#2802,.T.);
#6462=EDGE_CURVE('',#5313,#5318,#2803,.T.);
#6463=EDGE_CURVE('',#5316,#5318,#2274,.T.);
#6464=EDGE_CURVE('',#5319,#5320,#2804,.T.);
#6465=EDGE_CURVE('',#5320,#5320,#2275,.T.);
#6466=EDGE_CURVE('',#5321,#5322,#2276,.T.);
#6467=EDGE_CURVE('',#5323,#5321,#2805,.T.);
#6468=EDGE_CURVE('',#5323,#5324,#2277,.T.);
#6469=EDGE_CURVE('',#5322,#5324,#2806,.T.);
#6470=EDGE_CURVE('',#5322,#5325,#2807,.T.);
#6471=EDGE_CURVE('',#5324,#5326,#2808,.T.);
#6472=EDGE_CURVE('',#5325,#5326,#2809,.T.);
#6473=EDGE_CURVE('',#5323,#5327,#2810,.T.);
#6474=EDGE_CURVE('',#5328,#5327,#2278,.F.);
#6475=EDGE_CURVE('',#5329,#5328,#2811,.F.);
#6476=EDGE_CURVE('',#5326,#5329,#2812,.T.);
#6477=EDGE_CURVE('',#5330,#5325,#2813,.T.);
#6478=EDGE_CURVE('',#5330,#5331,#2814,.T.);
#6479=EDGE_CURVE('',#5321,#5331,#2815,.T.);
#6480=EDGE_CURVE('',#5332,#5333,#2816,.T.);
#6481=EDGE_CURVE('',#5333,#5333,#2279,.T.);
#6482=EDGE_CURVE('',#5334,#5328,#2817,.T.);
#6483=EDGE_CURVE('',#5335,#5327,#2818,.F.);
#6484=EDGE_CURVE('',#5334,#5335,#2280,.F.);
#6485=EDGE_CURVE('',#5336,#5334,#2819,.F.);
#6486=EDGE_CURVE('',#5336,#5329,#2820,.T.);
#6487=EDGE_CURVE('',#5337,#5338,#2821,.T.);
#6488=EDGE_CURVE('',#5339,#5337,#2822,.T.);
#6489=EDGE_CURVE('',#5339,#5335,#2823,.T.);
#6490=EDGE_CURVE('',#5338,#5331,#2824,.T.);
#6491=EDGE_CURVE('',#5340,#5338,#2825,.T.);
#6492=EDGE_CURVE('',#5340,#5330,#2826,.T.);
#6493=EDGE_CURVE('',#5337,#5341,#2281,.T.);
#6494=EDGE_CURVE('',#5341,#5342,#2827,.T.);
#6495=EDGE_CURVE('',#5339,#5342,#2282,.T.);
#6496=EDGE_CURVE('',#5340,#5343,#2828,.T.);
#6497=EDGE_CURVE('',#5344,#5336,#2829,.T.);
#6498=EDGE_CURVE('',#5343,#5344,#2830,.T.);
#6499=EDGE_CURVE('',#5341,#5343,#2831,.T.);
#6500=EDGE_CURVE('',#5342,#5344,#2832,.T.);
#6501=EDGE_CURVE('',#5345,#5345,#2283,.T.);
#6502=EDGE_CURVE('',#5345,#5346,#2833,.T.);
#6503=EDGE_CURVE('',#5347,#5348,#2834,.F.);
#6504=EDGE_CURVE('',#5347,#5349,#2284,.F.);
#6505=EDGE_CURVE('',#5349,#5350,#2835,.T.);
#6506=EDGE_CURVE('',#5348,#5350,#2285,.F.);
#6507=EDGE_CURVE('',#5349,#5351,#2836,.F.);
#6508=EDGE_CURVE('',#5351,#5352,#2837,.T.);
#6509=EDGE_CURVE('',#5350,#5352,#2838,.F.);
#6510=EDGE_CURVE('',#5352,#5353,#2839,.T.);
#6511=EDGE_CURVE('',#5353,#5354,#2840,.T.);
#6512=EDGE_CURVE('',#5354,#5355,#2286,.T.);
#6513=EDGE_CURVE('',#5355,#5348,#2841,.T.);
#6514=EDGE_CURVE('',#5356,#5347,#2842,.T.);
#6515=EDGE_CURVE('',#5357,#5356,#2843,.T.);
#6516=EDGE_CURVE('',#5351,#5357,#2844,.T.);
#6517=EDGE_CURVE('',#5358,#5358,#2287,.T.);
#6518=EDGE_CURVE('',#5358,#5359,#2845,.T.);
#6519=EDGE_CURVE('',#5360,#5361,#2846,.T.);
#6520=EDGE_CURVE('',#5361,#5354,#2847,.T.);
#6521=EDGE_CURVE('',#5360,#5353,#2848,.T.);
#6522=EDGE_CURVE('',#5362,#5363,#2849,.F.);
#6523=EDGE_CURVE('',#5363,#5364,#2288,.F.);
#6524=EDGE_CURVE('',#5365,#5364,#2850,.T.);
#6525=EDGE_CURVE('',#5362,#5365,#2289,.F.);
#6526=EDGE_CURVE('',#5365,#5366,#2851,.F.);
#6527=EDGE_CURVE('',#5364,#5367,#2852,.F.);
#6528=EDGE_CURVE('',#5366,#5367,#2853,.T.);
#6529=EDGE_CURVE('',#5368,#5363,#2854,.T.);
#6530=EDGE_CURVE('',#5361,#5368,#2290,.T.);
#6531=EDGE_CURVE('',#5367,#5360,#2855,.T.);
#6532=EDGE_CURVE('',#5368,#5355,#2856,.T.);
#6533=EDGE_CURVE('',#5369,#5370,#2857,.T.);
#6534=EDGE_CURVE('',#5369,#5357,#2858,.T.);
#6535=EDGE_CURVE('',#5370,#5356,#2859,.T.);
#6536=EDGE_CURVE('',#5370,#5362,#2860,.T.);
#6537=EDGE_CURVE('',#5366,#5369,#2861,.T.);
#6538=EDGE_CURVE('',#5371,#5371,#2291,.T.);
#6539=EDGE_CURVE('',#5371,#5372,#2862,.T.);
#6540=EDGE_CURVE('',#5373,#5374,#2863,.T.);
#6541=EDGE_CURVE('',#5375,#5373,#2864,.T.);
#6542=EDGE_CURVE('',#5376,#5375,#2865,.T.);
#6543=EDGE_CURVE('',#5377,#5376,#2292,.T.);
#6544=EDGE_CURVE('',#5378,#5377,#2866,.T.);
#6545=EDGE_CURVE('',#5374,#5378,#2293,.T.);
#6546=EDGE_CURVE('',#5374,#5379,#2867,.T.);
#6547=EDGE_CURVE('',#5380,#5379,#2868,.T.);
#6548=EDGE_CURVE('',#5373,#5380,#2869,.T.);
#6549=EDGE_CURVE('',#5378,#5381,#2870,.T.);
#6550=EDGE_CURVE('',#5379,#5381,#2294,.T.);
#6551=EDGE_CURVE('',#5381,#5382,#2871,.T.);
#6552=EDGE_CURVE('',#5382,#5383,#2872,.T.);
#6553=EDGE_CURVE('',#5383,#5380,#2873,.T.);
#6554=EDGE_CURVE('',#5377,#5384,#2874,.F.);
#6555=EDGE_CURVE('',#5385,#5376,#2875,.T.);
#6556=EDGE_CURVE('',#5384,#5385,#2295,.T.);
#6557=EDGE_CURVE('',#5386,#5386,#2296,.T.);
#6558=EDGE_CURVE('',#5386,#5387,#2876,.T.);
#6559=EDGE_CURVE('',#5388,#5375,#2877,.T.);
#6560=EDGE_CURVE('',#5385,#5388,#2878,.T.);
#6561=EDGE_CURVE('',#5389,#5390,#2879,.T.);
#6562=EDGE_CURVE('',#5390,#5391,#2297,.T.);
#6563=EDGE_CURVE('',#5391,#5384,#2880,.T.);
#6564=EDGE_CURVE('',#5388,#5389,#2881,.T.);
#6565=EDGE_CURVE('',#5392,#5383,#2882,.T.);
#6566=EDGE_CURVE('',#5392,#5393,#2883,.T.);
#6567=EDGE_CURVE('',#5389,#5393,#2884,.T.);
#6568=EDGE_CURVE('',#5393,#5394,#2885,.T.);
#6569=EDGE_CURVE('',#5390,#5394,#2886,.T.);
#6570=EDGE_CURVE('',#5395,#5382,#2887,.T.);
#6571=EDGE_CURVE('',#5395,#5392,#2888,.T.);
#6572=EDGE_CURVE('',#5391,#5396,#2889,.T.);
#6573=EDGE_CURVE('',#5396,#5395,#2890,.T.);
#6574=EDGE_CURVE('',#5394,#5396,#2298,.T.);
#6575=EDGE_CURVE('',#5397,#5398,#2891,.T.);
#6576=EDGE_CURVE('',#5398,#5399,#2892,.T.);
#6577=EDGE_CURVE('',#5399,#5397,#2893,.T.);
#6578=EDGE_CURVE('',#5400,#5399,#2894,.T.);
#6579=EDGE_CURVE('',#5401,#5400,#2895,.T.);
#6580=EDGE_CURVE('',#5402,#5401,#2896,.T.);
#6581=EDGE_CURVE('',#5397,#5402,#2897,.T.);
#6582=EDGE_CURVE('',#5403,#5404,#2898,.T.);
#6583=EDGE_CURVE('',#5404,#5405,#2899,.T.);
#6584=EDGE_CURVE('',#5405,#5403,#2900,.T.);
#6585=EDGE_CURVE('',#5406,#5407,#2901,.T.);
#6586=EDGE_CURVE('',#5407,#5408,#2902,.T.);
#6587=EDGE_CURVE('',#5408,#5406,#2903,.T.);
#6588=EDGE_CURVE('',#5399,#5408,#2904,.T.);
#6589=EDGE_CURVE('',#5406,#5398,#2905,.T.);
#6590=EDGE_CURVE('',#5409,#5405,#2906,.T.);
#6591=EDGE_CURVE('',#5410,#5409,#2907,.T.);
#6592=EDGE_CURVE('',#5411,#5410,#2908,.T.);
#6593=EDGE_CURVE('',#5403,#5411,#2909,.T.);
#6594=EDGE_CURVE('',#5412,#5413,#2910,.T.);
#6595=EDGE_CURVE('',#5413,#5414,#2911,.T.);
#6596=EDGE_CURVE('',#5414,#5412,#2912,.T.);
#6597=EDGE_CURVE('',#5401,#5414,#2913,.T.);
#6598=EDGE_CURVE('',#5412,#5400,#2914,.T.);
#6599=EDGE_CURVE('',#5415,#5416,#2915,.T.);
#6600=EDGE_CURVE('',#5416,#5417,#2916,.T.);
#6601=EDGE_CURVE('',#5417,#5415,#2917,.T.);
#6602=EDGE_CURVE('',#5404,#5417,#2918,.T.);
#6603=EDGE_CURVE('',#5415,#5403,#2919,.T.);
#6604=EDGE_CURVE('',#5417,#5406,#2920,.T.);
#6605=EDGE_CURVE('',#5407,#5416,#2921,.T.);
#6606=EDGE_CURVE('',#5418,#5419,#2922,.T.);
#6607=EDGE_CURVE('',#5419,#5420,#2923,.T.);
#6608=EDGE_CURVE('',#5420,#5418,#2924,.T.);
#6609=EDGE_CURVE('',#5411,#5420,#2925,.T.);
#6610=EDGE_CURVE('',#5418,#5410,#2926,.T.);
#6611=EDGE_CURVE('',#5420,#5415,#2927,.T.);
#6612=EDGE_CURVE('',#5416,#5419,#2928,.T.);
#6613=EDGE_CURVE('',#5414,#5418,#2929,.T.);
#6614=EDGE_CURVE('',#5419,#5413,#2930,.T.);
#6615=EDGE_CURVE('',#5408,#5412,#2931,.T.);
#6616=EDGE_CURVE('',#5413,#5407,#2932,.T.);
#6617=EDGE_CURVE('',#5405,#5397,#2933,.T.);
#6618=EDGE_CURVE('',#5398,#5404,#2934,.T.);
#6619=EDGE_CURVE('',#5409,#5402,#2935,.T.);
#6620=EDGE_CURVE('',#5421,#5422,#2936,.T.);
#6621=EDGE_CURVE('',#5422,#5422,#2299,.F.);
#6622=EDGE_CURVE('',#5423,#5424,#2300,.F.);
#6623=EDGE_CURVE('',#5424,#5425,#2937,.F.);
#6624=EDGE_CURVE('',#5425,#5426,#2938,.F.);
#6625=EDGE_CURVE('',#5426,#5427,#2939,.F.);
#6626=EDGE_CURVE('',#5427,#5423,#2940,.F.);
#6627=EDGE_CURVE('',#5428,#5429,#2941,.T.);
#6628=EDGE_CURVE('',#5429,#5429,#2301,.F.);
#6629=EDGE_CURVE('',#5430,#5427,#2942,.F.);
#6630=EDGE_CURVE('',#5431,#5426,#2943,.T.);
#6631=EDGE_CURVE('',#5431,#5430,#2944,.T.);
#6632=EDGE_CURVE('',#5432,#5423,#2945,.T.);
#6633=EDGE_CURVE('',#5430,#5432,#2946,.F.);
#6634=EDGE_CURVE('',#5432,#5433,#2302,.F.);
#6635=EDGE_CURVE('',#5424,#5433,#2947,.T.);
#6636=EDGE_CURVE('',#5434,#5425,#2948,.T.);
#6637=EDGE_CURVE('',#5434,#5431,#2949,.F.);
#6638=EDGE_CURVE('',#5433,#5434,#2950,.F.);
#6639=EDGE_CURVE('',#5435,#5436,#2951,.T.);
#6640=EDGE_CURVE('',#5435,#5437,#2952,.T.);
#6641=EDGE_CURVE('',#5438,#5437,#2953,.T.);
#6642=EDGE_CURVE('',#5436,#5438,#2954,.T.);
#6643=EDGE_CURVE('',#5439,#5435,#2955,.T.);
#6644=EDGE_CURVE('',#5439,#5440,#2956,.T.);
#6645=EDGE_CURVE('',#5437,#5440,#2957,.T.);
#6646=EDGE_CURVE('',#5436,#5441,#2958,.T.);
#6647=EDGE_CURVE('',#5442,#5438,#2959,.T.);
#6648=EDGE_CURVE('',#5441,#5442,#2960,.T.);
#6649=EDGE_CURVE('',#5441,#5439,#2961,.T.);
#6650=EDGE_CURVE('',#5440,#5442,#2962,.T.);
#6651=EDGE_CURVE('',#5443,#5444,#2963,.T.);
#6652=EDGE_CURVE('',#5445,#5443,#2964,.T.);
#6653=EDGE_CURVE('',#5444,#5445,#2965,.T.);
#6654=EDGE_CURVE('',#5446,#5447,#2966,.T.);
#6655=EDGE_CURVE('',#5448,#5446,#2967,.T.);
#6656=EDGE_CURVE('',#5447,#5448,#2968,.T.);
#6657=EDGE_CURVE('',#5449,#5450,#2969,.T.);
#6658=EDGE_CURVE('',#5451,#5449,#2970,.T.);
#6659=EDGE_CURVE('',#5450,#5451,#2971,.T.);
#6660=EDGE_CURVE('',#5452,#5453,#2972,.T.);
#6661=EDGE_CURVE('',#5454,#5452,#2973,.T.);
#6662=EDGE_CURVE('',#5453,#5454,#2974,.T.);
#6663=EDGE_CURVE('',#5452,#5443,#2975,.T.);
#6664=EDGE_CURVE('',#5444,#5454,#2976,.T.);
#6665=EDGE_CURVE('',#5455,#5456,#2977,.T.);
#6666=EDGE_CURVE('',#5457,#5455,#2978,.T.);
#6667=EDGE_CURVE('',#5456,#5457,#2979,.T.);
#6668=EDGE_CURVE('',#5446,#5457,#2980,.T.);
#6669=EDGE_CURVE('',#5455,#5448,#2981,.T.);
#6670=EDGE_CURVE('',#5457,#5451,#2982,.T.);
#6671=EDGE_CURVE('',#5449,#5456,#2983,.T.);
#6672=EDGE_CURVE('',#5458,#5459,#2984,.T.);
#6673=EDGE_CURVE('',#5460,#5458,#2985,.T.);
#6674=EDGE_CURVE('',#5459,#5460,#2986,.T.);
#6675=EDGE_CURVE('',#5458,#5447,#2987,.T.);
#6676=EDGE_CURVE('',#5448,#5460,#2988,.T.);
#6677=EDGE_CURVE('',#5461,#5462,#2989,.T.);
#6678=EDGE_CURVE('',#5463,#5461,#2990,.T.);
#6679=EDGE_CURVE('',#5462,#5463,#2991,.T.);
#6680=EDGE_CURVE('',#5461,#5449,#2992,.T.);
#6681=EDGE_CURVE('',#5450,#5463,#2993,.T.);
#6682=EDGE_CURVE('',#5453,#5462,#2994,.T.);
#6683=EDGE_CURVE('',#5463,#5452,#2995,.T.);
#6684=EDGE_CURVE('',#5464,#5465,#2996,.T.);
#6685=EDGE_CURVE('',#5466,#5464,#2997,.T.);
#6686=EDGE_CURVE('',#5465,#5466,#2998,.T.);
#6687=EDGE_CURVE('',#5464,#5455,#2999,.T.);
#6688=EDGE_CURVE('',#5456,#5466,#3000,.T.);
#6689=EDGE_CURVE('',#5462,#5465,#3001,.T.);
#6690=EDGE_CURVE('',#5466,#5461,#3002,.T.);
#6691=EDGE_CURVE('',#5465,#5459,#3003,.T.);
#6692=EDGE_CURVE('',#5460,#5464,#3004,.T.);
#6693=EDGE_CURVE('',#5459,#5453,#3005,.T.);
#6694=EDGE_CURVE('',#5454,#5458,#3006,.T.);
#6695=EDGE_CURVE('',#5451,#5445,#3007,.T.);
#6696=EDGE_CURVE('',#5443,#5450,#3008,.T.);
#6697=EDGE_CURVE('',#5445,#5446,#3009,.T.);
#6698=EDGE_CURVE('',#5447,#5444,#3010,.T.);
#6699=EDGE_CURVE('',#5467,#5467,#2303,.T.);
#6700=EDGE_CURVE('',#5467,#5468,#3011,.T.);
#6701=EDGE_CURVE('',#5469,#5470,#3012,.F.);
#6702=EDGE_CURVE('',#5470,#5471,#2304,.F.);
#6703=EDGE_CURVE('',#5472,#5471,#3013,.T.);
#6704=EDGE_CURVE('',#5469,#5472,#2305,.F.);
#6705=EDGE_CURVE('',#5472,#5473,#3014,.F.);
#6706=EDGE_CURVE('',#5471,#5474,#3015,.F.);
#6707=EDGE_CURVE('',#5473,#5474,#3016,.T.);
#6708=EDGE_CURVE('',#5475,#5470,#3017,.T.);
#6709=EDGE_CURVE('',#5476,#5475,#2306,.T.);
#6710=EDGE_CURVE('',#5477,#5476,#3018,.T.);
#6711=EDGE_CURVE('',#5474,#5477,#3019,.T.);
#6712=EDGE_CURVE('',#5473,#5478,#3020,.T.);
#6713=EDGE_CURVE('',#5478,#5479,#3021,.T.);
#6714=EDGE_CURVE('',#5479,#5469,#3022,.T.);
#6715=EDGE_CURVE('',#5480,#5480,#2307,.T.);
#6716=EDGE_CURVE('',#5480,#5481,#3023,.T.);
#6717=EDGE_CURVE('',#5482,#5483,#3024,.T.);
#6718=EDGE_CURVE('',#5482,#5477,#3025,.T.);
#6719=EDGE_CURVE('',#5483,#5476,#3026,.T.);
#6720=EDGE_CURVE('',#5484,#5485,#3027,.F.);
#6721=EDGE_CURVE('',#5484,#5486,#2308,.F.);
#6722=EDGE_CURVE('',#5486,#5487,#3028,.T.);
#6723=EDGE_CURVE('',#5485,#5487,#2309,.F.);
#6724=EDGE_CURVE('',#5486,#5488,#3029,.F.);
#6725=EDGE_CURVE('',#5488,#5489,#3030,.T.);
#6726=EDGE_CURVE('',#5487,#5489,#3031,.F.);
#6727=EDGE_CURVE('',#5489,#5482,#3032,.T.);
#6728=EDGE_CURVE('',#5483,#5490,#2310,.T.);
#6729=EDGE_CURVE('',#5490,#5485,#3033,.T.);
#6730=EDGE_CURVE('',#5490,#5475,#3034,.T.);
#6731=EDGE_CURVE('',#5491,#5492,#3035,.T.);
#6732=EDGE_CURVE('',#5492,#5479,#3036,.T.);
#6733=EDGE_CURVE('',#5491,#5478,#3037,.T.);
#6734=EDGE_CURVE('',#5492,#5484,#3038,.T.);
#6735=EDGE_CURVE('',#5488,#5491,#3039,.T.);
#6736=EDGE_CURVE('',#5493,#5493,#2311,.T.);
#6737=EDGE_CURVE('',#5493,#5494,#3040,.T.);
#6738=EDGE_CURVE('',#5495,#5496,#3041,.F.);
#6739=EDGE_CURVE('',#5496,#5497,#2312,.F.);
#6740=EDGE_CURVE('',#5498,#5497,#3042,.T.);
#6741=EDGE_CURVE('',#5495,#5498,#2313,.F.);
#6742=EDGE_CURVE('',#5498,#5499,#3043,.F.);
#6743=EDGE_CURVE('',#5497,#5500,#3044,.F.);
#6744=EDGE_CURVE('',#5499,#5500,#3045,.T.);
#6745=EDGE_CURVE('',#5501,#5496,#3046,.T.);
#6746=EDGE_CURVE('',#5502,#5501,#2314,.T.);
#6747=EDGE_CURVE('',#5503,#5502,#3047,.T.);
#6748=EDGE_CURVE('',#5500,#5503,#3048,.T.);
#6749=EDGE_CURVE('',#5499,#5504,#3049,.T.);
#6750=EDGE_CURVE('',#5504,#5505,#3050,.T.);
#6751=EDGE_CURVE('',#5505,#5495,#3051,.T.);
#6752=EDGE_CURVE('',#5506,#5506,#2315,.T.);
#6753=EDGE_CURVE('',#5506,#5507,#3052,.T.);
#6754=EDGE_CURVE('',#5508,#5509,#3053,.T.);
#6755=EDGE_CURVE('',#5508,#5503,#3054,.T.);
#6756=EDGE_CURVE('',#5509,#5502,#3055,.T.);
#6757=EDGE_CURVE('',#5510,#5511,#3056,.F.);
#6758=EDGE_CURVE('',#5510,#5512,#2316,.F.);
#6759=EDGE_CURVE('',#5512,#5513,#3057,.T.);
#6760=EDGE_CURVE('',#5511,#5513,#2317,.F.);
#6761=EDGE_CURVE('',#5512,#5514,#3058,.F.);
#6762=EDGE_CURVE('',#5514,#5515,#3059,.T.);
#6763=EDGE_CURVE('',#5513,#5515,#3060,.F.);
#6764=EDGE_CURVE('',#5515,#5508,#3061,.T.);
#6765=EDGE_CURVE('',#5509,#5516,#2318,.T.);
#6766=EDGE_CURVE('',#5516,#5511,#3062,.T.);
#6767=EDGE_CURVE('',#5516,#5501,#3063,.T.);
#6768=EDGE_CURVE('',#5517,#5518,#3064,.T.);
#6769=EDGE_CURVE('',#5518,#5505,#3065,.T.);
#6770=EDGE_CURVE('',#5517,#5504,#3066,.T.);
#6771=EDGE_CURVE('',#5518,#5510,#3067,.T.);
#6772=EDGE_CURVE('',#5514,#5517,#3068,.T.);
#6773=EDGE_CURVE('',#5519,#5519,#2319,.T.);
#6774=EDGE_CURVE('',#5519,#5520,#3069,.T.);
#6775=EDGE_CURVE('',#5521,#5522,#3070,.F.);
#6776=EDGE_CURVE('',#5521,#5523,#2320,.F.);
#6777=EDGE_CURVE('',#5523,#5524,#3071,.T.);
#6778=EDGE_CURVE('',#5522,#5524,#2321,.F.);
#6779=EDGE_CURVE('',#5523,#5525,#3072,.F.);
#6780=EDGE_CURVE('',#5525,#5526,#3073,.T.);
#6781=EDGE_CURVE('',#5524,#5526,#3074,.F.);
#6782=EDGE_CURVE('',#5526,#5527,#3075,.T.);
#6783=EDGE_CURVE('',#5527,#5528,#3076,.T.);
#6784=EDGE_CURVE('',#5528,#5529,#2322,.T.);
#6785=EDGE_CURVE('',#5529,#5522,#3077,.T.);
#6786=EDGE_CURVE('',#5530,#5521,#3078,.T.);
#6787=EDGE_CURVE('',#5531,#5530,#3079,.T.);
#6788=EDGE_CURVE('',#5525,#5531,#3080,.T.);
#6789=EDGE_CURVE('',#5532,#5532,#2323,.T.);
#6790=EDGE_CURVE('',#5532,#5533,#3081,.T.);
#6791=EDGE_CURVE('',#5534,#5535,#3082,.T.);
#6792=EDGE_CURVE('',#5535,#5528,#3083,.T.);
#6793=EDGE_CURVE('',#5534,#5527,#3084,.T.);
#6794=EDGE_CURVE('',#5536,#5537,#3085,.F.);
#6795=EDGE_CURVE('',#5537,#5538,#2324,.F.);
#6796=EDGE_CURVE('',#5539,#5538,#3086,.T.);
#6797=EDGE_CURVE('',#5536,#5539,#2325,.F.);
#6798=EDGE_CURVE('',#5539,#5540,#3087,.F.);
#6799=EDGE_CURVE('',#5538,#5541,#3088,.F.);
#6800=EDGE_CURVE('',#5540,#5541,#3089,.T.);
#6801=EDGE_CURVE('',#5542,#5537,#3090,.T.);
#6802=EDGE_CURVE('',#5535,#5542,#2326,.T.);
#6803=EDGE_CURVE('',#5541,#5534,#3091,.T.);
#6804=EDGE_CURVE('',#5542,#5529,#3092,.T.);
#6805=EDGE_CURVE('',#5543,#5544,#3093,.T.);
#6806=EDGE_CURVE('',#5543,#5531,#3094,.T.);
#6807=EDGE_CURVE('',#5544,#5530,#3095,.T.);
#6808=EDGE_CURVE('',#5544,#5536,#3096,.T.);
#6809=EDGE_CURVE('',#5540,#5543,#3097,.T.);
#6810=EDGE_CURVE('',#5545,#5546,#3098,.T.);
#6811=EDGE_CURVE('',#5547,#5545,#3099,.T.);
#6812=EDGE_CURVE('',#5546,#5547,#3100,.T.);
#6813=EDGE_CURVE('',#5548,#5547,#3101,.T.);
#6814=EDGE_CURVE('',#5545,#5549,#3102,.T.);
#6815=EDGE_CURVE('',#5549,#5550,#3103,.T.);
#6816=EDGE_CURVE('',#5550,#5548,#3104,.T.);
#6817=EDGE_CURVE('',#5551,#5552,#3105,.T.);
#6818=EDGE_CURVE('',#5553,#5551,#3106,.T.);
#6819=EDGE_CURVE('',#5552,#5553,#3107,.T.);
#6820=EDGE_CURVE('',#5554,#5555,#3108,.T.);
#6821=EDGE_CURVE('',#5556,#5554,#3109,.T.);
#6822=EDGE_CURVE('',#5555,#5556,#3110,.T.);
#6823=EDGE_CURVE('',#5554,#5546,#3111,.T.);
#6824=EDGE_CURVE('',#5547,#5556,#3112,.T.);
#6825=EDGE_CURVE('',#5557,#5553,#3113,.T.);
#6826=EDGE_CURVE('',#5551,#5558,#3114,.T.);
#6827=EDGE_CURVE('',#5558,#5559,#3115,.T.);
#6828=EDGE_CURVE('',#5559,#5557,#3116,.T.);
#6829=EDGE_CURVE('',#5560,#5561,#3117,.T.);
#6830=EDGE_CURVE('',#5562,#5560,#3118,.T.);
#6831=EDGE_CURVE('',#5561,#5562,#3119,.T.);
#6832=EDGE_CURVE('',#5550,#5562,#3120,.T.);
#6833=EDGE_CURVE('',#5560,#5548,#3121,.T.);
#6834=EDGE_CURVE('',#5563,#5564,#3122,.T.);
#6835=EDGE_CURVE('',#5565,#5563,#3123,.T.);
#6836=EDGE_CURVE('',#5564,#5565,#3124,.T.);
#6837=EDGE_CURVE('',#5563,#5551,#3125,.T.);
#6838=EDGE_CURVE('',#5552,#5565,#3126,.T.);
#6839=EDGE_CURVE('',#5555,#5564,#3127,.T.);
#6840=EDGE_CURVE('',#5565,#5554,#3128,.T.);
#6841=EDGE_CURVE('',#5566,#5567,#3129,.T.);
#6842=EDGE_CURVE('',#5568,#5566,#3130,.T.);
#6843=EDGE_CURVE('',#5567,#5568,#3131,.T.);
#6844=EDGE_CURVE('',#5558,#5568,#3132,.T.);
#6845=EDGE_CURVE('',#5566,#5559,#3133,.T.);
#6846=EDGE_CURVE('',#5564,#5567,#3134,.T.);
#6847=EDGE_CURVE('',#5568,#5563,#3135,.T.);
#6848=EDGE_CURVE('',#5567,#5561,#3136,.T.);
#6849=EDGE_CURVE('',#5562,#5566,#3137,.T.);
#6850=EDGE_CURVE('',#5561,#5555,#3138,.T.);
#6851=EDGE_CURVE('',#5556,#5560,#3139,.T.);
#6852=EDGE_CURVE('',#5546,#5552,#3140,.T.);
#6853=EDGE_CURVE('',#5553,#5545,#3141,.T.);
#6854=EDGE_CURVE('',#5557,#5549,#3142,.T.);
#6855=EDGE_CURVE('',#5569,#5570,#3143,.T.);
#6856=EDGE_CURVE('',#5571,#5569,#3144,.T.);
#6857=EDGE_CURVE('',#5570,#5571,#3145,.T.);
#6858=EDGE_CURVE('',#5572,#5571,#3146,.T.);
#6859=EDGE_CURVE('',#5569,#5573,#3147,.T.);
#6860=EDGE_CURVE('',#5573,#5574,#3148,.T.);
#6861=EDGE_CURVE('',#5574,#5572,#3149,.T.);
#6862=EDGE_CURVE('',#5575,#5576,#3150,.T.);
#6863=EDGE_CURVE('',#5577,#5575,#3151,.T.);
#6864=EDGE_CURVE('',#5576,#5577,#3152,.T.);
#6865=EDGE_CURVE('',#5578,#5579,#3153,.T.);
#6866=EDGE_CURVE('',#5580,#5578,#3154,.T.);
#6867=EDGE_CURVE('',#5579,#5580,#3155,.T.);
#6868=EDGE_CURVE('',#5578,#5570,#3156,.T.);
#6869=EDGE_CURVE('',#5571,#5580,#3157,.T.);
#6870=EDGE_CURVE('',#5581,#5577,#3158,.T.);
#6871=EDGE_CURVE('',#5575,#5582,#3159,.T.);
#6872=EDGE_CURVE('',#5582,#5583,#3160,.T.);
#6873=EDGE_CURVE('',#5583,#5581,#3161,.T.);
#6874=EDGE_CURVE('',#5584,#5585,#3162,.T.);
#6875=EDGE_CURVE('',#5586,#5584,#3163,.T.);
#6876=EDGE_CURVE('',#5585,#5586,#3164,.T.);
#6877=EDGE_CURVE('',#5574,#5586,#3165,.T.);
#6878=EDGE_CURVE('',#5584,#5572,#3166,.T.);
#6879=EDGE_CURVE('',#5587,#5588,#3167,.T.);
#6880=EDGE_CURVE('',#5589,#5587,#3168,.T.);
#6881=EDGE_CURVE('',#5588,#5589,#3169,.T.);
#6882=EDGE_CURVE('',#5587,#5575,#3170,.T.);
#6883=EDGE_CURVE('',#5576,#5589,#3171,.T.);
#6884=EDGE_CURVE('',#5579,#5588,#3172,.T.);
#6885=EDGE_CURVE('',#5589,#5578,#3173,.T.);
#6886=EDGE_CURVE('',#5590,#5591,#3174,.T.);
#6887=EDGE_CURVE('',#5592,#5590,#3175,.T.);
#6888=EDGE_CURVE('',#5591,#5592,#3176,.T.);
#6889=EDGE_CURVE('',#5582,#5592,#3177,.T.);
#6890=EDGE_CURVE('',#5590,#5583,#3178,.T.);
#6891=EDGE_CURVE('',#5588,#5591,#3179,.T.);
#6892=EDGE_CURVE('',#5592,#5587,#3180,.T.);
#6893=EDGE_CURVE('',#5591,#5585,#3181,.T.);
#6894=EDGE_CURVE('',#5586,#5590,#3182,.T.);
#6895=EDGE_CURVE('',#5585,#5579,#3183,.T.);
#6896=EDGE_CURVE('',#5580,#5584,#3184,.T.);
#6897=EDGE_CURVE('',#5570,#5576,#3185,.T.);
#6898=EDGE_CURVE('',#5577,#5569,#3186,.T.);
#6899=EDGE_CURVE('',#5581,#5573,#3187,.T.);
#6900=EDGE_CURVE('',#5593,#5594,#3188,.T.);
#6901=EDGE_CURVE('',#5595,#5593,#3189,.T.);
#6902=EDGE_CURVE('',#5594,#5595,#3190,.T.);
#6903=EDGE_CURVE('',#5596,#5595,#3191,.T.);
#6904=EDGE_CURVE('',#5593,#5597,#3192,.T.);
#6905=EDGE_CURVE('',#5597,#5598,#3193,.T.);
#6906=EDGE_CURVE('',#5598,#5596,#3194,.T.);
#6907=EDGE_CURVE('',#5599,#5600,#3195,.T.);
#6908=EDGE_CURVE('',#5601,#5599,#3196,.T.);
#6909=EDGE_CURVE('',#5600,#5601,#3197,.T.);
#6910=EDGE_CURVE('',#5602,#5603,#3198,.T.);
#6911=EDGE_CURVE('',#5604,#5602,#3199,.T.);
#6912=EDGE_CURVE('',#5603,#5604,#3200,.T.);
#6913=EDGE_CURVE('',#5602,#5594,#3201,.T.);
#6914=EDGE_CURVE('',#5595,#5604,#3202,.T.);
#6915=EDGE_CURVE('',#5605,#5601,#3203,.T.);
#6916=EDGE_CURVE('',#5599,#5606,#3204,.T.);
#6917=EDGE_CURVE('',#5606,#5607,#3205,.T.);
#6918=EDGE_CURVE('',#5607,#5605,#3206,.T.);
#6919=EDGE_CURVE('',#5608,#5609,#3207,.T.);
#6920=EDGE_CURVE('',#5610,#5608,#3208,.T.);
#6921=EDGE_CURVE('',#5609,#5610,#3209,.T.);
#6922=EDGE_CURVE('',#5598,#5610,#3210,.T.);
#6923=EDGE_CURVE('',#5608,#5596,#3211,.T.);
#6924=EDGE_CURVE('',#5611,#5612,#3212,.T.);
#6925=EDGE_CURVE('',#5613,#5611,#3213,.T.);
#6926=EDGE_CURVE('',#5612,#5613,#3214,.T.);
#6927=EDGE_CURVE('',#5611,#5599,#3215,.T.);
#6928=EDGE_CURVE('',#5600,#5613,#3216,.T.);
#6929=EDGE_CURVE('',#5603,#5612,#3217,.T.);
#6930=EDGE_CURVE('',#5613,#5602,#3218,.T.);
#6931=EDGE_CURVE('',#5614,#5615,#3219,.T.);
#6932=EDGE_CURVE('',#5616,#5614,#3220,.T.);
#6933=EDGE_CURVE('',#5615,#5616,#3221,.T.);
#6934=EDGE_CURVE('',#5606,#5616,#3222,.T.);
#6935=EDGE_CURVE('',#5614,#5607,#3223,.T.);
#6936=EDGE_CURVE('',#5612,#5615,#3224,.T.);
#6937=EDGE_CURVE('',#5616,#5611,#3225,.T.);
#6938=EDGE_CURVE('',#5615,#5609,#3226,.T.);
#6939=EDGE_CURVE('',#5610,#5614,#3227,.T.);
#6940=EDGE_CURVE('',#5609,#5603,#3228,.T.);
#6941=EDGE_CURVE('',#5604,#5608,#3229,.T.);
#6942=EDGE_CURVE('',#5594,#5600,#3230,.T.);
#6943=EDGE_CURVE('',#5601,#5593,#3231,.T.);
#6944=EDGE_CURVE('',#5605,#5597,#3232,.T.);
#6945=EDGE_CURVE('',#5617,#5617,#2327,.T.);
#6946=EDGE_CURVE('',#5617,#5618,#3233,.T.);
#6947=EDGE_CURVE('',#5619,#5620,#3234,.T.);
#6948=EDGE_CURVE('',#5620,#5621,#2328,.T.);
#6949=EDGE_CURVE('',#5621,#5622,#3235,.T.);
#6950=EDGE_CURVE('',#5622,#5623,#2329,.T.);
#6951=EDGE_CURVE('',#5623,#5624,#3236,.T.);
#6952=EDGE_CURVE('',#5624,#5619,#3237,.T.);
#6953=EDGE_CURVE('',#5619,#5625,#3238,.T.);
#6954=EDGE_CURVE('',#5625,#5626,#3239,.T.);
#6955=EDGE_CURVE('',#5620,#5626,#3240,.T.);
#6956=EDGE_CURVE('',#5626,#5627,#2330,.T.);
#6957=EDGE_CURVE('',#5621,#5627,#3241,.T.);
#6958=EDGE_CURVE('',#5628,#5625,#3242,.T.);
#6959=EDGE_CURVE('',#5629,#5628,#3243,.T.);
#6960=EDGE_CURVE('',#5627,#5629,#3244,.T.);
#6961=EDGE_CURVE('',#5622,#5630,#3245,.F.);
#6962=EDGE_CURVE('',#5630,#5631,#2331,.T.);
#6963=EDGE_CURVE('',#5631,#5623,#3246,.T.);
#6964=EDGE_CURVE('',#5632,#5632,#2332,.T.);
#6965=EDGE_CURVE('',#5632,#5633,#3247,.T.);
#6966=EDGE_CURVE('',#5631,#5634,#3248,.T.);
#6967=EDGE_CURVE('',#5634,#5624,#3249,.T.);
#6968=EDGE_CURVE('',#5635,#5636,#3250,.T.);
#6969=EDGE_CURVE('',#5634,#5635,#3251,.T.);
#6970=EDGE_CURVE('',#5637,#5630,#3252,.T.);
#6971=EDGE_CURVE('',#5636,#5637,#2333,.T.);
#6972=EDGE_CURVE('',#5635,#5638,#3253,.T.);
#6973=EDGE_CURVE('',#5639,#5638,#3254,.T.);
#6974=EDGE_CURVE('',#5639,#5628,#3255,.T.);
#6975=EDGE_CURVE('',#5636,#5640,#3256,.T.);
#6976=EDGE_CURVE('',#5638,#5640,#3257,.T.);
#6977=EDGE_CURVE('',#5641,#5639,#3258,.T.);
#6978=EDGE_CURVE('',#5641,#5629,#3259,.T.);
#6979=EDGE_CURVE('',#5642,#5641,#3260,.T.);
#6980=EDGE_CURVE('',#5637,#5642,#3261,.T.);
#6981=EDGE_CURVE('',#5640,#5642,#2334,.T.);
#6982=EDGE_CURVE('',#5643,#5643,#2335,.T.);
#6983=EDGE_CURVE('',#5643,#5644,#3262,.T.);
#6984=EDGE_CURVE('',#5645,#5646,#3263,.T.);
#6985=EDGE_CURVE('',#5646,#5647,#2336,.T.);
#6986=EDGE_CURVE('',#5647,#5648,#3264,.T.);
#6987=EDGE_CURVE('',#5648,#5649,#2337,.T.);
#6988=EDGE_CURVE('',#5649,#5650,#3265,.T.);
#6989=EDGE_CURVE('',#5650,#5645,#3266,.T.);
#6990=EDGE_CURVE('',#5645,#5651,#3267,.T.);
#6991=EDGE_CURVE('',#5651,#5652,#3268,.T.);
#6992=EDGE_CURVE('',#5646,#5652,#3269,.T.);
#6993=EDGE_CURVE('',#5652,#5653,#2338,.T.);
#6994=EDGE_CURVE('',#5647,#5653,#3270,.T.);
#6995=EDGE_CURVE('',#5654,#5651,#3271,.T.);
#6996=EDGE_CURVE('',#5655,#5654,#3272,.T.);
#6997=EDGE_CURVE('',#5653,#5655,#3273,.T.);
#6998=EDGE_CURVE('',#5648,#5656,#3274,.F.);
#6999=EDGE_CURVE('',#5656,#5657,#2339,.T.);
#7000=EDGE_CURVE('',#5657,#5649,#3275,.T.);
#7001=EDGE_CURVE('',#5658,#5658,#2340,.T.);
#7002=EDGE_CURVE('',#5658,#5659,#3276,.T.);
#7003=EDGE_CURVE('',#5657,#5660,#3277,.T.);
#7004=EDGE_CURVE('',#5660,#5650,#3278,.T.);
#7005=EDGE_CURVE('',#5661,#5662,#3279,.T.);
#7006=EDGE_CURVE('',#5660,#5661,#3280,.T.);
#7007=EDGE_CURVE('',#5663,#5656,#3281,.T.);
#7008=EDGE_CURVE('',#5662,#5663,#2341,.T.);
#7009=EDGE_CURVE('',#5661,#5664,#3282,.T.);
#7010=EDGE_CURVE('',#5665,#5664,#3283,.T.);
#7011=EDGE_CURVE('',#5665,#5654,#3284,.T.);
#7012=EDGE_CURVE('',#5662,#5666,#3285,.T.);
#7013=EDGE_CURVE('',#5664,#5666,#3286,.T.);
#7014=EDGE_CURVE('',#5667,#5665,#3287,.T.);
#7015=EDGE_CURVE('',#5667,#5655,#3288,.T.);
#7016=EDGE_CURVE('',#5668,#5667,#3289,.T.);
#7017=EDGE_CURVE('',#5663,#5668,#3290,.T.);
#7018=EDGE_CURVE('',#5666,#5668,#2342,.T.);
#7019=EDGE_CURVE('',#5669,#5669,#2343,.T.);
#7020=EDGE_CURVE('',#5669,#5670,#3291,.T.);
#7021=EDGE_CURVE('',#5671,#5672,#3292,.T.);
#7022=EDGE_CURVE('',#5672,#5673,#2344,.T.);
#7023=EDGE_CURVE('',#5673,#5674,#3293,.T.);
#7024=EDGE_CURVE('',#5674,#5675,#2345,.T.);
#7025=EDGE_CURVE('',#5675,#5676,#3294,.T.);
#7026=EDGE_CURVE('',#5676,#5671,#3295,.T.);
#7027=EDGE_CURVE('',#5671,#5677,#3296,.T.);
#7028=EDGE_CURVE('',#5677,#5678,#3297,.T.);
#7029=EDGE_CURVE('',#5672,#5678,#3298,.T.);
#7030=EDGE_CURVE('',#5678,#5679,#2346,.T.);
#7031=EDGE_CURVE('',#5673,#5679,#3299,.T.);
#7032=EDGE_CURVE('',#5680,#5677,#3300,.T.);
#7033=EDGE_CURVE('',#5681,#5680,#3301,.T.);
#7034=EDGE_CURVE('',#5679,#5681,#3302,.T.);
#7035=EDGE_CURVE('',#5674,#5682,#3303,.F.);
#7036=EDGE_CURVE('',#5682,#5683,#2347,.T.);
#7037=EDGE_CURVE('',#5683,#5675,#3304,.T.);
#7038=EDGE_CURVE('',#5684,#5684,#2348,.T.);
#7039=EDGE_CURVE('',#5684,#5685,#3305,.T.);
#7040=EDGE_CURVE('',#5683,#5686,#3306,.T.);
#7041=EDGE_CURVE('',#5686,#5676,#3307,.T.);
#7042=EDGE_CURVE('',#5687,#5688,#3308,.T.);
#7043=EDGE_CURVE('',#5686,#5687,#3309,.T.);
#7044=EDGE_CURVE('',#5689,#5682,#3310,.T.);
#7045=EDGE_CURVE('',#5688,#5689,#2349,.T.);
#7046=EDGE_CURVE('',#5687,#5690,#3311,.T.);
#7047=EDGE_CURVE('',#5691,#5690,#3312,.T.);
#7048=EDGE_CURVE('',#5691,#5680,#3313,.T.);
#7049=EDGE_CURVE('',#5688,#5692,#3314,.T.);
#7050=EDGE_CURVE('',#5690,#5692,#3315,.T.);
#7051=EDGE_CURVE('',#5693,#5691,#3316,.T.);
#7052=EDGE_CURVE('',#5693,#5681,#3317,.T.);
#7053=EDGE_CURVE('',#5694,#5693,#3318,.T.);
#7054=EDGE_CURVE('',#5689,#5694,#3319,.T.);
#7055=EDGE_CURVE('',#5692,#5694,#2350,.T.);
#7056=EDGE_CURVE('',#5695,#5696,#3320,.T.);
#7057=EDGE_CURVE('',#5696,#5696,#2351,.T.);
#7058=EDGE_CURVE('',#5697,#5698,#2352,.T.);
#7059=EDGE_CURVE('',#5699,#5697,#3321,.T.);
#7060=EDGE_CURVE('',#5699,#5700,#2353,.T.);
#7061=EDGE_CURVE('',#5698,#5700,#3322,.T.);
#7062=EDGE_CURVE('',#5698,#5701,#3323,.T.);
#7063=EDGE_CURVE('',#5700,#5702,#3324,.T.);
#7064=EDGE_CURVE('',#5701,#5702,#3325,.T.);
#7065=EDGE_CURVE('',#5699,#5703,#3326,.T.);
#7066=EDGE_CURVE('',#5704,#5703,#2354,.F.);
#7067=EDGE_CURVE('',#5705,#5704,#3327,.F.);
#7068=EDGE_CURVE('',#5702,#5705,#3328,.T.);
#7069=EDGE_CURVE('',#5706,#5701,#3329,.T.);
#7070=EDGE_CURVE('',#5706,#5707,#3330,.T.);
#7071=EDGE_CURVE('',#5697,#5707,#3331,.T.);
#7072=EDGE_CURVE('',#5708,#5709,#3332,.T.);
#7073=EDGE_CURVE('',#5709,#5709,#2355,.T.);
#7074=EDGE_CURVE('',#5710,#5704,#3333,.T.);
#7075=EDGE_CURVE('',#5711,#5703,#3334,.F.);
#7076=EDGE_CURVE('',#5710,#5711,#2356,.F.);
#7077=EDGE_CURVE('',#5712,#5710,#3335,.F.);
#7078=EDGE_CURVE('',#5712,#5705,#3336,.T.);
#7079=EDGE_CURVE('',#5713,#5714,#3337,.T.);
#7080=EDGE_CURVE('',#5715,#5713,#3338,.T.);
#7081=EDGE_CURVE('',#5715,#5711,#3339,.T.);
#7082=EDGE_CURVE('',#5714,#5707,#3340,.T.);
#7083=EDGE_CURVE('',#5716,#5714,#3341,.T.);
#7084=EDGE_CURVE('',#5716,#5706,#3342,.T.);
#7085=EDGE_CURVE('',#5713,#5717,#2357,.T.);
#7086=EDGE_CURVE('',#5717,#5718,#3343,.T.);
#7087=EDGE_CURVE('',#5715,#5718,#2358,.T.);
#7088=EDGE_CURVE('',#5716,#5719,#3344,.T.);
#7089=EDGE_CURVE('',#5720,#5712,#3345,.T.);
#7090=EDGE_CURVE('',#5719,#5720,#3346,.T.);
#7091=EDGE_CURVE('',#5717,#5719,#3347,.T.);
#7092=EDGE_CURVE('',#5718,#5720,#3348,.T.);
#7093=EDGE_CURVE('',#5721,#5722,#3349,.T.);
#7094=EDGE_CURVE('',#5722,#5722,#2359,.T.);
#7095=EDGE_CURVE('',#5723,#5724,#2360,.T.);
#7096=EDGE_CURVE('',#5725,#5723,#3350,.T.);
#7097=EDGE_CURVE('',#5725,#5726,#2361,.T.);
#7098=EDGE_CURVE('',#5724,#5726,#3351,.T.);
#7099=EDGE_CURVE('',#5724,#5727,#3352,.T.);
#7100=EDGE_CURVE('',#5726,#5728,#3353,.T.);
#7101=EDGE_CURVE('',#5727,#5728,#3354,.T.);
#7102=EDGE_CURVE('',#5725,#5729,#3355,.T.);
#7103=EDGE_CURVE('',#5730,#5729,#2362,.F.);
#7104=EDGE_CURVE('',#5731,#5730,#3356,.F.);
#7105=EDGE_CURVE('',#5728,#5731,#3357,.T.);
#7106=EDGE_CURVE('',#5732,#5727,#3358,.T.);
#7107=EDGE_CURVE('',#5732,#5733,#3359,.T.);
#7108=EDGE_CURVE('',#5723,#5733,#3360,.T.);
#7109=EDGE_CURVE('',#5734,#5735,#3361,.T.);
#7110=EDGE_CURVE('',#5735,#5735,#2363,.T.);
#7111=EDGE_CURVE('',#5736,#5730,#3362,.T.);
#7112=EDGE_CURVE('',#5737,#5729,#3363,.F.);
#7113=EDGE_CURVE('',#5736,#5737,#2364,.F.);
#7114=EDGE_CURVE('',#5738,#5736,#3364,.F.);
#7115=EDGE_CURVE('',#5738,#5731,#3365,.T.);
#7116=EDGE_CURVE('',#5739,#5740,#3366,.T.);
#7117=EDGE_CURVE('',#5741,#5739,#3367,.T.);
#7118=EDGE_CURVE('',#5741,#5737,#3368,.T.);
#7119=EDGE_CURVE('',#5740,#5733,#3369,.T.);
#7120=EDGE_CURVE('',#5742,#5740,#3370,.T.);
#7121=EDGE_CURVE('',#5742,#5732,#3371,.T.);
#7122=EDGE_CURVE('',#5739,#5743,#2365,.T.);
#7123=EDGE_CURVE('',#5743,#5744,#3372,.T.);
#7124=EDGE_CURVE('',#5741,#5744,#2366,.T.);
#7125=EDGE_CURVE('',#5742,#5745,#3373,.T.);
#7126=EDGE_CURVE('',#5746,#5738,#3374,.T.);
#7127=EDGE_CURVE('',#5745,#5746,#3375,.T.);
#7128=EDGE_CURVE('',#5743,#5745,#3376,.T.);
#7129=EDGE_CURVE('',#5744,#5746,#3377,.T.);
#7130=EDGE_CURVE('',#5747,#5748,#3378,.T.);
#7131=EDGE_CURVE('',#5748,#5748,#2367,.T.);
#7132=EDGE_CURVE('',#5749,#5750,#2368,.T.);
#7133=EDGE_CURVE('',#5751,#5749,#3379,.T.);
#7134=EDGE_CURVE('',#5751,#5752,#2369,.T.);
#7135=EDGE_CURVE('',#5750,#5752,#3380,.T.);
#7136=EDGE_CURVE('',#5750,#5753,#3381,.T.);
#7137=EDGE_CURVE('',#5752,#5754,#3382,.T.);
#7138=EDGE_CURVE('',#5753,#5754,#3383,.T.);
#7139=EDGE_CURVE('',#5751,#5755,#3384,.T.);
#7140=EDGE_CURVE('',#5756,#5755,#2370,.F.);
#7141=EDGE_CURVE('',#5757,#5756,#3385,.F.);
#7142=EDGE_CURVE('',#5754,#5757,#3386,.T.);
#7143=EDGE_CURVE('',#5758,#5753,#3387,.T.);
#7144=EDGE_CURVE('',#5758,#5759,#3388,.T.);
#7145=EDGE_CURVE('',#5749,#5759,#3389,.T.);
#7146=EDGE_CURVE('',#5760,#5761,#3390,.T.);
#7147=EDGE_CURVE('',#5761,#5761,#2371,.T.);
#7148=EDGE_CURVE('',#5762,#5756,#3391,.T.);
#7149=EDGE_CURVE('',#5763,#5755,#3392,.F.);
#7150=EDGE_CURVE('',#5762,#5763,#2372,.F.);
#7151=EDGE_CURVE('',#5764,#5762,#3393,.F.);
#7152=EDGE_CURVE('',#5764,#5757,#3394,.T.);
#7153=EDGE_CURVE('',#5765,#5766,#3395,.T.);
#7154=EDGE_CURVE('',#5767,#5765,#3396,.T.);
#7155=EDGE_CURVE('',#5767,#5763,#3397,.T.);
#7156=EDGE_CURVE('',#5766,#5759,#3398,.T.);
#7157=EDGE_CURVE('',#5768,#5766,#3399,.T.);
#7158=EDGE_CURVE('',#5768,#5758,#3400,.T.);
#7159=EDGE_CURVE('',#5765,#5769,#2373,.T.);
#7160=EDGE_CURVE('',#5769,#5770,#3401,.T.);
#7161=EDGE_CURVE('',#5767,#5770,#2374,.T.);
#7162=EDGE_CURVE('',#5768,#5771,#3402,.T.);
#7163=EDGE_CURVE('',#5772,#5764,#3403,.T.);
#7164=EDGE_CURVE('',#5771,#5772,#3404,.T.);
#7165=EDGE_CURVE('',#5769,#5771,#3405,.T.);
#7166=EDGE_CURVE('',#5770,#5772,#3406,.T.);
#7167=EDGE_CURVE('',#5773,#5773,#2375,.T.);
#7168=EDGE_CURVE('',#5773,#5774,#3407,.T.);
#7169=EDGE_CURVE('',#5775,#5776,#3408,.T.);
#7170=EDGE_CURVE('',#5777,#5775,#3409,.T.);
#7171=EDGE_CURVE('',#5778,#5777,#3410,.T.);
#7172=EDGE_CURVE('',#5779,#5778,#2376,.T.);
#7173=EDGE_CURVE('',#5780,#5779,#3411,.T.);
#7174=EDGE_CURVE('',#5776,#5780,#2377,.T.);
#7175=EDGE_CURVE('',#5776,#5781,#3412,.T.);
#7176=EDGE_CURVE('',#5782,#5781,#3413,.T.);
#7177=EDGE_CURVE('',#5775,#5782,#3414,.T.);
#7178=EDGE_CURVE('',#5780,#5783,#3415,.T.);
#7179=EDGE_CURVE('',#5781,#5783,#2378,.T.);
#7180=EDGE_CURVE('',#5783,#5784,#3416,.T.);
#7181=EDGE_CURVE('',#5784,#5785,#3417,.T.);
#7182=EDGE_CURVE('',#5785,#5782,#3418,.T.);
#7183=EDGE_CURVE('',#5779,#5786,#3419,.F.);
#7184=EDGE_CURVE('',#5787,#5778,#3420,.T.);
#7185=EDGE_CURVE('',#5786,#5787,#2379,.T.);
#7186=EDGE_CURVE('',#5788,#5788,#2380,.T.);
#7187=EDGE_CURVE('',#5788,#5789,#3421,.T.);
#7188=EDGE_CURVE('',#5790,#5777,#3422,.T.);
#7189=EDGE_CURVE('',#5787,#5790,#3423,.T.);
#7190=EDGE_CURVE('',#5791,#5792,#3424,.T.);
#7191=EDGE_CURVE('',#5792,#5793,#2381,.T.);
#7192=EDGE_CURVE('',#5793,#5786,#3425,.T.);
#7193=EDGE_CURVE('',#5790,#5791,#3426,.T.);
#7194=EDGE_CURVE('',#5794,#5785,#3427,.T.);
#7195=EDGE_CURVE('',#5794,#5795,#3428,.T.);
#7196=EDGE_CURVE('',#5791,#5795,#3429,.T.);
#7197=EDGE_CURVE('',#5795,#5796,#3430,.T.);
#7198=EDGE_CURVE('',#5792,#5796,#3431,.T.);
#7199=EDGE_CURVE('',#5797,#5784,#3432,.T.);
#7200=EDGE_CURVE('',#5797,#5794,#3433,.T.);
#7201=EDGE_CURVE('',#5793,#5798,#3434,.T.);
#7202=EDGE_CURVE('',#5798,#5797,#3435,.T.);
#7203=EDGE_CURVE('',#5796,#5798,#2382,.T.);
#7204=EDGE_CURVE('',#5799,#5799,#2383,.T.);
#7205=EDGE_CURVE('',#5799,#5800,#3436,.T.);
#7206=EDGE_CURVE('',#5801,#5802,#3437,.T.);
#7207=EDGE_CURVE('',#5803,#5801,#3438,.T.);
#7208=EDGE_CURVE('',#5804,#5803,#3439,.T.);
#7209=EDGE_CURVE('',#5805,#5804,#2384,.T.);
#7210=EDGE_CURVE('',#5806,#5805,#3440,.T.);
#7211=EDGE_CURVE('',#5802,#5806,#2385,.T.);
#7212=EDGE_CURVE('',#5802,#5807,#3441,.T.);
#7213=EDGE_CURVE('',#5808,#5807,#3442,.T.);
#7214=EDGE_CURVE('',#5801,#5808,#3443,.T.);
#7215=EDGE_CURVE('',#5806,#5809,#3444,.T.);
#7216=EDGE_CURVE('',#5807,#5809,#2386,.T.);
#7217=EDGE_CURVE('',#5809,#5810,#3445,.T.);
#7218=EDGE_CURVE('',#5810,#5811,#3446,.T.);
#7219=EDGE_CURVE('',#5811,#5808,#3447,.T.);
#7220=EDGE_CURVE('',#5805,#5812,#3448,.F.);
#7221=EDGE_CURVE('',#5813,#5804,#3449,.T.);
#7222=EDGE_CURVE('',#5812,#5813,#2387,.T.);
#7223=EDGE_CURVE('',#5814,#5814,#2388,.T.);
#7224=EDGE_CURVE('',#5814,#5815,#3450,.T.);
#7225=EDGE_CURVE('',#5816,#5803,#3451,.T.);
#7226=EDGE_CURVE('',#5813,#5816,#3452,.T.);
#7227=EDGE_CURVE('',#5817,#5818,#3453,.T.);
#7228=EDGE_CURVE('',#5818,#5819,#2389,.T.);
#7229=EDGE_CURVE('',#5819,#5812,#3454,.T.);
#7230=EDGE_CURVE('',#5816,#5817,#3455,.T.);
#7231=EDGE_CURVE('',#5820,#5811,#3456,.T.);
#7232=EDGE_CURVE('',#5820,#5821,#3457,.T.);
#7233=EDGE_CURVE('',#5817,#5821,#3458,.T.);
#7234=EDGE_CURVE('',#5821,#5822,#3459,.T.);
#7235=EDGE_CURVE('',#5818,#5822,#3460,.T.);
#7236=EDGE_CURVE('',#5823,#5810,#3461,.T.);
#7237=EDGE_CURVE('',#5823,#5820,#3462,.T.);
#7238=EDGE_CURVE('',#5819,#5824,#3463,.T.);
#7239=EDGE_CURVE('',#5824,#5823,#3464,.T.);
#7240=EDGE_CURVE('',#5822,#5824,#2390,.T.);
#7241=EDGE_CURVE('',#5825,#5825,#2391,.T.);
#7242=EDGE_CURVE('',#5825,#5826,#3465,.T.);
#7243=EDGE_CURVE('',#5827,#5828,#3466,.T.);
#7244=EDGE_CURVE('',#5829,#5827,#3467,.T.);
#7245=EDGE_CURVE('',#5830,#5829,#3468,.T.);
#7246=EDGE_CURVE('',#5831,#5830,#2392,.T.);
#7247=EDGE_CURVE('',#5832,#5831,#3469,.T.);
#7248=EDGE_CURVE('',#5828,#5832,#2393,.T.);
#7249=EDGE_CURVE('',#5828,#5833,#3470,.T.);
#7250=EDGE_CURVE('',#5834,#5833,#3471,.T.);
#7251=EDGE_CURVE('',#5827,#5834,#3472,.T.);
#7252=EDGE_CURVE('',#5832,#5835,#3473,.T.);
#7253=EDGE_CURVE('',#5833,#5835,#2394,.T.);
#7254=EDGE_CURVE('',#5835,#5836,#3474,.T.);
#7255=EDGE_CURVE('',#5836,#5837,#3475,.T.);
#7256=EDGE_CURVE('',#5837,#5834,#3476,.T.);
#7257=EDGE_CURVE('',#5831,#5838,#3477,.F.);
#7258=EDGE_CURVE('',#5839,#5830,#3478,.T.);
#7259=EDGE_CURVE('',#5838,#5839,#2395,.T.);
#7260=EDGE_CURVE('',#5840,#5840,#2396,.T.);
#7261=EDGE_CURVE('',#5840,#5841,#3479,.T.);
#7262=EDGE_CURVE('',#5842,#5829,#3480,.T.);
#7263=EDGE_CURVE('',#5839,#5842,#3481,.T.);
#7264=EDGE_CURVE('',#5843,#5844,#3482,.T.);
#7265=EDGE_CURVE('',#5844,#5845,#2397,.T.);
#7266=EDGE_CURVE('',#5845,#5838,#3483,.T.);
#7267=EDGE_CURVE('',#5842,#5843,#3484,.T.);
#7268=EDGE_CURVE('',#5846,#5837,#3485,.T.);
#7269=EDGE_CURVE('',#5846,#5847,#3486,.T.);
#7270=EDGE_CURVE('',#5843,#5847,#3487,.T.);
#7271=EDGE_CURVE('',#5847,#5848,#3488,.T.);
#7272=EDGE_CURVE('',#5844,#5848,#3489,.T.);
#7273=EDGE_CURVE('',#5849,#5836,#3490,.T.);
#7274=EDGE_CURVE('',#5849,#5846,#3491,.T.);
#7275=EDGE_CURVE('',#5845,#5850,#3492,.T.);
#7276=EDGE_CURVE('',#5850,#5849,#3493,.T.);
#7277=EDGE_CURVE('',#5848,#5850,#2398,.T.);
#7278=EDGE_CURVE('',#5851,#5852,#3494,.T.);
#7279=EDGE_CURVE('',#5852,#5852,#2399,.F.);
#7280=EDGE_CURVE('',#5853,#5854,#2400,.F.);
#7281=EDGE_CURVE('',#5854,#5855,#3495,.F.);
#7282=EDGE_CURVE('',#5855,#5856,#3496,.F.);
#7283=EDGE_CURVE('',#5856,#5857,#3497,.F.);
#7284=EDGE_CURVE('',#5857,#5853,#3498,.F.);
#7285=EDGE_CURVE('',#5858,#5859,#3499,.T.);
#7286=EDGE_CURVE('',#5859,#5859,#2401,.F.);
#7287=EDGE_CURVE('',#5860,#5857,#3500,.F.);
#7288=EDGE_CURVE('',#5861,#5856,#3501,.T.);
#7289=EDGE_CURVE('',#5861,#5860,#3502,.T.);
#7290=EDGE_CURVE('',#5862,#5853,#3503,.T.);
#7291=EDGE_CURVE('',#5860,#5862,#3504,.F.);
#7292=EDGE_CURVE('',#5862,#5863,#2402,.F.);
#7293=EDGE_CURVE('',#5854,#5863,#3505,.T.);
#7294=EDGE_CURVE('',#5864,#5855,#3506,.T.);
#7295=EDGE_CURVE('',#5864,#5861,#3507,.F.);
#7296=EDGE_CURVE('',#5863,#5864,#3508,.F.);
#7297=EDGE_CURVE('',#5865,#5866,#3509,.T.);
#7298=EDGE_CURVE('',#5866,#5866,#2403,.F.);
#7299=EDGE_CURVE('',#5867,#5868,#2404,.F.);
#7300=EDGE_CURVE('',#5868,#5869,#3510,.F.);
#7301=EDGE_CURVE('',#5869,#5870,#3511,.F.);
#7302=EDGE_CURVE('',#5870,#5871,#3512,.F.);
#7303=EDGE_CURVE('',#5871,#5867,#3513,.F.);
#7304=EDGE_CURVE('',#5872,#5873,#3514,.T.);
#7305=EDGE_CURVE('',#5873,#5873,#2405,.F.);
#7306=EDGE_CURVE('',#5874,#5871,#3515,.F.);
#7307=EDGE_CURVE('',#5875,#5870,#3516,.T.);
#7308=EDGE_CURVE('',#5875,#5874,#3517,.T.);
#7309=EDGE_CURVE('',#5876,#5867,#3518,.T.);
#7310=EDGE_CURVE('',#5874,#5876,#3519,.F.);
#7311=EDGE_CURVE('',#5876,#5877,#2406,.F.);
#7312=EDGE_CURVE('',#5868,#5877,#3520,.T.);
#7313=EDGE_CURVE('',#5878,#5869,#3521,.T.);
#7314=EDGE_CURVE('',#5878,#5875,#3522,.F.);
#7315=EDGE_CURVE('',#5877,#5878,#3523,.F.);
#7316=EDGE_CURVE('',#5879,#5880,#3524,.T.);
#7317=EDGE_CURVE('',#5880,#5880,#2407,.F.);
#7318=EDGE_CURVE('',#5881,#5882,#2408,.F.);
#7319=EDGE_CURVE('',#5882,#5883,#3525,.F.);
#7320=EDGE_CURVE('',#5883,#5884,#3526,.F.);
#7321=EDGE_CURVE('',#5884,#5885,#3527,.F.);
#7322=EDGE_CURVE('',#5885,#5881,#3528,.F.);
#7323=EDGE_CURVE('',#5886,#5887,#3529,.T.);
#7324=EDGE_CURVE('',#5887,#5887,#2409,.F.);
#7325=EDGE_CURVE('',#5888,#5885,#3530,.F.);
#7326=EDGE_CURVE('',#5889,#5884,#3531,.T.);
#7327=EDGE_CURVE('',#5889,#5888,#3532,.T.);
#7328=EDGE_CURVE('',#5890,#5881,#3533,.T.);
#7329=EDGE_CURVE('',#5888,#5890,#3534,.F.);
#7330=EDGE_CURVE('',#5890,#5891,#2410,.F.);
#7331=EDGE_CURVE('',#5882,#5891,#3535,.T.);
#7332=EDGE_CURVE('',#5892,#5883,#3536,.T.);
#7333=EDGE_CURVE('',#5892,#5889,#3537,.F.);
#7334=EDGE_CURVE('',#5891,#5892,#3538,.F.);
#7335=EDGE_CURVE('',#5893,#5894,#3539,.T.);
#7336=EDGE_CURVE('',#5894,#5894,#2411,.F.);
#7337=EDGE_CURVE('',#5895,#5896,#2412,.F.);
#7338=EDGE_CURVE('',#5897,#5895,#3540,.F.);
#7339=EDGE_CURVE('',#5898,#5897,#3541,.F.);
#7340=EDGE_CURVE('',#5899,#5898,#3542,.F.);
#7341=EDGE_CURVE('',#5896,#5899,#3543,.F.);
#7342=EDGE_CURVE('',#5900,#5901,#3544,.T.);
#7343=EDGE_CURVE('',#5901,#5901,#2413,.F.);
#7344=EDGE_CURVE('',#5902,#5897,#3545,.F.);
#7345=EDGE_CURVE('',#5903,#5902,#3546,.T.);
#7346=EDGE_CURVE('',#5903,#5898,#3547,.T.);
#7347=EDGE_CURVE('',#5904,#5895,#3548,.T.);
#7348=EDGE_CURVE('',#5902,#5904,#3549,.F.);
#7349=EDGE_CURVE('',#5896,#5905,#3550,.T.);
#7350=EDGE_CURVE('',#5904,#5905,#2414,.F.);
#7351=EDGE_CURVE('',#5906,#5903,#3551,.F.);
#7352=EDGE_CURVE('',#5906,#5899,#3552,.T.);
#7353=EDGE_CURVE('',#5905,#5906,#3553,.F.);
#7354=EDGE_CURVE('',#5907,#5908,#3554,.T.);
#7355=EDGE_CURVE('',#5908,#5908,#2415,.F.);
#7356=EDGE_CURVE('',#5909,#5910,#2416,.F.);
#7357=EDGE_CURVE('',#5911,#5909,#3555,.F.);
#7358=EDGE_CURVE('',#5912,#5911,#3556,.F.);
#7359=EDGE_CURVE('',#5913,#5912,#3557,.F.);
#7360=EDGE_CURVE('',#5910,#5913,#3558,.F.);
#7361=EDGE_CURVE('',#5914,#5915,#3559,.T.);
#7362=EDGE_CURVE('',#5915,#5915,#2417,.F.);
#7363=EDGE_CURVE('',#5916,#5911,#3560,.F.);
#7364=EDGE_CURVE('',#5917,#5916,#3561,.T.);
#7365=EDGE_CURVE('',#5917,#5912,#3562,.T.);
#7366=EDGE_CURVE('',#5918,#5909,#3563,.T.);
#7367=EDGE_CURVE('',#5916,#5918,#3564,.F.);
#7368=EDGE_CURVE('',#5910,#5919,#3565,.T.);
#7369=EDGE_CURVE('',#5918,#5919,#2418,.F.);
#7370=EDGE_CURVE('',#5920,#5917,#3566,.F.);
#7371=EDGE_CURVE('',#5920,#5913,#3567,.T.);
#7372=EDGE_CURVE('',#5919,#5920,#3568,.F.);
#7373=EDGE_CURVE('',#5921,#5922,#3569,.T.);
#7374=EDGE_CURVE('',#5922,#5922,#2419,.F.);
#7375=EDGE_CURVE('',#5923,#5924,#2420,.F.);
#7376=EDGE_CURVE('',#5925,#5923,#3570,.F.);
#7377=EDGE_CURVE('',#5926,#5925,#3571,.F.);
#7378=EDGE_CURVE('',#5927,#5926,#3572,.F.);
#7379=EDGE_CURVE('',#5924,#5927,#3573,.F.);
#7380=EDGE_CURVE('',#5928,#5929,#3574,.T.);
#7381=EDGE_CURVE('',#5929,#5929,#2421,.F.);
#7382=EDGE_CURVE('',#5930,#5925,#3575,.F.);
#7383=EDGE_CURVE('',#5931,#5930,#3576,.T.);
#7384=EDGE_CURVE('',#5931,#5926,#3577,.T.);
#7385=EDGE_CURVE('',#5932,#5923,#3578,.T.);
#7386=EDGE_CURVE('',#5930,#5932,#3579,.F.);
#7387=EDGE_CURVE('',#5924,#5933,#3580,.T.);
#7388=EDGE_CURVE('',#5932,#5933,#2422,.F.);
#7389=EDGE_CURVE('',#5934,#5931,#3581,.F.);
#7390=EDGE_CURVE('',#5934,#5927,#3582,.T.);
#7391=EDGE_CURVE('',#5933,#5934,#3583,.F.);
#7392=EDGE_CURVE('',#5935,#5936,#3584,.T.);
#7393=EDGE_CURVE('',#5936,#5937,#3585,.T.);
#7394=EDGE_CURVE('',#5937,#5935,#3586,.T.);
#7395=EDGE_CURVE('',#5938,#5937,#3587,.T.);
#7396=EDGE_CURVE('',#5939,#5938,#3588,.T.);
#7397=EDGE_CURVE('',#5940,#5939,#3589,.T.);
#7398=EDGE_CURVE('',#5935,#5940,#3590,.T.);
#7399=EDGE_CURVE('',#5941,#5942,#3591,.T.);
#7400=EDGE_CURVE('',#5942,#5943,#3592,.T.);
#7401=EDGE_CURVE('',#5943,#5941,#3593,.T.);
#7402=EDGE_CURVE('',#5944,#5945,#3594,.T.);
#7403=EDGE_CURVE('',#5945,#5946,#3595,.T.);
#7404=EDGE_CURVE('',#5946,#5944,#3596,.T.);
#7405=EDGE_CURVE('',#5937,#5946,#3597,.T.);
#7406=EDGE_CURVE('',#5944,#5936,#3598,.T.);
#7407=EDGE_CURVE('',#5947,#5943,#3599,.T.);
#7408=EDGE_CURVE('',#5948,#5947,#3600,.T.);
#7409=EDGE_CURVE('',#5949,#5948,#3601,.T.);
#7410=EDGE_CURVE('',#5941,#5949,#3602,.T.);
#7411=EDGE_CURVE('',#5950,#5951,#3603,.T.);
#7412=EDGE_CURVE('',#5951,#5952,#3604,.T.);
#7413=EDGE_CURVE('',#5952,#5950,#3605,.T.);
#7414=EDGE_CURVE('',#5939,#5952,#3606,.T.);
#7415=EDGE_CURVE('',#5950,#5938,#3607,.T.);
#7416=EDGE_CURVE('',#5953,#5954,#3608,.T.);
#7417=EDGE_CURVE('',#5954,#5955,#3609,.T.);
#7418=EDGE_CURVE('',#5955,#5953,#3610,.T.);
#7419=EDGE_CURVE('',#5942,#5955,#3611,.T.);
#7420=EDGE_CURVE('',#5953,#5941,#3612,.T.);
#7421=EDGE_CURVE('',#5955,#5944,#3613,.T.);
#7422=EDGE_CURVE('',#5945,#5954,#3614,.T.);
#7423=EDGE_CURVE('',#5956,#5957,#3615,.T.);
#7424=EDGE_CURVE('',#5957,#5958,#3616,.T.);
#7425=EDGE_CURVE('',#5958,#5956,#3617,.T.);
#7426=EDGE_CURVE('',#5949,#5958,#3618,.T.);
#7427=EDGE_CURVE('',#5956,#5948,#3619,.T.);
#7428=EDGE_CURVE('',#5958,#5953,#3620,.T.);
#7429=EDGE_CURVE('',#5954,#5957,#3621,.T.);
#7430=EDGE_CURVE('',#5952,#5956,#3622,.T.);
#7431=EDGE_CURVE('',#5957,#5951,#3623,.T.);
#7432=EDGE_CURVE('',#5946,#5950,#3624,.T.);
#7433=EDGE_CURVE('',#5951,#5945,#3625,.T.);
#7434=EDGE_CURVE('',#5943,#5935,#3626,.T.);
#7435=EDGE_CURVE('',#5936,#5942,#3627,.T.);
#7436=EDGE_CURVE('',#5947,#5940,#3628,.T.);
#7437=EDGE_CURVE('',#5959,#5960,#3629,.T.);
#7438=EDGE_CURVE('',#5960,#5961,#3630,.T.);
#7439=EDGE_CURVE('',#5961,#5959,#3631,.T.);
#7440=EDGE_CURVE('',#5962,#5961,#3632,.T.);
#7441=EDGE_CURVE('',#5963,#5962,#3633,.T.);
#7442=EDGE_CURVE('',#5964,#5963,#3634,.T.);
#7443=EDGE_CURVE('',#5959,#5964,#3635,.T.);
#7444=EDGE_CURVE('',#5965,#5966,#3636,.T.);
#7445=EDGE_CURVE('',#5966,#5967,#3637,.T.);
#7446=EDGE_CURVE('',#5967,#5965,#3638,.T.);
#7447=EDGE_CURVE('',#5968,#5969,#3639,.T.);
#7448=EDGE_CURVE('',#5969,#5970,#3640,.T.);
#7449=EDGE_CURVE('',#5970,#5968,#3641,.T.);
#7450=EDGE_CURVE('',#5961,#5970,#3642,.T.);
#7451=EDGE_CURVE('',#5968,#5960,#3643,.T.);
#7452=EDGE_CURVE('',#5971,#5967,#3644,.T.);
#7453=EDGE_CURVE('',#5972,#5971,#3645,.T.);
#7454=EDGE_CURVE('',#5973,#5972,#3646,.T.);
#7455=EDGE_CURVE('',#5965,#5973,#3647,.T.);
#7456=EDGE_CURVE('',#5974,#5975,#3648,.T.);
#7457=EDGE_CURVE('',#5975,#5976,#3649,.T.);
#7458=EDGE_CURVE('',#5976,#5974,#3650,.T.);
#7459=EDGE_CURVE('',#5963,#5976,#3651,.T.);
#7460=EDGE_CURVE('',#5974,#5962,#3652,.T.);
#7461=EDGE_CURVE('',#5977,#5978,#3653,.T.);
#7462=EDGE_CURVE('',#5978,#5979,#3654,.T.);
#7463=EDGE_CURVE('',#5979,#5977,#3655,.T.);
#7464=EDGE_CURVE('',#5966,#5979,#3656,.T.);
#7465=EDGE_CURVE('',#5977,#5965,#3657,.T.);
#7466=EDGE_CURVE('',#5979,#5968,#3658,.T.);
#7467=EDGE_CURVE('',#5969,#5978,#3659,.T.);
#7468=EDGE_CURVE('',#5980,#5981,#3660,.T.);
#7469=EDGE_CURVE('',#5981,#5982,#3661,.T.);
#7470=EDGE_CURVE('',#5982,#5980,#3662,.T.);
#7471=EDGE_CURVE('',#5973,#5982,#3663,.T.);
#7472=EDGE_CURVE('',#5980,#5972,#3664,.T.);
#7473=EDGE_CURVE('',#5982,#5977,#3665,.T.);
#7474=EDGE_CURVE('',#5978,#5981,#3666,.T.);
#7475=EDGE_CURVE('',#5976,#5980,#3667,.T.);
#7476=EDGE_CURVE('',#5981,#5975,#3668,.T.);
#7477=EDGE_CURVE('',#5970,#5974,#3669,.T.);
#7478=EDGE_CURVE('',#5975,#5969,#3670,.T.);
#7479=EDGE_CURVE('',#5967,#5959,#3671,.T.);
#7480=EDGE_CURVE('',#5960,#5966,#3672,.T.);
#7481=EDGE_CURVE('',#5971,#5964,#3673,.T.);
#7482=EDGE_CURVE('',#5983,#5984,#3674,.T.);
#7483=EDGE_CURVE('',#5984,#5985,#3675,.T.);
#7484=EDGE_CURVE('',#5985,#5983,#3676,.T.);
#7485=EDGE_CURVE('',#5986,#5985,#3677,.T.);
#7486=EDGE_CURVE('',#5987,#5986,#3678,.T.);
#7487=EDGE_CURVE('',#5988,#5987,#3679,.T.);
#7488=EDGE_CURVE('',#5983,#5988,#3680,.T.);
#7489=EDGE_CURVE('',#5989,#5990,#3681,.T.);
#7490=EDGE_CURVE('',#5990,#5991,#3682,.T.);
#7491=EDGE_CURVE('',#5991,#5989,#3683,.T.);
#7492=EDGE_CURVE('',#5992,#5993,#3684,.T.);
#7493=EDGE_CURVE('',#5993,#5994,#3685,.T.);
#7494=EDGE_CURVE('',#5994,#5992,#3686,.T.);
#7495=EDGE_CURVE('',#5985,#5994,#3687,.T.);
#7496=EDGE_CURVE('',#5992,#5984,#3688,.T.);
#7497=EDGE_CURVE('',#5995,#5991,#3689,.T.);
#7498=EDGE_CURVE('',#5996,#5995,#3690,.T.);
#7499=EDGE_CURVE('',#5997,#5996,#3691,.T.);
#7500=EDGE_CURVE('',#5989,#5997,#3692,.T.);
#7501=EDGE_CURVE('',#5998,#5999,#3693,.T.);
#7502=EDGE_CURVE('',#5999,#6000,#3694,.T.);
#7503=EDGE_CURVE('',#6000,#5998,#3695,.T.);
#7504=EDGE_CURVE('',#5987,#6000,#3696,.T.);
#7505=EDGE_CURVE('',#5998,#5986,#3697,.T.);
#7506=EDGE_CURVE('',#6001,#6002,#3698,.T.);
#7507=EDGE_CURVE('',#6002,#6003,#3699,.T.);
#7508=EDGE_CURVE('',#6003,#6001,#3700,.T.);
#7509=EDGE_CURVE('',#5990,#6003,#3701,.T.);
#7510=EDGE_CURVE('',#6001,#5989,#3702,.T.);
#7511=EDGE_CURVE('',#6003,#5992,#3703,.T.);
#7512=EDGE_CURVE('',#5993,#6002,#3704,.T.);
#7513=EDGE_CURVE('',#6004,#6005,#3705,.T.);
#7514=EDGE_CURVE('',#6005,#6006,#3706,.T.);
#7515=EDGE_CURVE('',#6006,#6004,#3707,.T.);
#7516=EDGE_CURVE('',#5997,#6006,#3708,.T.);
#7517=EDGE_CURVE('',#6004,#5996,#3709,.T.);
#7518=EDGE_CURVE('',#6006,#6001,#3710,.T.);
#7519=EDGE_CURVE('',#6002,#6005,#3711,.T.);
#7520=EDGE_CURVE('',#6000,#6004,#3712,.T.);
#7521=EDGE_CURVE('',#6005,#5999,#3713,.T.);
#7522=EDGE_CURVE('',#5994,#5998,#3714,.T.);
#7523=EDGE_CURVE('',#5999,#5993,#3715,.T.);
#7524=EDGE_CURVE('',#5991,#5983,#3716,.T.);
#7525=EDGE_CURVE('',#5984,#5990,#3717,.T.);
#7526=EDGE_CURVE('',#5995,#5988,#3718,.T.);
#7527=ORIENTED_EDGE('',*,*,#6007,.T.);
#7528=ORIENTED_EDGE('',*,*,#6008,.T.);
#7529=ORIENTED_EDGE('',*,*,#6007,.F.);
#7530=ORIENTED_EDGE('',*,*,#6009,.F.);
#7531=ORIENTED_EDGE('',*,*,#6010,.F.);
#7532=ORIENTED_EDGE('',*,*,#6011,.T.);
#7533=ORIENTED_EDGE('',*,*,#6012,.F.);
#7534=ORIENTED_EDGE('',*,*,#6013,.F.);
#7535=ORIENTED_EDGE('',*,*,#6012,.T.);
#7536=ORIENTED_EDGE('',*,*,#6014,.T.);
#7537=ORIENTED_EDGE('',*,*,#6015,.F.);
#7538=ORIENTED_EDGE('',*,*,#6014,.F.);
#7539=ORIENTED_EDGE('',*,*,#6011,.F.);
#7540=ORIENTED_EDGE('',*,*,#6016,.T.);
#7541=ORIENTED_EDGE('',*,*,#6017,.F.);
#7542=ORIENTED_EDGE('',*,*,#6018,.F.);
#7543=ORIENTED_EDGE('',*,*,#6019,.F.);
#7544=ORIENTED_EDGE('',*,*,#6008,.F.);
#7545=ORIENTED_EDGE('',*,*,#6013,.T.);
#7546=ORIENTED_EDGE('',*,*,#6020,.F.);
#7547=ORIENTED_EDGE('',*,*,#6021,.T.);
#7548=ORIENTED_EDGE('',*,*,#6022,.F.);
#7549=ORIENTED_EDGE('',*,*,#6009,.T.);
#7550=ORIENTED_EDGE('',*,*,#6023,.T.);
#7551=ORIENTED_EDGE('',*,*,#6024,.F.);
#7552=ORIENTED_EDGE('',*,*,#6023,.F.);
#7553=ORIENTED_EDGE('',*,*,#6025,.T.);
#7554=ORIENTED_EDGE('',*,*,#6017,.T.);
#7555=ORIENTED_EDGE('',*,*,#6026,.F.);
#7556=ORIENTED_EDGE('',*,*,#6027,.F.);
#7557=ORIENTED_EDGE('',*,*,#6028,.F.);
#7558=ORIENTED_EDGE('',*,*,#6029,.T.);
#7559=ORIENTED_EDGE('',*,*,#6018,.T.);
#7560=ORIENTED_EDGE('',*,*,#6025,.F.);
#7561=ORIENTED_EDGE('',*,*,#6030,.F.);
#7562=ORIENTED_EDGE('',*,*,#6031,.F.);
#7563=ORIENTED_EDGE('',*,*,#6032,.T.);
#7564=ORIENTED_EDGE('',*,*,#6026,.T.);
#7565=ORIENTED_EDGE('',*,*,#6016,.F.);
#7566=ORIENTED_EDGE('',*,*,#6010,.T.);
#7567=ORIENTED_EDGE('',*,*,#6022,.T.);
#7568=ORIENTED_EDGE('',*,*,#6033,.F.);
#7569=ORIENTED_EDGE('',*,*,#6034,.T.);
#7570=ORIENTED_EDGE('',*,*,#6033,.T.);
#7571=ORIENTED_EDGE('',*,*,#6021,.F.);
#7572=ORIENTED_EDGE('',*,*,#6035,.F.);
#7573=ORIENTED_EDGE('',*,*,#6036,.T.);
#7574=ORIENTED_EDGE('',*,*,#6037,.T.);
#7575=ORIENTED_EDGE('',*,*,#6038,.F.);
#7576=ORIENTED_EDGE('',*,*,#6031,.T.);
#7577=ORIENTED_EDGE('',*,*,#6039,.F.);
#7578=ORIENTED_EDGE('',*,*,#6035,.T.);
#7579=ORIENTED_EDGE('',*,*,#6020,.T.);
#7580=ORIENTED_EDGE('',*,*,#6015,.T.);
#7581=ORIENTED_EDGE('',*,*,#6019,.T.);
#7582=ORIENTED_EDGE('',*,*,#6029,.F.);
#7583=ORIENTED_EDGE('',*,*,#6040,.F.);
#7584=ORIENTED_EDGE('',*,*,#6041,.F.);
#7585=ORIENTED_EDGE('',*,*,#6042,.T.);
#7586=ORIENTED_EDGE('',*,*,#6041,.T.);
#7587=ORIENTED_EDGE('',*,*,#6043,.F.);
#7588=ORIENTED_EDGE('',*,*,#6037,.F.);
#7589=ORIENTED_EDGE('',*,*,#6043,.T.);
#7590=ORIENTED_EDGE('',*,*,#6040,.T.);
#7591=ORIENTED_EDGE('',*,*,#6028,.T.);
#7592=ORIENTED_EDGE('',*,*,#6027,.T.);
#7593=ORIENTED_EDGE('',*,*,#6032,.F.);
#7594=ORIENTED_EDGE('',*,*,#6038,.T.);
#7595=ORIENTED_EDGE('',*,*,#6024,.T.);
#7596=ORIENTED_EDGE('',*,*,#6042,.F.);
#7597=ORIENTED_EDGE('',*,*,#6036,.F.);
#7598=ORIENTED_EDGE('',*,*,#6030,.T.);
#7599=ORIENTED_EDGE('',*,*,#6034,.F.);
#7600=ORIENTED_EDGE('',*,*,#6039,.T.);
#7601=ORIENTED_EDGE('',*,*,#6044,.F.);
#7602=ORIENTED_EDGE('',*,*,#6045,.T.);
#7603=ORIENTED_EDGE('',*,*,#6045,.F.);
#7604=ORIENTED_EDGE('',*,*,#6046,.F.);
#7605=ORIENTED_EDGE('',*,*,#6047,.T.);
#7606=ORIENTED_EDGE('',*,*,#6048,.T.);
#7607=ORIENTED_EDGE('',*,*,#6049,.F.);
#7608=ORIENTED_EDGE('',*,*,#6050,.T.);
#7609=ORIENTED_EDGE('',*,*,#6051,.T.);
#7610=ORIENTED_EDGE('',*,*,#6052,.F.);
#7611=ORIENTED_EDGE('',*,*,#6048,.F.);
#7612=ORIENTED_EDGE('',*,*,#6052,.T.);
#7613=ORIENTED_EDGE('',*,*,#6053,.T.);
#7614=ORIENTED_EDGE('',*,*,#6054,.T.);
#7615=ORIENTED_EDGE('',*,*,#6055,.T.);
#7616=ORIENTED_EDGE('',*,*,#6056,.T.);
#7617=ORIENTED_EDGE('',*,*,#6049,.T.);
#7618=ORIENTED_EDGE('',*,*,#6044,.T.);
#7619=ORIENTED_EDGE('',*,*,#6050,.F.);
#7620=ORIENTED_EDGE('',*,*,#6047,.F.);
#7621=ORIENTED_EDGE('',*,*,#6057,.F.);
#7622=ORIENTED_EDGE('',*,*,#6058,.F.);
#7623=ORIENTED_EDGE('',*,*,#6059,.F.);
#7624=ORIENTED_EDGE('',*,*,#6060,.T.);
#7625=ORIENTED_EDGE('',*,*,#6061,.T.);
#7626=ORIENTED_EDGE('',*,*,#6061,.F.);
#7627=ORIENTED_EDGE('',*,*,#6062,.T.);
#7628=ORIENTED_EDGE('',*,*,#6063,.T.);
#7629=ORIENTED_EDGE('',*,*,#6054,.F.);
#7630=ORIENTED_EDGE('',*,*,#6064,.F.);
#7631=ORIENTED_EDGE('',*,*,#6065,.T.);
#7632=ORIENTED_EDGE('',*,*,#6066,.T.);
#7633=ORIENTED_EDGE('',*,*,#6067,.F.);
#7634=ORIENTED_EDGE('',*,*,#6068,.F.);
#7635=ORIENTED_EDGE('',*,*,#6069,.F.);
#7636=ORIENTED_EDGE('',*,*,#6067,.T.);
#7637=ORIENTED_EDGE('',*,*,#6070,.T.);
#7638=ORIENTED_EDGE('',*,*,#6071,.F.);
#7639=ORIENTED_EDGE('',*,*,#6070,.F.);
#7640=ORIENTED_EDGE('',*,*,#6066,.F.);
#7641=ORIENTED_EDGE('',*,*,#6072,.F.);
#7642=ORIENTED_EDGE('',*,*,#6073,.F.);
#7643=ORIENTED_EDGE('',*,*,#6062,.F.);
#7644=ORIENTED_EDGE('',*,*,#6074,.F.);
#7645=ORIENTED_EDGE('',*,*,#6060,.F.);
#7646=ORIENTED_EDGE('',*,*,#6073,.T.);
#7647=ORIENTED_EDGE('',*,*,#6075,.T.);
#7648=ORIENTED_EDGE('',*,*,#6055,.F.);
#7649=ORIENTED_EDGE('',*,*,#6063,.F.);
#7650=ORIENTED_EDGE('',*,*,#6076,.F.);
#7651=ORIENTED_EDGE('',*,*,#6077,.T.);
#7652=ORIENTED_EDGE('',*,*,#6058,.T.);
#7653=ORIENTED_EDGE('',*,*,#6078,.F.);
#7654=ORIENTED_EDGE('',*,*,#6079,.F.);
#7655=ORIENTED_EDGE('',*,*,#6078,.T.);
#7656=ORIENTED_EDGE('',*,*,#6057,.T.);
#7657=ORIENTED_EDGE('',*,*,#6046,.T.);
#7658=ORIENTED_EDGE('',*,*,#6056,.F.);
#7659=ORIENTED_EDGE('',*,*,#6075,.F.);
#7660=ORIENTED_EDGE('',*,*,#6072,.T.);
#7661=ORIENTED_EDGE('',*,*,#6065,.F.);
#7662=ORIENTED_EDGE('',*,*,#6064,.T.);
#7663=ORIENTED_EDGE('',*,*,#6053,.F.);
#7664=ORIENTED_EDGE('',*,*,#6051,.F.);
#7665=ORIENTED_EDGE('',*,*,#6059,.T.);
#7666=ORIENTED_EDGE('',*,*,#6077,.F.);
#7667=ORIENTED_EDGE('',*,*,#6080,.F.);
#7668=ORIENTED_EDGE('',*,*,#6071,.T.);
#7669=ORIENTED_EDGE('',*,*,#6074,.T.);
#7670=ORIENTED_EDGE('',*,*,#6069,.T.);
#7671=ORIENTED_EDGE('',*,*,#6080,.T.);
#7672=ORIENTED_EDGE('',*,*,#6076,.T.);
#7673=ORIENTED_EDGE('',*,*,#6079,.T.);
#7674=ORIENTED_EDGE('',*,*,#6068,.T.);
#7675=ORIENTED_EDGE('',*,*,#6081,.T.);
#7676=ORIENTED_EDGE('',*,*,#6082,.F.);
#7677=ORIENTED_EDGE('',*,*,#6081,.F.);
#7678=ORIENTED_EDGE('',*,*,#6083,.T.);
#7679=ORIENTED_EDGE('',*,*,#6084,.T.);
#7680=ORIENTED_EDGE('',*,*,#6085,.F.);
#7681=ORIENTED_EDGE('',*,*,#6086,.T.);
#7682=ORIENTED_EDGE('',*,*,#6087,.T.);
#7683=ORIENTED_EDGE('',*,*,#6088,.T.);
#7684=ORIENTED_EDGE('',*,*,#6089,.F.);
#7685=ORIENTED_EDGE('',*,*,#6084,.F.);
#7686=ORIENTED_EDGE('',*,*,#6089,.T.);
#7687=ORIENTED_EDGE('',*,*,#6090,.T.);
#7688=ORIENTED_EDGE('',*,*,#6091,.T.);
#7689=ORIENTED_EDGE('',*,*,#6092,.T.);
#7690=ORIENTED_EDGE('',*,*,#6093,.F.);
#7691=ORIENTED_EDGE('',*,*,#6085,.T.);
#7692=ORIENTED_EDGE('',*,*,#6082,.T.);
#7693=ORIENTED_EDGE('',*,*,#6087,.F.);
#7694=ORIENTED_EDGE('',*,*,#6083,.F.);
#7695=ORIENTED_EDGE('',*,*,#6094,.T.);
#7696=ORIENTED_EDGE('',*,*,#6095,.F.);
#7697=ORIENTED_EDGE('',*,*,#6096,.T.);
#7698=ORIENTED_EDGE('',*,*,#6097,.T.);
#7699=ORIENTED_EDGE('',*,*,#6098,.T.);
#7700=ORIENTED_EDGE('',*,*,#6097,.F.);
#7701=ORIENTED_EDGE('',*,*,#6099,.F.);
#7702=ORIENTED_EDGE('',*,*,#6100,.T.);
#7703=ORIENTED_EDGE('',*,*,#6101,.T.);
#7704=ORIENTED_EDGE('',*,*,#6092,.F.);
#7705=ORIENTED_EDGE('',*,*,#6102,.T.);
#7706=ORIENTED_EDGE('',*,*,#6099,.T.);
#7707=ORIENTED_EDGE('',*,*,#6091,.F.);
#7708=ORIENTED_EDGE('',*,*,#6103,.F.);
#7709=ORIENTED_EDGE('',*,*,#6104,.T.);
#7710=ORIENTED_EDGE('',*,*,#6105,.T.);
#7711=ORIENTED_EDGE('',*,*,#6094,.F.);
#7712=ORIENTED_EDGE('',*,*,#6086,.F.);
#7713=ORIENTED_EDGE('',*,*,#6093,.T.);
#7714=ORIENTED_EDGE('',*,*,#6101,.F.);
#7715=ORIENTED_EDGE('',*,*,#6106,.F.);
#7716=ORIENTED_EDGE('',*,*,#6107,.T.);
#7717=ORIENTED_EDGE('',*,*,#6108,.F.);
#7718=ORIENTED_EDGE('',*,*,#6109,.T.);
#7719=ORIENTED_EDGE('',*,*,#6095,.T.);
#7720=ORIENTED_EDGE('',*,*,#6105,.F.);
#7721=ORIENTED_EDGE('',*,*,#6110,.F.);
#7722=ORIENTED_EDGE('',*,*,#6107,.F.);
#7723=ORIENTED_EDGE('',*,*,#6111,.T.);
#7724=ORIENTED_EDGE('',*,*,#6112,.F.);
#7725=ORIENTED_EDGE('',*,*,#6113,.T.);
#7726=ORIENTED_EDGE('',*,*,#6114,.T.);
#7727=ORIENTED_EDGE('',*,*,#6115,.T.);
#7728=ORIENTED_EDGE('',*,*,#6103,.T.);
#7729=ORIENTED_EDGE('',*,*,#6090,.F.);
#7730=ORIENTED_EDGE('',*,*,#6088,.F.);
#7731=ORIENTED_EDGE('',*,*,#6096,.F.);
#7732=ORIENTED_EDGE('',*,*,#6109,.F.);
#7733=ORIENTED_EDGE('',*,*,#6116,.F.);
#7734=ORIENTED_EDGE('',*,*,#6112,.T.);
#7735=ORIENTED_EDGE('',*,*,#6117,.T.);
#7736=ORIENTED_EDGE('',*,*,#6114,.F.);
#7737=ORIENTED_EDGE('',*,*,#6117,.F.);
#7738=ORIENTED_EDGE('',*,*,#6111,.F.);
#7739=ORIENTED_EDGE('',*,*,#6106,.T.);
#7740=ORIENTED_EDGE('',*,*,#6100,.F.);
#7741=ORIENTED_EDGE('',*,*,#6102,.F.);
#7742=ORIENTED_EDGE('',*,*,#6115,.F.);
#7743=ORIENTED_EDGE('',*,*,#6098,.F.);
#7744=ORIENTED_EDGE('',*,*,#6116,.T.);
#7745=ORIENTED_EDGE('',*,*,#6113,.F.);
#7746=ORIENTED_EDGE('',*,*,#6108,.T.);
#7747=ORIENTED_EDGE('',*,*,#6104,.F.);
#7748=ORIENTED_EDGE('',*,*,#6110,.T.);
#7749=ORIENTED_EDGE('',*,*,#6118,.T.);
#7750=ORIENTED_EDGE('',*,*,#6119,.T.);
#7751=ORIENTED_EDGE('',*,*,#6119,.F.);
#7752=ORIENTED_EDGE('',*,*,#6120,.T.);
#7753=ORIENTED_EDGE('',*,*,#6121,.T.);
#7754=ORIENTED_EDGE('',*,*,#6122,.F.);
#7755=ORIENTED_EDGE('',*,*,#6123,.F.);
#7756=ORIENTED_EDGE('',*,*,#6124,.F.);
#7757=ORIENTED_EDGE('',*,*,#6122,.T.);
#7758=ORIENTED_EDGE('',*,*,#6125,.T.);
#7759=ORIENTED_EDGE('',*,*,#6126,.F.);
#7760=ORIENTED_EDGE('',*,*,#6125,.F.);
#7761=ORIENTED_EDGE('',*,*,#6121,.F.);
#7762=ORIENTED_EDGE('',*,*,#6127,.F.);
#7763=ORIENTED_EDGE('',*,*,#6128,.F.);
#7764=ORIENTED_EDGE('',*,*,#6129,.F.);
#7765=ORIENTED_EDGE('',*,*,#6130,.F.);
#7766=ORIENTED_EDGE('',*,*,#6118,.F.);
#7767=ORIENTED_EDGE('',*,*,#6124,.T.);
#7768=ORIENTED_EDGE('',*,*,#6131,.T.);
#7769=ORIENTED_EDGE('',*,*,#6132,.T.);
#7770=ORIENTED_EDGE('',*,*,#6133,.T.);
#7771=ORIENTED_EDGE('',*,*,#6123,.T.);
#7772=ORIENTED_EDGE('',*,*,#6134,.F.);
#7773=ORIENTED_EDGE('',*,*,#6135,.T.);
#7774=ORIENTED_EDGE('',*,*,#6135,.F.);
#7775=ORIENTED_EDGE('',*,*,#6136,.F.);
#7776=ORIENTED_EDGE('',*,*,#6137,.T.);
#7777=ORIENTED_EDGE('',*,*,#6129,.T.);
#7778=ORIENTED_EDGE('',*,*,#6138,.F.);
#7779=ORIENTED_EDGE('',*,*,#6139,.F.);
#7780=ORIENTED_EDGE('',*,*,#6140,.T.);
#7781=ORIENTED_EDGE('',*,*,#6141,.T.);
#7782=ORIENTED_EDGE('',*,*,#6142,.F.);
#7783=ORIENTED_EDGE('',*,*,#6143,.T.);
#7784=ORIENTED_EDGE('',*,*,#6144,.T.);
#7785=ORIENTED_EDGE('',*,*,#6145,.F.);
#7786=ORIENTED_EDGE('',*,*,#6141,.F.);
#7787=ORIENTED_EDGE('',*,*,#6145,.T.);
#7788=ORIENTED_EDGE('',*,*,#6146,.T.);
#7789=ORIENTED_EDGE('',*,*,#6136,.T.);
#7790=ORIENTED_EDGE('',*,*,#6147,.T.);
#7791=ORIENTED_EDGE('',*,*,#6148,.T.);
#7792=ORIENTED_EDGE('',*,*,#6142,.T.);
#7793=ORIENTED_EDGE('',*,*,#6134,.T.);
#7794=ORIENTED_EDGE('',*,*,#6147,.F.);
#7795=ORIENTED_EDGE('',*,*,#6138,.T.);
#7796=ORIENTED_EDGE('',*,*,#6128,.T.);
#7797=ORIENTED_EDGE('',*,*,#6149,.F.);
#7798=ORIENTED_EDGE('',*,*,#6150,.T.);
#7799=ORIENTED_EDGE('',*,*,#6151,.T.);
#7800=ORIENTED_EDGE('',*,*,#6132,.F.);
#7801=ORIENTED_EDGE('',*,*,#6152,.F.);
#7802=ORIENTED_EDGE('',*,*,#6153,.T.);
#7803=ORIENTED_EDGE('',*,*,#6139,.T.);
#7804=ORIENTED_EDGE('',*,*,#6148,.F.);
#7805=ORIENTED_EDGE('',*,*,#6149,.T.);
#7806=ORIENTED_EDGE('',*,*,#6127,.T.);
#7807=ORIENTED_EDGE('',*,*,#6120,.F.);
#7808=ORIENTED_EDGE('',*,*,#6133,.F.);
#7809=ORIENTED_EDGE('',*,*,#6151,.F.);
#7810=ORIENTED_EDGE('',*,*,#6137,.F.);
#7811=ORIENTED_EDGE('',*,*,#6146,.F.);
#7812=ORIENTED_EDGE('',*,*,#6144,.F.);
#7813=ORIENTED_EDGE('',*,*,#6154,.T.);
#7814=ORIENTED_EDGE('',*,*,#6152,.T.);
#7815=ORIENTED_EDGE('',*,*,#6131,.F.);
#7816=ORIENTED_EDGE('',*,*,#6126,.T.);
#7817=ORIENTED_EDGE('',*,*,#6130,.T.);
#7818=ORIENTED_EDGE('',*,*,#6143,.F.);
#7819=ORIENTED_EDGE('',*,*,#6140,.F.);
#7820=ORIENTED_EDGE('',*,*,#6153,.F.);
#7821=ORIENTED_EDGE('',*,*,#6150,.F.);
#7822=ORIENTED_EDGE('',*,*,#6154,.F.);
#7823=ORIENTED_EDGE('',*,*,#6155,.T.);
#7824=ORIENTED_EDGE('',*,*,#6156,.T.);
#7825=ORIENTED_EDGE('',*,*,#6155,.F.);
#7826=ORIENTED_EDGE('',*,*,#6157,.F.);
#7827=ORIENTED_EDGE('',*,*,#6158,.F.);
#7828=ORIENTED_EDGE('',*,*,#6159,.T.);
#7829=ORIENTED_EDGE('',*,*,#6160,.F.);
#7830=ORIENTED_EDGE('',*,*,#6161,.F.);
#7831=ORIENTED_EDGE('',*,*,#6160,.T.);
#7832=ORIENTED_EDGE('',*,*,#6162,.T.);
#7833=ORIENTED_EDGE('',*,*,#6163,.F.);
#7834=ORIENTED_EDGE('',*,*,#6162,.F.);
#7835=ORIENTED_EDGE('',*,*,#6159,.F.);
#7836=ORIENTED_EDGE('',*,*,#6164,.T.);
#7837=ORIENTED_EDGE('',*,*,#6165,.F.);
#7838=ORIENTED_EDGE('',*,*,#6166,.F.);
#7839=ORIENTED_EDGE('',*,*,#6167,.F.);
#7840=ORIENTED_EDGE('',*,*,#6156,.F.);
#7841=ORIENTED_EDGE('',*,*,#6161,.T.);
#7842=ORIENTED_EDGE('',*,*,#6168,.F.);
#7843=ORIENTED_EDGE('',*,*,#6169,.T.);
#7844=ORIENTED_EDGE('',*,*,#6170,.F.);
#7845=ORIENTED_EDGE('',*,*,#6157,.T.);
#7846=ORIENTED_EDGE('',*,*,#6171,.T.);
#7847=ORIENTED_EDGE('',*,*,#6172,.F.);
#7848=ORIENTED_EDGE('',*,*,#6171,.F.);
#7849=ORIENTED_EDGE('',*,*,#6173,.T.);
#7850=ORIENTED_EDGE('',*,*,#6165,.T.);
#7851=ORIENTED_EDGE('',*,*,#6174,.F.);
#7852=ORIENTED_EDGE('',*,*,#6175,.F.);
#7853=ORIENTED_EDGE('',*,*,#6176,.F.);
#7854=ORIENTED_EDGE('',*,*,#6177,.T.);
#7855=ORIENTED_EDGE('',*,*,#6166,.T.);
#7856=ORIENTED_EDGE('',*,*,#6173,.F.);
#7857=ORIENTED_EDGE('',*,*,#6178,.F.);
#7858=ORIENTED_EDGE('',*,*,#6179,.F.);
#7859=ORIENTED_EDGE('',*,*,#6180,.T.);
#7860=ORIENTED_EDGE('',*,*,#6174,.T.);
#7861=ORIENTED_EDGE('',*,*,#6164,.F.);
#7862=ORIENTED_EDGE('',*,*,#6158,.T.);
#7863=ORIENTED_EDGE('',*,*,#6170,.T.);
#7864=ORIENTED_EDGE('',*,*,#6181,.F.);
#7865=ORIENTED_EDGE('',*,*,#6182,.T.);
#7866=ORIENTED_EDGE('',*,*,#6181,.T.);
#7867=ORIENTED_EDGE('',*,*,#6169,.F.);
#7868=ORIENTED_EDGE('',*,*,#6183,.F.);
#7869=ORIENTED_EDGE('',*,*,#6184,.T.);
#7870=ORIENTED_EDGE('',*,*,#6185,.T.);
#7871=ORIENTED_EDGE('',*,*,#6186,.F.);
#7872=ORIENTED_EDGE('',*,*,#6179,.T.);
#7873=ORIENTED_EDGE('',*,*,#6187,.F.);
#7874=ORIENTED_EDGE('',*,*,#6183,.T.);
#7875=ORIENTED_EDGE('',*,*,#6168,.T.);
#7876=ORIENTED_EDGE('',*,*,#6163,.T.);
#7877=ORIENTED_EDGE('',*,*,#6167,.T.);
#7878=ORIENTED_EDGE('',*,*,#6177,.F.);
#7879=ORIENTED_EDGE('',*,*,#6188,.F.);
#7880=ORIENTED_EDGE('',*,*,#6189,.F.);
#7881=ORIENTED_EDGE('',*,*,#6190,.T.);
#7882=ORIENTED_EDGE('',*,*,#6189,.T.);
#7883=ORIENTED_EDGE('',*,*,#6191,.F.);
#7884=ORIENTED_EDGE('',*,*,#6185,.F.);
#7885=ORIENTED_EDGE('',*,*,#6191,.T.);
#7886=ORIENTED_EDGE('',*,*,#6188,.T.);
#7887=ORIENTED_EDGE('',*,*,#6176,.T.);
#7888=ORIENTED_EDGE('',*,*,#6175,.T.);
#7889=ORIENTED_EDGE('',*,*,#6180,.F.);
#7890=ORIENTED_EDGE('',*,*,#6186,.T.);
#7891=ORIENTED_EDGE('',*,*,#6172,.T.);
#7892=ORIENTED_EDGE('',*,*,#6190,.F.);
#7893=ORIENTED_EDGE('',*,*,#6184,.F.);
#7894=ORIENTED_EDGE('',*,*,#6178,.T.);
#7895=ORIENTED_EDGE('',*,*,#6182,.F.);
#7896=ORIENTED_EDGE('',*,*,#6187,.T.);
#7897=ORIENTED_EDGE('',*,*,#6192,.F.);
#7898=ORIENTED_EDGE('',*,*,#6193,.T.);
#7899=ORIENTED_EDGE('',*,*,#6193,.F.);
#7900=ORIENTED_EDGE('',*,*,#6194,.F.);
#7901=ORIENTED_EDGE('',*,*,#6195,.T.);
#7902=ORIENTED_EDGE('',*,*,#6196,.T.);
#7903=ORIENTED_EDGE('',*,*,#6197,.F.);
#7904=ORIENTED_EDGE('',*,*,#6198,.T.);
#7905=ORIENTED_EDGE('',*,*,#6199,.T.);
#7906=ORIENTED_EDGE('',*,*,#6200,.F.);
#7907=ORIENTED_EDGE('',*,*,#6196,.F.);
#7908=ORIENTED_EDGE('',*,*,#6200,.T.);
#7909=ORIENTED_EDGE('',*,*,#6201,.T.);
#7910=ORIENTED_EDGE('',*,*,#6202,.T.);
#7911=ORIENTED_EDGE('',*,*,#6203,.T.);
#7912=ORIENTED_EDGE('',*,*,#6204,.T.);
#7913=ORIENTED_EDGE('',*,*,#6197,.T.);
#7914=ORIENTED_EDGE('',*,*,#6192,.T.);
#7915=ORIENTED_EDGE('',*,*,#6198,.F.);
#7916=ORIENTED_EDGE('',*,*,#6195,.F.);
#7917=ORIENTED_EDGE('',*,*,#6205,.F.);
#7918=ORIENTED_EDGE('',*,*,#6206,.F.);
#7919=ORIENTED_EDGE('',*,*,#6207,.F.);
#7920=ORIENTED_EDGE('',*,*,#6208,.T.);
#7921=ORIENTED_EDGE('',*,*,#6209,.T.);
#7922=ORIENTED_EDGE('',*,*,#6209,.F.);
#7923=ORIENTED_EDGE('',*,*,#6210,.T.);
#7924=ORIENTED_EDGE('',*,*,#6211,.T.);
#7925=ORIENTED_EDGE('',*,*,#6202,.F.);
#7926=ORIENTED_EDGE('',*,*,#6212,.F.);
#7927=ORIENTED_EDGE('',*,*,#6213,.T.);
#7928=ORIENTED_EDGE('',*,*,#6214,.T.);
#7929=ORIENTED_EDGE('',*,*,#6215,.F.);
#7930=ORIENTED_EDGE('',*,*,#6216,.F.);
#7931=ORIENTED_EDGE('',*,*,#6217,.F.);
#7932=ORIENTED_EDGE('',*,*,#6215,.T.);
#7933=ORIENTED_EDGE('',*,*,#6218,.T.);
#7934=ORIENTED_EDGE('',*,*,#6219,.F.);
#7935=ORIENTED_EDGE('',*,*,#6218,.F.);
#7936=ORIENTED_EDGE('',*,*,#6214,.F.);
#7937=ORIENTED_EDGE('',*,*,#6220,.F.);
#7938=ORIENTED_EDGE('',*,*,#6221,.F.);
#7939=ORIENTED_EDGE('',*,*,#6210,.F.);
#7940=ORIENTED_EDGE('',*,*,#6222,.F.);
#7941=ORIENTED_EDGE('',*,*,#6208,.F.);
#7942=ORIENTED_EDGE('',*,*,#6221,.T.);
#7943=ORIENTED_EDGE('',*,*,#6223,.T.);
#7944=ORIENTED_EDGE('',*,*,#6203,.F.);
#7945=ORIENTED_EDGE('',*,*,#6211,.F.);
#7946=ORIENTED_EDGE('',*,*,#6224,.F.);
#7947=ORIENTED_EDGE('',*,*,#6225,.T.);
#7948=ORIENTED_EDGE('',*,*,#6206,.T.);
#7949=ORIENTED_EDGE('',*,*,#6226,.F.);
#7950=ORIENTED_EDGE('',*,*,#6227,.F.);
#7951=ORIENTED_EDGE('',*,*,#6226,.T.);
#7952=ORIENTED_EDGE('',*,*,#6205,.T.);
#7953=ORIENTED_EDGE('',*,*,#6194,.T.);
#7954=ORIENTED_EDGE('',*,*,#6204,.F.);
#7955=ORIENTED_EDGE('',*,*,#6223,.F.);
#7956=ORIENTED_EDGE('',*,*,#6220,.T.);
#7957=ORIENTED_EDGE('',*,*,#6213,.F.);
#7958=ORIENTED_EDGE('',*,*,#6212,.T.);
#7959=ORIENTED_EDGE('',*,*,#6201,.F.);
#7960=ORIENTED_EDGE('',*,*,#6199,.F.);
#7961=ORIENTED_EDGE('',*,*,#6207,.T.);
#7962=ORIENTED_EDGE('',*,*,#6225,.F.);
#7963=ORIENTED_EDGE('',*,*,#6228,.F.);
#7964=ORIENTED_EDGE('',*,*,#6219,.T.);
#7965=ORIENTED_EDGE('',*,*,#6222,.T.);
#7966=ORIENTED_EDGE('',*,*,#6217,.T.);
#7967=ORIENTED_EDGE('',*,*,#6228,.T.);
#7968=ORIENTED_EDGE('',*,*,#6224,.T.);
#7969=ORIENTED_EDGE('',*,*,#6227,.T.);
#7970=ORIENTED_EDGE('',*,*,#6216,.T.);
#7971=ORIENTED_EDGE('',*,*,#6229,.T.);
#7972=ORIENTED_EDGE('',*,*,#6230,.F.);
#7973=ORIENTED_EDGE('',*,*,#6229,.F.);
#7974=ORIENTED_EDGE('',*,*,#6231,.T.);
#7975=ORIENTED_EDGE('',*,*,#6232,.T.);
#7976=ORIENTED_EDGE('',*,*,#6233,.F.);
#7977=ORIENTED_EDGE('',*,*,#6234,.T.);
#7978=ORIENTED_EDGE('',*,*,#6235,.T.);
#7979=ORIENTED_EDGE('',*,*,#6236,.T.);
#7980=ORIENTED_EDGE('',*,*,#6237,.F.);
#7981=ORIENTED_EDGE('',*,*,#6232,.F.);
#7982=ORIENTED_EDGE('',*,*,#6237,.T.);
#7983=ORIENTED_EDGE('',*,*,#6238,.T.);
#7984=ORIENTED_EDGE('',*,*,#6239,.T.);
#7985=ORIENTED_EDGE('',*,*,#6240,.T.);
#7986=ORIENTED_EDGE('',*,*,#6241,.F.);
#7987=ORIENTED_EDGE('',*,*,#6233,.T.);
#7988=ORIENTED_EDGE('',*,*,#6230,.T.);
#7989=ORIENTED_EDGE('',*,*,#6235,.F.);
#7990=ORIENTED_EDGE('',*,*,#6231,.F.);
#7991=ORIENTED_EDGE('',*,*,#6242,.T.);
#7992=ORIENTED_EDGE('',*,*,#6243,.F.);
#7993=ORIENTED_EDGE('',*,*,#6244,.T.);
#7994=ORIENTED_EDGE('',*,*,#6245,.T.);
#7995=ORIENTED_EDGE('',*,*,#6246,.T.);
#7996=ORIENTED_EDGE('',*,*,#6245,.F.);
#7997=ORIENTED_EDGE('',*,*,#6247,.F.);
#7998=ORIENTED_EDGE('',*,*,#6248,.T.);
#7999=ORIENTED_EDGE('',*,*,#6249,.T.);
#8000=ORIENTED_EDGE('',*,*,#6240,.F.);
#8001=ORIENTED_EDGE('',*,*,#6250,.T.);
#8002=ORIENTED_EDGE('',*,*,#6247,.T.);
#8003=ORIENTED_EDGE('',*,*,#6239,.F.);
#8004=ORIENTED_EDGE('',*,*,#6251,.F.);
#8005=ORIENTED_EDGE('',*,*,#6252,.T.);
#8006=ORIENTED_EDGE('',*,*,#6253,.T.);
#8007=ORIENTED_EDGE('',*,*,#6242,.F.);
#8008=ORIENTED_EDGE('',*,*,#6234,.F.);
#8009=ORIENTED_EDGE('',*,*,#6241,.T.);
#8010=ORIENTED_EDGE('',*,*,#6249,.F.);
#8011=ORIENTED_EDGE('',*,*,#6254,.F.);
#8012=ORIENTED_EDGE('',*,*,#6255,.T.);
#8013=ORIENTED_EDGE('',*,*,#6256,.F.);
#8014=ORIENTED_EDGE('',*,*,#6257,.T.);
#8015=ORIENTED_EDGE('',*,*,#6243,.T.);
#8016=ORIENTED_EDGE('',*,*,#6253,.F.);
#8017=ORIENTED_EDGE('',*,*,#6258,.F.);
#8018=ORIENTED_EDGE('',*,*,#6255,.F.);
#8019=ORIENTED_EDGE('',*,*,#6259,.T.);
#8020=ORIENTED_EDGE('',*,*,#6260,.F.);
#8021=ORIENTED_EDGE('',*,*,#6261,.T.);
#8022=ORIENTED_EDGE('',*,*,#6262,.T.);
#8023=ORIENTED_EDGE('',*,*,#6263,.T.);
#8024=ORIENTED_EDGE('',*,*,#6251,.T.);
#8025=ORIENTED_EDGE('',*,*,#6238,.F.);
#8026=ORIENTED_EDGE('',*,*,#6236,.F.);
#8027=ORIENTED_EDGE('',*,*,#6244,.F.);
#8028=ORIENTED_EDGE('',*,*,#6257,.F.);
#8029=ORIENTED_EDGE('',*,*,#6264,.F.);
#8030=ORIENTED_EDGE('',*,*,#6260,.T.);
#8031=ORIENTED_EDGE('',*,*,#6265,.T.);
#8032=ORIENTED_EDGE('',*,*,#6262,.F.);
#8033=ORIENTED_EDGE('',*,*,#6265,.F.);
#8034=ORIENTED_EDGE('',*,*,#6259,.F.);
#8035=ORIENTED_EDGE('',*,*,#6254,.T.);
#8036=ORIENTED_EDGE('',*,*,#6248,.F.);
#8037=ORIENTED_EDGE('',*,*,#6250,.F.);
#8038=ORIENTED_EDGE('',*,*,#6263,.F.);
#8039=ORIENTED_EDGE('',*,*,#6246,.F.);
#8040=ORIENTED_EDGE('',*,*,#6264,.T.);
#8041=ORIENTED_EDGE('',*,*,#6261,.F.);
#8042=ORIENTED_EDGE('',*,*,#6256,.T.);
#8043=ORIENTED_EDGE('',*,*,#6252,.F.);
#8044=ORIENTED_EDGE('',*,*,#6258,.T.);
#8045=ORIENTED_EDGE('',*,*,#6266,.T.);
#8046=ORIENTED_EDGE('',*,*,#6267,.T.);
#8047=ORIENTED_EDGE('',*,*,#6267,.F.);
#8048=ORIENTED_EDGE('',*,*,#6268,.T.);
#8049=ORIENTED_EDGE('',*,*,#6269,.T.);
#8050=ORIENTED_EDGE('',*,*,#6270,.F.);
#8051=ORIENTED_EDGE('',*,*,#6271,.F.);
#8052=ORIENTED_EDGE('',*,*,#6272,.F.);
#8053=ORIENTED_EDGE('',*,*,#6270,.T.);
#8054=ORIENTED_EDGE('',*,*,#6273,.T.);
#8055=ORIENTED_EDGE('',*,*,#6274,.F.);
#8056=ORIENTED_EDGE('',*,*,#6273,.F.);
#8057=ORIENTED_EDGE('',*,*,#6269,.F.);
#8058=ORIENTED_EDGE('',*,*,#6275,.F.);
#8059=ORIENTED_EDGE('',*,*,#6276,.F.);
#8060=ORIENTED_EDGE('',*,*,#6277,.F.);
#8061=ORIENTED_EDGE('',*,*,#6278,.F.);
#8062=ORIENTED_EDGE('',*,*,#6266,.F.);
#8063=ORIENTED_EDGE('',*,*,#6272,.T.);
#8064=ORIENTED_EDGE('',*,*,#6279,.T.);
#8065=ORIENTED_EDGE('',*,*,#6280,.T.);
#8066=ORIENTED_EDGE('',*,*,#6281,.T.);
#8067=ORIENTED_EDGE('',*,*,#6271,.T.);
#8068=ORIENTED_EDGE('',*,*,#6282,.F.);
#8069=ORIENTED_EDGE('',*,*,#6283,.T.);
#8070=ORIENTED_EDGE('',*,*,#6283,.F.);
#8071=ORIENTED_EDGE('',*,*,#6284,.F.);
#8072=ORIENTED_EDGE('',*,*,#6285,.T.);
#8073=ORIENTED_EDGE('',*,*,#6277,.T.);
#8074=ORIENTED_EDGE('',*,*,#6286,.F.);
#8075=ORIENTED_EDGE('',*,*,#6287,.F.);
#8076=ORIENTED_EDGE('',*,*,#6288,.T.);
#8077=ORIENTED_EDGE('',*,*,#6289,.T.);
#8078=ORIENTED_EDGE('',*,*,#6290,.F.);
#8079=ORIENTED_EDGE('',*,*,#6291,.T.);
#8080=ORIENTED_EDGE('',*,*,#6292,.T.);
#8081=ORIENTED_EDGE('',*,*,#6293,.F.);
#8082=ORIENTED_EDGE('',*,*,#6289,.F.);
#8083=ORIENTED_EDGE('',*,*,#6293,.T.);
#8084=ORIENTED_EDGE('',*,*,#6294,.T.);
#8085=ORIENTED_EDGE('',*,*,#6284,.T.);
#8086=ORIENTED_EDGE('',*,*,#6295,.T.);
#8087=ORIENTED_EDGE('',*,*,#6296,.T.);
#8088=ORIENTED_EDGE('',*,*,#6290,.T.);
#8089=ORIENTED_EDGE('',*,*,#6282,.T.);
#8090=ORIENTED_EDGE('',*,*,#6295,.F.);
#8091=ORIENTED_EDGE('',*,*,#6286,.T.);
#8092=ORIENTED_EDGE('',*,*,#6276,.T.);
#8093=ORIENTED_EDGE('',*,*,#6297,.F.);
#8094=ORIENTED_EDGE('',*,*,#6298,.T.);
#8095=ORIENTED_EDGE('',*,*,#6299,.T.);
#8096=ORIENTED_EDGE('',*,*,#6280,.F.);
#8097=ORIENTED_EDGE('',*,*,#6300,.F.);
#8098=ORIENTED_EDGE('',*,*,#6301,.T.);
#8099=ORIENTED_EDGE('',*,*,#6287,.T.);
#8100=ORIENTED_EDGE('',*,*,#6296,.F.);
#8101=ORIENTED_EDGE('',*,*,#6297,.T.);
#8102=ORIENTED_EDGE('',*,*,#6275,.T.);
#8103=ORIENTED_EDGE('',*,*,#6268,.F.);
#8104=ORIENTED_EDGE('',*,*,#6281,.F.);
#8105=ORIENTED_EDGE('',*,*,#6299,.F.);
#8106=ORIENTED_EDGE('',*,*,#6285,.F.);
#8107=ORIENTED_EDGE('',*,*,#6294,.F.);
#8108=ORIENTED_EDGE('',*,*,#6292,.F.);
#8109=ORIENTED_EDGE('',*,*,#6302,.T.);
#8110=ORIENTED_EDGE('',*,*,#6300,.T.);
#8111=ORIENTED_EDGE('',*,*,#6279,.F.);
#8112=ORIENTED_EDGE('',*,*,#6274,.T.);
#8113=ORIENTED_EDGE('',*,*,#6278,.T.);
#8114=ORIENTED_EDGE('',*,*,#6291,.F.);
#8115=ORIENTED_EDGE('',*,*,#6288,.F.);
#8116=ORIENTED_EDGE('',*,*,#6301,.F.);
#8117=ORIENTED_EDGE('',*,*,#6298,.F.);
#8118=ORIENTED_EDGE('',*,*,#6302,.F.);
#8119=ORIENTED_EDGE('',*,*,#6303,.F.);
#8120=ORIENTED_EDGE('',*,*,#6304,.T.);
#8121=ORIENTED_EDGE('',*,*,#6305,.F.);
#8122=ORIENTED_EDGE('',*,*,#6306,.F.);
#8123=ORIENTED_EDGE('',*,*,#6307,.F.);
#8124=ORIENTED_EDGE('',*,*,#6308,.T.);
#8125=ORIENTED_EDGE('',*,*,#6309,.F.);
#8126=ORIENTED_EDGE('',*,*,#6304,.F.);
#8127=ORIENTED_EDGE('',*,*,#6310,.F.);
#8128=ORIENTED_EDGE('',*,*,#6306,.T.);
#8129=ORIENTED_EDGE('',*,*,#6311,.F.);
#8130=ORIENTED_EDGE('',*,*,#6312,.F.);
#8131=ORIENTED_EDGE('',*,*,#6313,.F.);
#8132=ORIENTED_EDGE('',*,*,#6312,.T.);
#8133=ORIENTED_EDGE('',*,*,#6314,.F.);
#8134=ORIENTED_EDGE('',*,*,#6308,.F.);
#8135=ORIENTED_EDGE('',*,*,#6314,.T.);
#8136=ORIENTED_EDGE('',*,*,#6311,.T.);
#8137=ORIENTED_EDGE('',*,*,#6305,.T.);
#8138=ORIENTED_EDGE('',*,*,#6309,.T.);
#8139=ORIENTED_EDGE('',*,*,#6315,.F.);
#8140=ORIENTED_EDGE('',*,*,#6316,.F.);
#8141=ORIENTED_EDGE('',*,*,#6317,.F.);
#8142=ORIENTED_EDGE('',*,*,#6318,.F.);
#8143=ORIENTED_EDGE('',*,*,#6319,.F.);
#8144=ORIENTED_EDGE('',*,*,#6320,.F.);
#8145=ORIENTED_EDGE('',*,*,#6321,.F.);
#8146=ORIENTED_EDGE('',*,*,#6322,.F.);
#8147=ORIENTED_EDGE('',*,*,#6323,.F.);
#8148=ORIENTED_EDGE('',*,*,#6324,.F.);
#8149=ORIENTED_EDGE('',*,*,#6325,.F.);
#8150=ORIENTED_EDGE('',*,*,#6326,.F.);
#8151=ORIENTED_EDGE('',*,*,#6325,.T.);
#8152=ORIENTED_EDGE('',*,*,#6327,.T.);
#8153=ORIENTED_EDGE('',*,*,#6315,.T.);
#8154=ORIENTED_EDGE('',*,*,#6328,.T.);
#8155=ORIENTED_EDGE('',*,*,#6329,.F.);
#8156=ORIENTED_EDGE('',*,*,#6330,.F.);
#8157=ORIENTED_EDGE('',*,*,#6331,.F.);
#8158=ORIENTED_EDGE('',*,*,#6319,.T.);
#8159=ORIENTED_EDGE('',*,*,#6332,.T.);
#8160=ORIENTED_EDGE('',*,*,#6330,.T.);
#8161=ORIENTED_EDGE('',*,*,#6333,.T.);
#8162=ORIENTED_EDGE('',*,*,#6331,.T.);
#8163=ORIENTED_EDGE('',*,*,#6334,.T.);
#8164=ORIENTED_EDGE('',*,*,#6322,.T.);
#8165=ORIENTED_EDGE('',*,*,#6335,.T.);
#8166=ORIENTED_EDGE('',*,*,#6336,.F.);
#8167=ORIENTED_EDGE('',*,*,#6337,.F.);
#8168=ORIENTED_EDGE('',*,*,#6338,.F.);
#8169=ORIENTED_EDGE('',*,*,#6337,.T.);
#8170=ORIENTED_EDGE('',*,*,#6339,.T.);
#8171=ORIENTED_EDGE('',*,*,#6320,.T.);
#8172=ORIENTED_EDGE('',*,*,#6340,.T.);
#8173=ORIENTED_EDGE('',*,*,#6341,.F.);
#8174=ORIENTED_EDGE('',*,*,#6342,.F.);
#8175=ORIENTED_EDGE('',*,*,#6343,.F.);
#8176=ORIENTED_EDGE('',*,*,#6342,.T.);
#8177=ORIENTED_EDGE('',*,*,#6344,.T.);
#8178=ORIENTED_EDGE('',*,*,#6321,.T.);
#8179=ORIENTED_EDGE('',*,*,#6345,.T.);
#8180=ORIENTED_EDGE('',*,*,#6324,.T.);
#8181=ORIENTED_EDGE('',*,*,#6346,.T.);
#8182=ORIENTED_EDGE('',*,*,#6343,.T.);
#8183=ORIENTED_EDGE('',*,*,#6347,.T.);
#8184=ORIENTED_EDGE('',*,*,#6348,.F.);
#8185=ORIENTED_EDGE('',*,*,#6349,.F.);
#8186=ORIENTED_EDGE('',*,*,#6350,.F.);
#8187=ORIENTED_EDGE('',*,*,#6349,.T.);
#8188=ORIENTED_EDGE('',*,*,#6351,.T.);
#8189=ORIENTED_EDGE('',*,*,#6329,.T.);
#8190=ORIENTED_EDGE('',*,*,#6352,.T.);
#8191=ORIENTED_EDGE('',*,*,#6341,.T.);
#8192=ORIENTED_EDGE('',*,*,#6353,.T.);
#8193=ORIENTED_EDGE('',*,*,#6350,.T.);
#8194=ORIENTED_EDGE('',*,*,#6354,.T.);
#8195=ORIENTED_EDGE('',*,*,#6348,.T.);
#8196=ORIENTED_EDGE('',*,*,#6355,.T.);
#8197=ORIENTED_EDGE('',*,*,#6338,.T.);
#8198=ORIENTED_EDGE('',*,*,#6356,.T.);
#8199=ORIENTED_EDGE('',*,*,#6336,.T.);
#8200=ORIENTED_EDGE('',*,*,#6357,.T.);
#8201=ORIENTED_EDGE('',*,*,#6326,.T.);
#8202=ORIENTED_EDGE('',*,*,#6358,.T.);
#8203=ORIENTED_EDGE('',*,*,#6323,.T.);
#8204=ORIENTED_EDGE('',*,*,#6359,.T.);
#8205=ORIENTED_EDGE('',*,*,#6316,.T.);
#8206=ORIENTED_EDGE('',*,*,#6360,.T.);
#8207=ORIENTED_EDGE('',*,*,#6317,.T.);
#8208=ORIENTED_EDGE('',*,*,#6361,.T.);
#8209=ORIENTED_EDGE('',*,*,#6318,.T.);
#8210=ORIENTED_EDGE('',*,*,#6362,.T.);
#8211=ORIENTED_EDGE('',*,*,#6333,.F.);
#8212=ORIENTED_EDGE('',*,*,#6351,.F.);
#8213=ORIENTED_EDGE('',*,*,#6356,.F.);
#8214=ORIENTED_EDGE('',*,*,#6340,.F.);
#8215=ORIENTED_EDGE('',*,*,#6332,.F.);
#8216=ORIENTED_EDGE('',*,*,#6361,.F.);
#8217=ORIENTED_EDGE('',*,*,#6359,.F.);
#8218=ORIENTED_EDGE('',*,*,#6334,.F.);
#8219=ORIENTED_EDGE('',*,*,#6335,.F.);
#8220=ORIENTED_EDGE('',*,*,#6344,.F.);
#8221=ORIENTED_EDGE('',*,*,#6354,.F.);
#8222=ORIENTED_EDGE('',*,*,#6352,.F.);
#8223=ORIENTED_EDGE('',*,*,#6339,.F.);
#8224=ORIENTED_EDGE('',*,*,#6358,.F.);
#8225=ORIENTED_EDGE('',*,*,#6328,.F.);
#8226=ORIENTED_EDGE('',*,*,#6362,.F.);
#8227=ORIENTED_EDGE('',*,*,#6345,.F.);
#8228=ORIENTED_EDGE('',*,*,#6360,.F.);
#8229=ORIENTED_EDGE('',*,*,#6327,.F.);
#8230=ORIENTED_EDGE('',*,*,#6347,.F.);
#8231=ORIENTED_EDGE('',*,*,#6346,.F.);
#8232=ORIENTED_EDGE('',*,*,#6357,.F.);
#8233=ORIENTED_EDGE('',*,*,#6355,.F.);
#8234=ORIENTED_EDGE('',*,*,#6353,.F.);
#8235=ORIENTED_EDGE('',*,*,#6307,.T.);
#8236=ORIENTED_EDGE('',*,*,#6303,.T.);
#8237=ORIENTED_EDGE('',*,*,#6310,.T.);
#8238=ORIENTED_EDGE('',*,*,#6313,.T.);
#8239=ORIENTED_EDGE('',*,*,#6363,.F.);
#8240=ORIENTED_EDGE('',*,*,#6364,.F.);
#8241=ORIENTED_EDGE('',*,*,#6365,.F.);
#8242=ORIENTED_EDGE('',*,*,#6366,.T.);
#8243=ORIENTED_EDGE('',*,*,#6364,.T.);
#8244=ORIENTED_EDGE('',*,*,#6367,.T.);
#8245=ORIENTED_EDGE('',*,*,#6368,.T.);
#8246=ORIENTED_EDGE('',*,*,#6369,.T.);
#8247=ORIENTED_EDGE('',*,*,#6370,.F.);
#8248=ORIENTED_EDGE('',*,*,#6371,.F.);
#8249=ORIENTED_EDGE('',*,*,#6372,.F.);
#8250=ORIENTED_EDGE('',*,*,#6373,.F.);
#8251=ORIENTED_EDGE('',*,*,#6374,.F.);
#8252=ORIENTED_EDGE('',*,*,#6375,.F.);
#8253=ORIENTED_EDGE('',*,*,#6374,.T.);
#8254=ORIENTED_EDGE('',*,*,#6376,.T.);
#8255=ORIENTED_EDGE('',*,*,#6365,.T.);
#8256=ORIENTED_EDGE('',*,*,#6377,.T.);
#8257=ORIENTED_EDGE('',*,*,#6378,.T.);
#8258=ORIENTED_EDGE('',*,*,#6371,.T.);
#8259=ORIENTED_EDGE('',*,*,#6379,.T.);
#8260=ORIENTED_EDGE('',*,*,#6380,.T.);
#8261=ORIENTED_EDGE('',*,*,#6381,.T.);
#8262=ORIENTED_EDGE('',*,*,#6382,.F.);
#8263=ORIENTED_EDGE('',*,*,#6383,.F.);
#8264=ORIENTED_EDGE('',*,*,#6384,.F.);
#8265=ORIENTED_EDGE('',*,*,#6385,.T.);
#8266=ORIENTED_EDGE('',*,*,#6383,.T.);
#8267=ORIENTED_EDGE('',*,*,#6386,.T.);
#8268=ORIENTED_EDGE('',*,*,#6369,.F.);
#8269=ORIENTED_EDGE('',*,*,#6387,.F.);
#8270=ORIENTED_EDGE('',*,*,#6388,.F.);
#8271=ORIENTED_EDGE('',*,*,#6389,.F.);
#8272=ORIENTED_EDGE('',*,*,#6388,.T.);
#8273=ORIENTED_EDGE('',*,*,#6390,.T.);
#8274=ORIENTED_EDGE('',*,*,#6370,.T.);
#8275=ORIENTED_EDGE('',*,*,#6391,.T.);
#8276=ORIENTED_EDGE('',*,*,#6373,.T.);
#8277=ORIENTED_EDGE('',*,*,#6392,.T.);
#8278=ORIENTED_EDGE('',*,*,#6389,.T.);
#8279=ORIENTED_EDGE('',*,*,#6393,.T.);
#8280=ORIENTED_EDGE('',*,*,#6394,.F.);
#8281=ORIENTED_EDGE('',*,*,#6395,.F.);
#8282=ORIENTED_EDGE('',*,*,#6396,.F.);
#8283=ORIENTED_EDGE('',*,*,#6397,.T.);
#8284=ORIENTED_EDGE('',*,*,#6395,.T.);
#8285=ORIENTED_EDGE('',*,*,#6398,.T.);
#8286=ORIENTED_EDGE('',*,*,#6380,.F.);
#8287=ORIENTED_EDGE('',*,*,#6387,.T.);
#8288=ORIENTED_EDGE('',*,*,#6399,.T.);
#8289=ORIENTED_EDGE('',*,*,#6396,.T.);
#8290=ORIENTED_EDGE('',*,*,#6400,.T.);
#8291=ORIENTED_EDGE('',*,*,#6394,.T.);
#8292=ORIENTED_EDGE('',*,*,#6401,.T.);
#8293=ORIENTED_EDGE('',*,*,#6384,.T.);
#8294=ORIENTED_EDGE('',*,*,#6402,.T.);
#8295=ORIENTED_EDGE('',*,*,#6382,.T.);
#8296=ORIENTED_EDGE('',*,*,#6403,.T.);
#8297=ORIENTED_EDGE('',*,*,#6375,.T.);
#8298=ORIENTED_EDGE('',*,*,#6404,.T.);
#8299=ORIENTED_EDGE('',*,*,#6363,.T.);
#8300=ORIENTED_EDGE('',*,*,#6405,.T.);
#8301=ORIENTED_EDGE('',*,*,#6372,.T.);
#8302=ORIENTED_EDGE('',*,*,#6406,.T.);
#8303=ORIENTED_EDGE('',*,*,#6367,.F.);
#8304=ORIENTED_EDGE('',*,*,#6406,.F.);
#8305=ORIENTED_EDGE('',*,*,#6378,.F.);
#8306=ORIENTED_EDGE('',*,*,#6407,.T.);
#8307=ORIENTED_EDGE('',*,*,#6366,.F.);
#8308=ORIENTED_EDGE('',*,*,#6386,.F.);
#8309=ORIENTED_EDGE('',*,*,#6404,.F.);
#8310=ORIENTED_EDGE('',*,*,#6377,.F.);
#8311=ORIENTED_EDGE('',*,*,#6379,.F.);
#8312=ORIENTED_EDGE('',*,*,#6390,.F.);
#8313=ORIENTED_EDGE('',*,*,#6400,.F.);
#8314=ORIENTED_EDGE('',*,*,#6397,.F.);
#8315=ORIENTED_EDGE('',*,*,#6391,.F.);
#8316=ORIENTED_EDGE('',*,*,#6405,.F.);
#8317=ORIENTED_EDGE('',*,*,#6376,.F.);
#8318=ORIENTED_EDGE('',*,*,#6393,.F.);
#8319=ORIENTED_EDGE('',*,*,#6392,.F.);
#8320=ORIENTED_EDGE('',*,*,#6403,.F.);
#8321=ORIENTED_EDGE('',*,*,#6401,.F.);
#8322=ORIENTED_EDGE('',*,*,#6399,.F.);
#8323=ORIENTED_EDGE('',*,*,#6368,.F.);
#8324=ORIENTED_EDGE('',*,*,#6407,.F.);
#8325=ORIENTED_EDGE('',*,*,#6381,.F.);
#8326=ORIENTED_EDGE('',*,*,#6398,.F.);
#8327=ORIENTED_EDGE('',*,*,#6402,.F.);
#8328=ORIENTED_EDGE('',*,*,#6385,.F.);
#8329=ORIENTED_EDGE('',*,*,#6408,.T.);
#8330=ORIENTED_EDGE('',*,*,#6409,.T.);
#8331=ORIENTED_EDGE('',*,*,#6408,.F.);
#8332=ORIENTED_EDGE('',*,*,#6410,.F.);
#8333=ORIENTED_EDGE('',*,*,#6411,.F.);
#8334=ORIENTED_EDGE('',*,*,#6412,.F.);
#8335=ORIENTED_EDGE('',*,*,#6413,.F.);
#8336=ORIENTED_EDGE('',*,*,#6414,.F.);
#8337=ORIENTED_EDGE('',*,*,#6409,.F.);
#8338=ORIENTED_EDGE('',*,*,#6415,.T.);
#8339=ORIENTED_EDGE('',*,*,#6416,.F.);
#8340=ORIENTED_EDGE('',*,*,#6415,.F.);
#8341=ORIENTED_EDGE('',*,*,#6417,.F.);
#8342=ORIENTED_EDGE('',*,*,#6418,.F.);
#8343=ORIENTED_EDGE('',*,*,#6419,.T.);
#8344=ORIENTED_EDGE('',*,*,#6412,.T.);
#8345=ORIENTED_EDGE('',*,*,#6420,.F.);
#8346=ORIENTED_EDGE('',*,*,#6421,.F.);
#8347=ORIENTED_EDGE('',*,*,#6417,.T.);
#8348=ORIENTED_EDGE('',*,*,#6411,.T.);
#8349=ORIENTED_EDGE('',*,*,#6420,.T.);
#8350=ORIENTED_EDGE('',*,*,#6410,.T.);
#8351=ORIENTED_EDGE('',*,*,#6422,.T.);
#8352=ORIENTED_EDGE('',*,*,#6423,.F.);
#8353=ORIENTED_EDGE('',*,*,#6419,.F.);
#8354=ORIENTED_EDGE('',*,*,#6424,.F.);
#8355=ORIENTED_EDGE('',*,*,#6425,.T.);
#8356=ORIENTED_EDGE('',*,*,#6413,.T.);
#8357=ORIENTED_EDGE('',*,*,#6425,.F.);
#8358=ORIENTED_EDGE('',*,*,#6426,.F.);
#8359=ORIENTED_EDGE('',*,*,#6422,.F.);
#8360=ORIENTED_EDGE('',*,*,#6414,.T.);
#8361=ORIENTED_EDGE('',*,*,#6423,.T.);
#8362=ORIENTED_EDGE('',*,*,#6426,.T.);
#8363=ORIENTED_EDGE('',*,*,#6424,.T.);
#8364=ORIENTED_EDGE('',*,*,#6418,.T.);
#8365=ORIENTED_EDGE('',*,*,#6421,.T.);
#8366=ORIENTED_EDGE('',*,*,#6416,.T.);
#8367=ORIENTED_EDGE('',*,*,#6427,.F.);
#8368=ORIENTED_EDGE('',*,*,#6428,.T.);
#8369=ORIENTED_EDGE('',*,*,#6428,.F.);
#8370=ORIENTED_EDGE('',*,*,#6429,.T.);
#8371=ORIENTED_EDGE('',*,*,#6430,.T.);
#8372=ORIENTED_EDGE('',*,*,#6431,.T.);
#8373=ORIENTED_EDGE('',*,*,#6432,.T.);
#8374=ORIENTED_EDGE('',*,*,#6433,.T.);
#8375=ORIENTED_EDGE('',*,*,#6434,.T.);
#8376=ORIENTED_EDGE('',*,*,#6427,.T.);
#8377=ORIENTED_EDGE('',*,*,#6429,.F.);
#8378=ORIENTED_EDGE('',*,*,#6435,.T.);
#8379=ORIENTED_EDGE('',*,*,#6436,.T.);
#8380=ORIENTED_EDGE('',*,*,#6437,.F.);
#8381=ORIENTED_EDGE('',*,*,#6430,.F.);
#8382=ORIENTED_EDGE('',*,*,#6437,.T.);
#8383=ORIENTED_EDGE('',*,*,#6438,.T.);
#8384=ORIENTED_EDGE('',*,*,#6439,.F.);
#8385=ORIENTED_EDGE('',*,*,#6438,.F.);
#8386=ORIENTED_EDGE('',*,*,#6436,.F.);
#8387=ORIENTED_EDGE('',*,*,#6440,.F.);
#8388=ORIENTED_EDGE('',*,*,#6441,.F.);
#8389=ORIENTED_EDGE('',*,*,#6442,.F.);
#8390=ORIENTED_EDGE('',*,*,#6443,.T.);
#8391=ORIENTED_EDGE('',*,*,#6444,.T.);
#8392=ORIENTED_EDGE('',*,*,#6445,.T.);
#8393=ORIENTED_EDGE('',*,*,#6432,.F.);
#8394=ORIENTED_EDGE('',*,*,#6446,.T.);
#8395=ORIENTED_EDGE('',*,*,#6447,.T.);
#8396=ORIENTED_EDGE('',*,*,#6447,.F.);
#8397=ORIENTED_EDGE('',*,*,#6445,.F.);
#8398=ORIENTED_EDGE('',*,*,#6448,.T.);
#8399=ORIENTED_EDGE('',*,*,#6449,.T.);
#8400=ORIENTED_EDGE('',*,*,#6433,.F.);
#8401=ORIENTED_EDGE('',*,*,#6450,.F.);
#8402=ORIENTED_EDGE('',*,*,#6451,.F.);
#8403=ORIENTED_EDGE('',*,*,#6448,.F.);
#8404=ORIENTED_EDGE('',*,*,#6444,.F.);
#8405=ORIENTED_EDGE('',*,*,#6452,.F.);
#8406=ORIENTED_EDGE('',*,*,#6453,.F.);
#8407=ORIENTED_EDGE('',*,*,#6446,.F.);
#8408=ORIENTED_EDGE('',*,*,#6449,.F.);
#8409=ORIENTED_EDGE('',*,*,#6451,.T.);
#8410=ORIENTED_EDGE('',*,*,#6454,.T.);
#8411=ORIENTED_EDGE('',*,*,#6455,.F.);
#8412=ORIENTED_EDGE('',*,*,#6456,.T.);
#8413=ORIENTED_EDGE('',*,*,#6440,.T.);
#8414=ORIENTED_EDGE('',*,*,#6435,.F.);
#8415=ORIENTED_EDGE('',*,*,#6434,.F.);
#8416=ORIENTED_EDGE('',*,*,#6450,.T.);
#8417=ORIENTED_EDGE('',*,*,#6457,.T.);
#8418=ORIENTED_EDGE('',*,*,#6458,.F.);
#8419=ORIENTED_EDGE('',*,*,#6454,.F.);
#8420=ORIENTED_EDGE('',*,*,#6456,.F.);
#8421=ORIENTED_EDGE('',*,*,#6459,.F.);
#8422=ORIENTED_EDGE('',*,*,#6460,.T.);
#8423=ORIENTED_EDGE('',*,*,#6441,.T.);
#8424=ORIENTED_EDGE('',*,*,#6460,.F.);
#8425=ORIENTED_EDGE('',*,*,#6461,.F.);
#8426=ORIENTED_EDGE('',*,*,#6462,.F.);
#8427=ORIENTED_EDGE('',*,*,#6452,.T.);
#8428=ORIENTED_EDGE('',*,*,#6443,.F.);
#8429=ORIENTED_EDGE('',*,*,#6431,.F.);
#8430=ORIENTED_EDGE('',*,*,#6439,.T.);
#8431=ORIENTED_EDGE('',*,*,#6442,.T.);
#8432=ORIENTED_EDGE('',*,*,#6453,.T.);
#8433=ORIENTED_EDGE('',*,*,#6462,.T.);
#8434=ORIENTED_EDGE('',*,*,#6463,.F.);
#8435=ORIENTED_EDGE('',*,*,#6457,.F.);
#8436=ORIENTED_EDGE('',*,*,#6463,.T.);
#8437=ORIENTED_EDGE('',*,*,#6461,.T.);
#8438=ORIENTED_EDGE('',*,*,#6459,.T.);
#8439=ORIENTED_EDGE('',*,*,#6455,.T.);
#8440=ORIENTED_EDGE('',*,*,#6458,.T.);
#8441=ORIENTED_EDGE('',*,*,#6464,.T.);
#8442=ORIENTED_EDGE('',*,*,#6465,.T.);
#8443=ORIENTED_EDGE('',*,*,#6464,.F.);
#8444=ORIENTED_EDGE('',*,*,#6466,.F.);
#8445=ORIENTED_EDGE('',*,*,#6467,.F.);
#8446=ORIENTED_EDGE('',*,*,#6468,.T.);
#8447=ORIENTED_EDGE('',*,*,#6469,.F.);
#8448=ORIENTED_EDGE('',*,*,#6470,.F.);
#8449=ORIENTED_EDGE('',*,*,#6469,.T.);
#8450=ORIENTED_EDGE('',*,*,#6471,.T.);
#8451=ORIENTED_EDGE('',*,*,#6472,.F.);
#8452=ORIENTED_EDGE('',*,*,#6471,.F.);
#8453=ORIENTED_EDGE('',*,*,#6468,.F.);
#8454=ORIENTED_EDGE('',*,*,#6473,.T.);
#8455=ORIENTED_EDGE('',*,*,#6474,.F.);
#8456=ORIENTED_EDGE('',*,*,#6475,.F.);
#8457=ORIENTED_EDGE('',*,*,#6476,.F.);
#8458=ORIENTED_EDGE('',*,*,#6465,.F.);
#8459=ORIENTED_EDGE('',*,*,#6470,.T.);
#8460=ORIENTED_EDGE('',*,*,#6477,.F.);
#8461=ORIENTED_EDGE('',*,*,#6478,.T.);
#8462=ORIENTED_EDGE('',*,*,#6479,.F.);
#8463=ORIENTED_EDGE('',*,*,#6466,.T.);
#8464=ORIENTED_EDGE('',*,*,#6480,.T.);
#8465=ORIENTED_EDGE('',*,*,#6481,.F.);
#8466=ORIENTED_EDGE('',*,*,#6480,.F.);
#8467=ORIENTED_EDGE('',*,*,#6482,.T.);
#8468=ORIENTED_EDGE('',*,*,#6474,.T.);
#8469=ORIENTED_EDGE('',*,*,#6483,.F.);
#8470=ORIENTED_EDGE('',*,*,#6484,.F.);
#8471=ORIENTED_EDGE('',*,*,#6485,.F.);
#8472=ORIENTED_EDGE('',*,*,#6486,.T.);
#8473=ORIENTED_EDGE('',*,*,#6475,.T.);
#8474=ORIENTED_EDGE('',*,*,#6482,.F.);
#8475=ORIENTED_EDGE('',*,*,#6487,.F.);
#8476=ORIENTED_EDGE('',*,*,#6488,.F.);
#8477=ORIENTED_EDGE('',*,*,#6489,.T.);
#8478=ORIENTED_EDGE('',*,*,#6483,.T.);
#8479=ORIENTED_EDGE('',*,*,#6473,.F.);
#8480=ORIENTED_EDGE('',*,*,#6467,.T.);
#8481=ORIENTED_EDGE('',*,*,#6479,.T.);
#8482=ORIENTED_EDGE('',*,*,#6490,.F.);
#8483=ORIENTED_EDGE('',*,*,#6491,.T.);
#8484=ORIENTED_EDGE('',*,*,#6490,.T.);
#8485=ORIENTED_EDGE('',*,*,#6478,.F.);
#8486=ORIENTED_EDGE('',*,*,#6492,.F.);
#8487=ORIENTED_EDGE('',*,*,#6493,.T.);
#8488=ORIENTED_EDGE('',*,*,#6494,.T.);
#8489=ORIENTED_EDGE('',*,*,#6495,.F.);
#8490=ORIENTED_EDGE('',*,*,#6488,.T.);
#8491=ORIENTED_EDGE('',*,*,#6496,.F.);
#8492=ORIENTED_EDGE('',*,*,#6492,.T.);
#8493=ORIENTED_EDGE('',*,*,#6477,.T.);
#8494=ORIENTED_EDGE('',*,*,#6472,.T.);
#8495=ORIENTED_EDGE('',*,*,#6476,.T.);
#8496=ORIENTED_EDGE('',*,*,#6486,.F.);
#8497=ORIENTED_EDGE('',*,*,#6497,.F.);
#8498=ORIENTED_EDGE('',*,*,#6498,.F.);
#8499=ORIENTED_EDGE('',*,*,#6499,.T.);
#8500=ORIENTED_EDGE('',*,*,#6498,.T.);
#8501=ORIENTED_EDGE('',*,*,#6500,.F.);
#8502=ORIENTED_EDGE('',*,*,#6494,.F.);
#8503=ORIENTED_EDGE('',*,*,#6500,.T.);
#8504=ORIENTED_EDGE('',*,*,#6497,.T.);
#8505=ORIENTED_EDGE('',*,*,#6485,.T.);
#8506=ORIENTED_EDGE('',*,*,#6484,.T.);
#8507=ORIENTED_EDGE('',*,*,#6489,.F.);
#8508=ORIENTED_EDGE('',*,*,#6495,.T.);
#8509=ORIENTED_EDGE('',*,*,#6481,.T.);
#8510=ORIENTED_EDGE('',*,*,#6499,.F.);
#8511=ORIENTED_EDGE('',*,*,#6493,.F.);
#8512=ORIENTED_EDGE('',*,*,#6487,.T.);
#8513=ORIENTED_EDGE('',*,*,#6491,.F.);
#8514=ORIENTED_EDGE('',*,*,#6496,.T.);
#8515=ORIENTED_EDGE('',*,*,#6501,.F.);
#8516=ORIENTED_EDGE('',*,*,#6502,.T.);
#8517=ORIENTED_EDGE('',*,*,#6502,.F.);
#8518=ORIENTED_EDGE('',*,*,#6503,.F.);
#8519=ORIENTED_EDGE('',*,*,#6504,.T.);
#8520=ORIENTED_EDGE('',*,*,#6505,.T.);
#8521=ORIENTED_EDGE('',*,*,#6506,.F.);
#8522=ORIENTED_EDGE('',*,*,#6507,.T.);
#8523=ORIENTED_EDGE('',*,*,#6508,.T.);
#8524=ORIENTED_EDGE('',*,*,#6509,.F.);
#8525=ORIENTED_EDGE('',*,*,#6505,.F.);
#8526=ORIENTED_EDGE('',*,*,#6509,.T.);
#8527=ORIENTED_EDGE('',*,*,#6510,.T.);
#8528=ORIENTED_EDGE('',*,*,#6511,.T.);
#8529=ORIENTED_EDGE('',*,*,#6512,.T.);
#8530=ORIENTED_EDGE('',*,*,#6513,.T.);
#8531=ORIENTED_EDGE('',*,*,#6506,.T.);
#8532=ORIENTED_EDGE('',*,*,#6501,.T.);
#8533=ORIENTED_EDGE('',*,*,#6507,.F.);
#8534=ORIENTED_EDGE('',*,*,#6504,.F.);
#8535=ORIENTED_EDGE('',*,*,#6514,.F.);
#8536=ORIENTED_EDGE('',*,*,#6515,.F.);
#8537=ORIENTED_EDGE('',*,*,#6516,.F.);
#8538=ORIENTED_EDGE('',*,*,#6517,.T.);
#8539=ORIENTED_EDGE('',*,*,#6518,.T.);
#8540=ORIENTED_EDGE('',*,*,#6518,.F.);
#8541=ORIENTED_EDGE('',*,*,#6519,.T.);
#8542=ORIENTED_EDGE('',*,*,#6520,.T.);
#8543=ORIENTED_EDGE('',*,*,#6511,.F.);
#8544=ORIENTED_EDGE('',*,*,#6521,.F.);
#8545=ORIENTED_EDGE('',*,*,#6522,.T.);
#8546=ORIENTED_EDGE('',*,*,#6523,.T.);
#8547=ORIENTED_EDGE('',*,*,#6524,.F.);
#8548=ORIENTED_EDGE('',*,*,#6525,.F.);
#8549=ORIENTED_EDGE('',*,*,#6526,.F.);
#8550=ORIENTED_EDGE('',*,*,#6524,.T.);
#8551=ORIENTED_EDGE('',*,*,#6527,.T.);
#8552=ORIENTED_EDGE('',*,*,#6528,.F.);
#8553=ORIENTED_EDGE('',*,*,#6527,.F.);
#8554=ORIENTED_EDGE('',*,*,#6523,.F.);
#8555=ORIENTED_EDGE('',*,*,#6529,.F.);
#8556=ORIENTED_EDGE('',*,*,#6530,.F.);
#8557=ORIENTED_EDGE('',*,*,#6519,.F.);
#8558=ORIENTED_EDGE('',*,*,#6531,.F.);
#8559=ORIENTED_EDGE('',*,*,#6517,.F.);
#8560=ORIENTED_EDGE('',*,*,#6530,.T.);
#8561=ORIENTED_EDGE('',*,*,#6532,.T.);
#8562=ORIENTED_EDGE('',*,*,#6512,.F.);
#8563=ORIENTED_EDGE('',*,*,#6520,.F.);
#8564=ORIENTED_EDGE('',*,*,#6533,.F.);
#8565=ORIENTED_EDGE('',*,*,#6534,.T.);
#8566=ORIENTED_EDGE('',*,*,#6515,.T.);
#8567=ORIENTED_EDGE('',*,*,#6535,.F.);
#8568=ORIENTED_EDGE('',*,*,#6536,.F.);
#8569=ORIENTED_EDGE('',*,*,#6535,.T.);
#8570=ORIENTED_EDGE('',*,*,#6514,.T.);
#8571=ORIENTED_EDGE('',*,*,#6503,.T.);
#8572=ORIENTED_EDGE('',*,*,#6513,.F.);
#8573=ORIENTED_EDGE('',*,*,#6532,.F.);
#8574=ORIENTED_EDGE('',*,*,#6529,.T.);
#8575=ORIENTED_EDGE('',*,*,#6522,.F.);
#8576=ORIENTED_EDGE('',*,*,#6521,.T.);
#8577=ORIENTED_EDGE('',*,*,#6510,.F.);
#8578=ORIENTED_EDGE('',*,*,#6508,.F.);
#8579=ORIENTED_EDGE('',*,*,#6516,.T.);
#8580=ORIENTED_EDGE('',*,*,#6534,.F.);
#8581=ORIENTED_EDGE('',*,*,#6537,.F.);
#8582=ORIENTED_EDGE('',*,*,#6528,.T.);
#8583=ORIENTED_EDGE('',*,*,#6531,.T.);
#8584=ORIENTED_EDGE('',*,*,#6526,.T.);
#8585=ORIENTED_EDGE('',*,*,#6537,.T.);
#8586=ORIENTED_EDGE('',*,*,#6533,.T.);
#8587=ORIENTED_EDGE('',*,*,#6536,.T.);
#8588=ORIENTED_EDGE('',*,*,#6525,.T.);
#8589=ORIENTED_EDGE('',*,*,#6538,.T.);
#8590=ORIENTED_EDGE('',*,*,#6539,.T.);
#8591=ORIENTED_EDGE('',*,*,#6539,.F.);
#8592=ORIENTED_EDGE('',*,*,#6540,.F.);
#8593=ORIENTED_EDGE('',*,*,#6541,.F.);
#8594=ORIENTED_EDGE('',*,*,#6542,.F.);
#8595=ORIENTED_EDGE('',*,*,#6543,.F.);
#8596=ORIENTED_EDGE('',*,*,#6544,.F.);
#8597=ORIENTED_EDGE('',*,*,#6545,.F.);
#8598=ORIENTED_EDGE('',*,*,#6538,.F.);
#8599=ORIENTED_EDGE('',*,*,#6540,.T.);
#8600=ORIENTED_EDGE('',*,*,#6546,.T.);
#8601=ORIENTED_EDGE('',*,*,#6547,.F.);
#8602=ORIENTED_EDGE('',*,*,#6548,.F.);
#8603=ORIENTED_EDGE('',*,*,#6545,.T.);
#8604=ORIENTED_EDGE('',*,*,#6549,.T.);
#8605=ORIENTED_EDGE('',*,*,#6550,.F.);
#8606=ORIENTED_EDGE('',*,*,#6546,.F.);
#8607=ORIENTED_EDGE('',*,*,#6550,.T.);
#8608=ORIENTED_EDGE('',*,*,#6551,.T.);
#8609=ORIENTED_EDGE('',*,*,#6552,.T.);
#8610=ORIENTED_EDGE('',*,*,#6553,.T.);
#8611=ORIENTED_EDGE('',*,*,#6547,.T.);
#8612=ORIENTED_EDGE('',*,*,#6554,.F.);
#8613=ORIENTED_EDGE('',*,*,#6543,.T.);
#8614=ORIENTED_EDGE('',*,*,#6555,.F.);
#8615=ORIENTED_EDGE('',*,*,#6556,.F.);
#8616=ORIENTED_EDGE('',*,*,#6557,.F.);
#8617=ORIENTED_EDGE('',*,*,#6558,.T.);
#8618=ORIENTED_EDGE('',*,*,#6558,.F.);
#8619=ORIENTED_EDGE('',*,*,#6555,.T.);
#8620=ORIENTED_EDGE('',*,*,#6542,.T.);
#8621=ORIENTED_EDGE('',*,*,#6559,.F.);
#8622=ORIENTED_EDGE('',*,*,#6560,.F.);
#8623=ORIENTED_EDGE('',*,*,#6561,.T.);
#8624=ORIENTED_EDGE('',*,*,#6562,.T.);
#8625=ORIENTED_EDGE('',*,*,#6563,.T.);
#8626=ORIENTED_EDGE('',*,*,#6556,.T.);
#8627=ORIENTED_EDGE('',*,*,#6560,.T.);
#8628=ORIENTED_EDGE('',*,*,#6564,.T.);
#8629=ORIENTED_EDGE('',*,*,#6557,.T.);
#8630=ORIENTED_EDGE('',*,*,#6559,.T.);
#8631=ORIENTED_EDGE('',*,*,#6541,.T.);
#8632=ORIENTED_EDGE('',*,*,#6548,.T.);
#8633=ORIENTED_EDGE('',*,*,#6553,.F.);
#8634=ORIENTED_EDGE('',*,*,#6565,.F.);
#8635=ORIENTED_EDGE('',*,*,#6566,.T.);
#8636=ORIENTED_EDGE('',*,*,#6567,.F.);
#8637=ORIENTED_EDGE('',*,*,#6564,.F.);
#8638=ORIENTED_EDGE('',*,*,#6561,.F.);
#8639=ORIENTED_EDGE('',*,*,#6567,.T.);
#8640=ORIENTED_EDGE('',*,*,#6568,.T.);
#8641=ORIENTED_EDGE('',*,*,#6569,.F.);
#8642=ORIENTED_EDGE('',*,*,#6565,.T.);
#8643=ORIENTED_EDGE('',*,*,#6552,.F.);
#8644=ORIENTED_EDGE('',*,*,#6570,.F.);
#8645=ORIENTED_EDGE('',*,*,#6571,.T.);
#8646=ORIENTED_EDGE('',*,*,#6570,.T.);
#8647=ORIENTED_EDGE('',*,*,#6551,.F.);
#8648=ORIENTED_EDGE('',*,*,#6549,.F.);
#8649=ORIENTED_EDGE('',*,*,#6544,.T.);
#8650=ORIENTED_EDGE('',*,*,#6554,.T.);
#8651=ORIENTED_EDGE('',*,*,#6563,.F.);
#8652=ORIENTED_EDGE('',*,*,#6572,.T.);
#8653=ORIENTED_EDGE('',*,*,#6573,.T.);
#8654=ORIENTED_EDGE('',*,*,#6562,.F.);
#8655=ORIENTED_EDGE('',*,*,#6569,.T.);
#8656=ORIENTED_EDGE('',*,*,#6574,.T.);
#8657=ORIENTED_EDGE('',*,*,#6572,.F.);
#8658=ORIENTED_EDGE('',*,*,#6574,.F.);
#8659=ORIENTED_EDGE('',*,*,#6568,.F.);
#8660=ORIENTED_EDGE('',*,*,#6566,.F.);
#8661=ORIENTED_EDGE('',*,*,#6571,.F.);
#8662=ORIENTED_EDGE('',*,*,#6573,.F.);
#8663=ORIENTED_EDGE('',*,*,#6575,.T.);
#8664=ORIENTED_EDGE('',*,*,#6576,.T.);
#8665=ORIENTED_EDGE('',*,*,#6577,.T.);
#8666=ORIENTED_EDGE('',*,*,#6578,.F.);
#8667=ORIENTED_EDGE('',*,*,#6579,.F.);
#8668=ORIENTED_EDGE('',*,*,#6580,.F.);
#8669=ORIENTED_EDGE('',*,*,#6581,.F.);
#8670=ORIENTED_EDGE('',*,*,#6577,.F.);
#8671=ORIENTED_EDGE('',*,*,#6582,.T.);
#8672=ORIENTED_EDGE('',*,*,#6583,.T.);
#8673=ORIENTED_EDGE('',*,*,#6584,.T.);
#8674=ORIENTED_EDGE('',*,*,#6585,.T.);
#8675=ORIENTED_EDGE('',*,*,#6586,.T.);
#8676=ORIENTED_EDGE('',*,*,#6587,.T.);
#8677=ORIENTED_EDGE('',*,*,#6587,.F.);
#8678=ORIENTED_EDGE('',*,*,#6588,.F.);
#8679=ORIENTED_EDGE('',*,*,#6576,.F.);
#8680=ORIENTED_EDGE('',*,*,#6589,.F.);
#8681=ORIENTED_EDGE('',*,*,#6590,.F.);
#8682=ORIENTED_EDGE('',*,*,#6591,.F.);
#8683=ORIENTED_EDGE('',*,*,#6592,.F.);
#8684=ORIENTED_EDGE('',*,*,#6593,.F.);
#8685=ORIENTED_EDGE('',*,*,#6584,.F.);
#8686=ORIENTED_EDGE('',*,*,#6594,.T.);
#8687=ORIENTED_EDGE('',*,*,#6595,.T.);
#8688=ORIENTED_EDGE('',*,*,#6596,.T.);
#8689=ORIENTED_EDGE('',*,*,#6597,.F.);
#8690=ORIENTED_EDGE('',*,*,#6579,.T.);
#8691=ORIENTED_EDGE('',*,*,#6598,.F.);
#8692=ORIENTED_EDGE('',*,*,#6596,.F.);
#8693=ORIENTED_EDGE('',*,*,#6599,.T.);
#8694=ORIENTED_EDGE('',*,*,#6600,.T.);
#8695=ORIENTED_EDGE('',*,*,#6601,.T.);
#8696=ORIENTED_EDGE('',*,*,#6601,.F.);
#8697=ORIENTED_EDGE('',*,*,#6602,.F.);
#8698=ORIENTED_EDGE('',*,*,#6582,.F.);
#8699=ORIENTED_EDGE('',*,*,#6603,.F.);
#8700=ORIENTED_EDGE('',*,*,#6585,.F.);
#8701=ORIENTED_EDGE('',*,*,#6604,.F.);
#8702=ORIENTED_EDGE('',*,*,#6600,.F.);
#8703=ORIENTED_EDGE('',*,*,#6605,.F.);
#8704=ORIENTED_EDGE('',*,*,#6606,.T.);
#8705=ORIENTED_EDGE('',*,*,#6607,.T.);
#8706=ORIENTED_EDGE('',*,*,#6608,.T.);
#8707=ORIENTED_EDGE('',*,*,#6609,.F.);
#8708=ORIENTED_EDGE('',*,*,#6592,.T.);
#8709=ORIENTED_EDGE('',*,*,#6610,.F.);
#8710=ORIENTED_EDGE('',*,*,#6608,.F.);
#8711=ORIENTED_EDGE('',*,*,#6599,.F.);
#8712=ORIENTED_EDGE('',*,*,#6611,.F.);
#8713=ORIENTED_EDGE('',*,*,#6607,.F.);
#8714=ORIENTED_EDGE('',*,*,#6612,.F.);
#8715=ORIENTED_EDGE('',*,*,#6606,.F.);
#8716=ORIENTED_EDGE('',*,*,#6613,.F.);
#8717=ORIENTED_EDGE('',*,*,#6595,.F.);
#8718=ORIENTED_EDGE('',*,*,#6614,.F.);
#8719=ORIENTED_EDGE('',*,*,#6594,.F.);
#8720=ORIENTED_EDGE('',*,*,#6615,.F.);
#8721=ORIENTED_EDGE('',*,*,#6586,.F.);
#8722=ORIENTED_EDGE('',*,*,#6616,.F.);
#8723=ORIENTED_EDGE('',*,*,#6575,.F.);
#8724=ORIENTED_EDGE('',*,*,#6617,.F.);
#8725=ORIENTED_EDGE('',*,*,#6583,.F.);
#8726=ORIENTED_EDGE('',*,*,#6618,.F.);
#8727=ORIENTED_EDGE('',*,*,#6581,.T.);
#8728=ORIENTED_EDGE('',*,*,#6619,.F.);
#8729=ORIENTED_EDGE('',*,*,#6590,.T.);
#8730=ORIENTED_EDGE('',*,*,#6617,.T.);
#8731=ORIENTED_EDGE('',*,*,#6578,.T.);
#8732=ORIENTED_EDGE('',*,*,#6588,.T.);
#8733=ORIENTED_EDGE('',*,*,#6615,.T.);
#8734=ORIENTED_EDGE('',*,*,#6598,.T.);
#8735=ORIENTED_EDGE('',*,*,#6593,.T.);
#8736=ORIENTED_EDGE('',*,*,#6609,.T.);
#8737=ORIENTED_EDGE('',*,*,#6611,.T.);
#8738=ORIENTED_EDGE('',*,*,#6603,.T.);
#8739=ORIENTED_EDGE('',*,*,#6602,.T.);
#8740=ORIENTED_EDGE('',*,*,#6604,.T.);
#8741=ORIENTED_EDGE('',*,*,#6589,.T.);
#8742=ORIENTED_EDGE('',*,*,#6618,.T.);
#8743=ORIENTED_EDGE('',*,*,#6605,.T.);
#8744=ORIENTED_EDGE('',*,*,#6612,.T.);
#8745=ORIENTED_EDGE('',*,*,#6614,.T.);
#8746=ORIENTED_EDGE('',*,*,#6616,.T.);
#8747=ORIENTED_EDGE('',*,*,#6580,.T.);
#8748=ORIENTED_EDGE('',*,*,#6597,.T.);
#8749=ORIENTED_EDGE('',*,*,#6613,.T.);
#8750=ORIENTED_EDGE('',*,*,#6610,.T.);
#8751=ORIENTED_EDGE('',*,*,#6591,.T.);
#8752=ORIENTED_EDGE('',*,*,#6619,.T.);
#8753=ORIENTED_EDGE('',*,*,#6620,.T.);
#8754=ORIENTED_EDGE('',*,*,#6621,.F.);
#8755=ORIENTED_EDGE('',*,*,#6620,.F.);
#8756=ORIENTED_EDGE('',*,*,#6622,.T.);
#8757=ORIENTED_EDGE('',*,*,#6623,.T.);
#8758=ORIENTED_EDGE('',*,*,#6624,.T.);
#8759=ORIENTED_EDGE('',*,*,#6625,.T.);
#8760=ORIENTED_EDGE('',*,*,#6626,.T.);
#8761=ORIENTED_EDGE('',*,*,#6621,.T.);
#8762=ORIENTED_EDGE('',*,*,#6627,.T.);
#8763=ORIENTED_EDGE('',*,*,#6628,.T.);
#8764=ORIENTED_EDGE('',*,*,#6627,.F.);
#8765=ORIENTED_EDGE('',*,*,#6629,.T.);
#8766=ORIENTED_EDGE('',*,*,#6625,.F.);
#8767=ORIENTED_EDGE('',*,*,#6630,.F.);
#8768=ORIENTED_EDGE('',*,*,#6631,.T.);
#8769=ORIENTED_EDGE('',*,*,#6632,.T.);
#8770=ORIENTED_EDGE('',*,*,#6626,.F.);
#8771=ORIENTED_EDGE('',*,*,#6629,.F.);
#8772=ORIENTED_EDGE('',*,*,#6633,.T.);
#8773=ORIENTED_EDGE('',*,*,#6632,.F.);
#8774=ORIENTED_EDGE('',*,*,#6634,.T.);
#8775=ORIENTED_EDGE('',*,*,#6635,.F.);
#8776=ORIENTED_EDGE('',*,*,#6622,.F.);
#8777=ORIENTED_EDGE('',*,*,#6630,.T.);
#8778=ORIENTED_EDGE('',*,*,#6624,.F.);
#8779=ORIENTED_EDGE('',*,*,#6636,.F.);
#8780=ORIENTED_EDGE('',*,*,#6637,.T.);
#8781=ORIENTED_EDGE('',*,*,#6636,.T.);
#8782=ORIENTED_EDGE('',*,*,#6623,.F.);
#8783=ORIENTED_EDGE('',*,*,#6635,.T.);
#8784=ORIENTED_EDGE('',*,*,#6638,.T.);
#8785=ORIENTED_EDGE('',*,*,#6634,.F.);
#8786=ORIENTED_EDGE('',*,*,#6633,.F.);
#8787=ORIENTED_EDGE('',*,*,#6631,.F.);
#8788=ORIENTED_EDGE('',*,*,#6637,.F.);
#8789=ORIENTED_EDGE('',*,*,#6638,.F.);
#8790=ORIENTED_EDGE('',*,*,#6628,.F.);
#8791=ORIENTED_EDGE('',*,*,#6639,.F.);
#8792=ORIENTED_EDGE('',*,*,#6640,.T.);
#8793=ORIENTED_EDGE('',*,*,#6641,.F.);
#8794=ORIENTED_EDGE('',*,*,#6642,.F.);
#8795=ORIENTED_EDGE('',*,*,#6643,.F.);
#8796=ORIENTED_EDGE('',*,*,#6644,.T.);
#8797=ORIENTED_EDGE('',*,*,#6645,.F.);
#8798=ORIENTED_EDGE('',*,*,#6640,.F.);
#8799=ORIENTED_EDGE('',*,*,#6646,.F.);
#8800=ORIENTED_EDGE('',*,*,#6642,.T.);
#8801=ORIENTED_EDGE('',*,*,#6647,.F.);
#8802=ORIENTED_EDGE('',*,*,#6648,.F.);
#8803=ORIENTED_EDGE('',*,*,#6649,.F.);
#8804=ORIENTED_EDGE('',*,*,#6648,.T.);
#8805=ORIENTED_EDGE('',*,*,#6650,.F.);
#8806=ORIENTED_EDGE('',*,*,#6644,.F.);
#8807=ORIENTED_EDGE('',*,*,#6650,.T.);
#8808=ORIENTED_EDGE('',*,*,#6647,.T.);
#8809=ORIENTED_EDGE('',*,*,#6641,.T.);
#8810=ORIENTED_EDGE('',*,*,#6645,.T.);
#8811=ORIENTED_EDGE('',*,*,#6651,.F.);
#8812=ORIENTED_EDGE('',*,*,#6652,.F.);
#8813=ORIENTED_EDGE('',*,*,#6653,.F.);
#8814=ORIENTED_EDGE('',*,*,#6654,.F.);
#8815=ORIENTED_EDGE('',*,*,#6655,.F.);
#8816=ORIENTED_EDGE('',*,*,#6656,.F.);
#8817=ORIENTED_EDGE('',*,*,#6657,.F.);
#8818=ORIENTED_EDGE('',*,*,#6658,.F.);
#8819=ORIENTED_EDGE('',*,*,#6659,.F.);
#8820=ORIENTED_EDGE('',*,*,#6660,.F.);
#8821=ORIENTED_EDGE('',*,*,#6661,.F.);
#8822=ORIENTED_EDGE('',*,*,#6662,.F.);
#8823=ORIENTED_EDGE('',*,*,#6661,.T.);
#8824=ORIENTED_EDGE('',*,*,#6663,.T.);
#8825=ORIENTED_EDGE('',*,*,#6651,.T.);
#8826=ORIENTED_EDGE('',*,*,#6664,.T.);
#8827=ORIENTED_EDGE('',*,*,#6665,.F.);
#8828=ORIENTED_EDGE('',*,*,#6666,.F.);
#8829=ORIENTED_EDGE('',*,*,#6667,.F.);
#8830=ORIENTED_EDGE('',*,*,#6655,.T.);
#8831=ORIENTED_EDGE('',*,*,#6668,.T.);
#8832=ORIENTED_EDGE('',*,*,#6666,.T.);
#8833=ORIENTED_EDGE('',*,*,#6669,.T.);
#8834=ORIENTED_EDGE('',*,*,#6667,.T.);
#8835=ORIENTED_EDGE('',*,*,#6670,.T.);
#8836=ORIENTED_EDGE('',*,*,#6658,.T.);
#8837=ORIENTED_EDGE('',*,*,#6671,.T.);
#8838=ORIENTED_EDGE('',*,*,#6672,.F.);
#8839=ORIENTED_EDGE('',*,*,#6673,.F.);
#8840=ORIENTED_EDGE('',*,*,#6674,.F.);
#8841=ORIENTED_EDGE('',*,*,#6673,.T.);
#8842=ORIENTED_EDGE('',*,*,#6675,.T.);
#8843=ORIENTED_EDGE('',*,*,#6656,.T.);
#8844=ORIENTED_EDGE('',*,*,#6676,.T.);
#8845=ORIENTED_EDGE('',*,*,#6677,.F.);
#8846=ORIENTED_EDGE('',*,*,#6678,.F.);
#8847=ORIENTED_EDGE('',*,*,#6679,.F.);
#8848=ORIENTED_EDGE('',*,*,#6678,.T.);
#8849=ORIENTED_EDGE('',*,*,#6680,.T.);
#8850=ORIENTED_EDGE('',*,*,#6657,.T.);
#8851=ORIENTED_EDGE('',*,*,#6681,.T.);
#8852=ORIENTED_EDGE('',*,*,#6660,.T.);
#8853=ORIENTED_EDGE('',*,*,#6682,.T.);
#8854=ORIENTED_EDGE('',*,*,#6679,.T.);
#8855=ORIENTED_EDGE('',*,*,#6683,.T.);
#8856=ORIENTED_EDGE('',*,*,#6684,.F.);
#8857=ORIENTED_EDGE('',*,*,#6685,.F.);
#8858=ORIENTED_EDGE('',*,*,#6686,.F.);
#8859=ORIENTED_EDGE('',*,*,#6685,.T.);
#8860=ORIENTED_EDGE('',*,*,#6687,.T.);
#8861=ORIENTED_EDGE('',*,*,#6665,.T.);
#8862=ORIENTED_EDGE('',*,*,#6688,.T.);
#8863=ORIENTED_EDGE('',*,*,#6677,.T.);
#8864=ORIENTED_EDGE('',*,*,#6689,.T.);
#8865=ORIENTED_EDGE('',*,*,#6686,.T.);
#8866=ORIENTED_EDGE('',*,*,#6690,.T.);
#8867=ORIENTED_EDGE('',*,*,#6684,.T.);
#8868=ORIENTED_EDGE('',*,*,#6691,.T.);
#8869=ORIENTED_EDGE('',*,*,#6674,.T.);
#8870=ORIENTED_EDGE('',*,*,#6692,.T.);
#8871=ORIENTED_EDGE('',*,*,#6672,.T.);
#8872=ORIENTED_EDGE('',*,*,#6693,.T.);
#8873=ORIENTED_EDGE('',*,*,#6662,.T.);
#8874=ORIENTED_EDGE('',*,*,#6694,.T.);
#8875=ORIENTED_EDGE('',*,*,#6659,.T.);
#8876=ORIENTED_EDGE('',*,*,#6695,.T.);
#8877=ORIENTED_EDGE('',*,*,#6652,.T.);
#8878=ORIENTED_EDGE('',*,*,#6696,.T.);
#8879=ORIENTED_EDGE('',*,*,#6653,.T.);
#8880=ORIENTED_EDGE('',*,*,#6697,.T.);
#8881=ORIENTED_EDGE('',*,*,#6654,.T.);
#8882=ORIENTED_EDGE('',*,*,#6698,.T.);
#8883=ORIENTED_EDGE('',*,*,#6669,.F.);
#8884=ORIENTED_EDGE('',*,*,#6687,.F.);
#8885=ORIENTED_EDGE('',*,*,#6692,.F.);
#8886=ORIENTED_EDGE('',*,*,#6676,.F.);
#8887=ORIENTED_EDGE('',*,*,#6668,.F.);
#8888=ORIENTED_EDGE('',*,*,#6697,.F.);
#8889=ORIENTED_EDGE('',*,*,#6695,.F.);
#8890=ORIENTED_EDGE('',*,*,#6670,.F.);
#8891=ORIENTED_EDGE('',*,*,#6671,.F.);
#8892=ORIENTED_EDGE('',*,*,#6680,.F.);
#8893=ORIENTED_EDGE('',*,*,#6690,.F.);
#8894=ORIENTED_EDGE('',*,*,#6688,.F.);
#8895=ORIENTED_EDGE('',*,*,#6675,.F.);
#8896=ORIENTED_EDGE('',*,*,#6694,.F.);
#8897=ORIENTED_EDGE('',*,*,#6664,.F.);
#8898=ORIENTED_EDGE('',*,*,#6698,.F.);
#8899=ORIENTED_EDGE('',*,*,#6681,.F.);
#8900=ORIENTED_EDGE('',*,*,#6696,.F.);
#8901=ORIENTED_EDGE('',*,*,#6663,.F.);
#8902=ORIENTED_EDGE('',*,*,#6683,.F.);
#8903=ORIENTED_EDGE('',*,*,#6682,.F.);
#8904=ORIENTED_EDGE('',*,*,#6693,.F.);
#8905=ORIENTED_EDGE('',*,*,#6691,.F.);
#8906=ORIENTED_EDGE('',*,*,#6689,.F.);
#8907=ORIENTED_EDGE('',*,*,#6643,.T.);
#8908=ORIENTED_EDGE('',*,*,#6639,.T.);
#8909=ORIENTED_EDGE('',*,*,#6646,.T.);
#8910=ORIENTED_EDGE('',*,*,#6649,.T.);
#8911=ORIENTED_EDGE('',*,*,#6699,.T.);
#8912=ORIENTED_EDGE('',*,*,#6700,.T.);
#8913=ORIENTED_EDGE('',*,*,#6700,.F.);
#8914=ORIENTED_EDGE('',*,*,#6701,.T.);
#8915=ORIENTED_EDGE('',*,*,#6702,.T.);
#8916=ORIENTED_EDGE('',*,*,#6703,.F.);
#8917=ORIENTED_EDGE('',*,*,#6704,.F.);
#8918=ORIENTED_EDGE('',*,*,#6705,.F.);
#8919=ORIENTED_EDGE('',*,*,#6703,.T.);
#8920=ORIENTED_EDGE('',*,*,#6706,.T.);
#8921=ORIENTED_EDGE('',*,*,#6707,.F.);
#8922=ORIENTED_EDGE('',*,*,#6706,.F.);
#8923=ORIENTED_EDGE('',*,*,#6702,.F.);
#8924=ORIENTED_EDGE('',*,*,#6708,.F.);
#8925=ORIENTED_EDGE('',*,*,#6709,.F.);
#8926=ORIENTED_EDGE('',*,*,#6710,.F.);
#8927=ORIENTED_EDGE('',*,*,#6711,.F.);
#8928=ORIENTED_EDGE('',*,*,#6699,.F.);
#8929=ORIENTED_EDGE('',*,*,#6705,.T.);
#8930=ORIENTED_EDGE('',*,*,#6712,.T.);
#8931=ORIENTED_EDGE('',*,*,#6713,.T.);
#8932=ORIENTED_EDGE('',*,*,#6714,.T.);
#8933=ORIENTED_EDGE('',*,*,#6704,.T.);
#8934=ORIENTED_EDGE('',*,*,#6715,.F.);
#8935=ORIENTED_EDGE('',*,*,#6716,.T.);
#8936=ORIENTED_EDGE('',*,*,#6716,.F.);
#8937=ORIENTED_EDGE('',*,*,#6717,.F.);
#8938=ORIENTED_EDGE('',*,*,#6718,.T.);
#8939=ORIENTED_EDGE('',*,*,#6710,.T.);
#8940=ORIENTED_EDGE('',*,*,#6719,.F.);
#8941=ORIENTED_EDGE('',*,*,#6720,.F.);
#8942=ORIENTED_EDGE('',*,*,#6721,.T.);
#8943=ORIENTED_EDGE('',*,*,#6722,.T.);
#8944=ORIENTED_EDGE('',*,*,#6723,.F.);
#8945=ORIENTED_EDGE('',*,*,#6724,.T.);
#8946=ORIENTED_EDGE('',*,*,#6725,.T.);
#8947=ORIENTED_EDGE('',*,*,#6726,.F.);
#8948=ORIENTED_EDGE('',*,*,#6722,.F.);
#8949=ORIENTED_EDGE('',*,*,#6726,.T.);
#8950=ORIENTED_EDGE('',*,*,#6727,.T.);
#8951=ORIENTED_EDGE('',*,*,#6717,.T.);
#8952=ORIENTED_EDGE('',*,*,#6728,.T.);
#8953=ORIENTED_EDGE('',*,*,#6729,.T.);
#8954=ORIENTED_EDGE('',*,*,#6723,.T.);
#8955=ORIENTED_EDGE('',*,*,#6715,.T.);
#8956=ORIENTED_EDGE('',*,*,#6728,.F.);
#8957=ORIENTED_EDGE('',*,*,#6719,.T.);
#8958=ORIENTED_EDGE('',*,*,#6709,.T.);
#8959=ORIENTED_EDGE('',*,*,#6730,.F.);
#8960=ORIENTED_EDGE('',*,*,#6731,.T.);
#8961=ORIENTED_EDGE('',*,*,#6732,.T.);
#8962=ORIENTED_EDGE('',*,*,#6713,.F.);
#8963=ORIENTED_EDGE('',*,*,#6733,.F.);
#8964=ORIENTED_EDGE('',*,*,#6734,.T.);
#8965=ORIENTED_EDGE('',*,*,#6720,.T.);
#8966=ORIENTED_EDGE('',*,*,#6729,.F.);
#8967=ORIENTED_EDGE('',*,*,#6730,.T.);
#8968=ORIENTED_EDGE('',*,*,#6708,.T.);
#8969=ORIENTED_EDGE('',*,*,#6701,.F.);
#8970=ORIENTED_EDGE('',*,*,#6714,.F.);
#8971=ORIENTED_EDGE('',*,*,#6732,.F.);
#8972=ORIENTED_EDGE('',*,*,#6718,.F.);
#8973=ORIENTED_EDGE('',*,*,#6727,.F.);
#8974=ORIENTED_EDGE('',*,*,#6725,.F.);
#8975=ORIENTED_EDGE('',*,*,#6735,.T.);
#8976=ORIENTED_EDGE('',*,*,#6733,.T.);
#8977=ORIENTED_EDGE('',*,*,#6712,.F.);
#8978=ORIENTED_EDGE('',*,*,#6707,.T.);
#8979=ORIENTED_EDGE('',*,*,#6711,.T.);
#8980=ORIENTED_EDGE('',*,*,#6724,.F.);
#8981=ORIENTED_EDGE('',*,*,#6721,.F.);
#8982=ORIENTED_EDGE('',*,*,#6734,.F.);
#8983=ORIENTED_EDGE('',*,*,#6731,.F.);
#8984=ORIENTED_EDGE('',*,*,#6735,.F.);
#8985=ORIENTED_EDGE('',*,*,#6736,.T.);
#8986=ORIENTED_EDGE('',*,*,#6737,.T.);
#8987=ORIENTED_EDGE('',*,*,#6737,.F.);
#8988=ORIENTED_EDGE('',*,*,#6738,.T.);
#8989=ORIENTED_EDGE('',*,*,#6739,.T.);
#8990=ORIENTED_EDGE('',*,*,#6740,.F.);
#8991=ORIENTED_EDGE('',*,*,#6741,.F.);
#8992=ORIENTED_EDGE('',*,*,#6742,.F.);
#8993=ORIENTED_EDGE('',*,*,#6740,.T.);
#8994=ORIENTED_EDGE('',*,*,#6743,.T.);
#8995=ORIENTED_EDGE('',*,*,#6744,.F.);
#8996=ORIENTED_EDGE('',*,*,#6743,.F.);
#8997=ORIENTED_EDGE('',*,*,#6739,.F.);
#8998=ORIENTED_EDGE('',*,*,#6745,.F.);
#8999=ORIENTED_EDGE('',*,*,#6746,.F.);
#9000=ORIENTED_EDGE('',*,*,#6747,.F.);
#9001=ORIENTED_EDGE('',*,*,#6748,.F.);
#9002=ORIENTED_EDGE('',*,*,#6736,.F.);
#9003=ORIENTED_EDGE('',*,*,#6742,.T.);
#9004=ORIENTED_EDGE('',*,*,#6749,.T.);
#9005=ORIENTED_EDGE('',*,*,#6750,.T.);
#9006=ORIENTED_EDGE('',*,*,#6751,.T.);
#9007=ORIENTED_EDGE('',*,*,#6741,.T.);
#9008=ORIENTED_EDGE('',*,*,#6752,.F.);
#9009=ORIENTED_EDGE('',*,*,#6753,.T.);
#9010=ORIENTED_EDGE('',*,*,#6753,.F.);
#9011=ORIENTED_EDGE('',*,*,#6754,.F.);
#9012=ORIENTED_EDGE('',*,*,#6755,.T.);
#9013=ORIENTED_EDGE('',*,*,#6747,.T.);
#9014=ORIENTED_EDGE('',*,*,#6756,.F.);
#9015=ORIENTED_EDGE('',*,*,#6757,.F.);
#9016=ORIENTED_EDGE('',*,*,#6758,.T.);
#9017=ORIENTED_EDGE('',*,*,#6759,.T.);
#9018=ORIENTED_EDGE('',*,*,#6760,.F.);
#9019=ORIENTED_EDGE('',*,*,#6761,.T.);
#9020=ORIENTED_EDGE('',*,*,#6762,.T.);
#9021=ORIENTED_EDGE('',*,*,#6763,.F.);
#9022=ORIENTED_EDGE('',*,*,#6759,.F.);
#9023=ORIENTED_EDGE('',*,*,#6763,.T.);
#9024=ORIENTED_EDGE('',*,*,#6764,.T.);
#9025=ORIENTED_EDGE('',*,*,#6754,.T.);
#9026=ORIENTED_EDGE('',*,*,#6765,.T.);
#9027=ORIENTED_EDGE('',*,*,#6766,.T.);
#9028=ORIENTED_EDGE('',*,*,#6760,.T.);
#9029=ORIENTED_EDGE('',*,*,#6752,.T.);
#9030=ORIENTED_EDGE('',*,*,#6765,.F.);
#9031=ORIENTED_EDGE('',*,*,#6756,.T.);
#9032=ORIENTED_EDGE('',*,*,#6746,.T.);
#9033=ORIENTED_EDGE('',*,*,#6767,.F.);
#9034=ORIENTED_EDGE('',*,*,#6768,.T.);
#9035=ORIENTED_EDGE('',*,*,#6769,.T.);
#9036=ORIENTED_EDGE('',*,*,#6750,.F.);
#9037=ORIENTED_EDGE('',*,*,#6770,.F.);
#9038=ORIENTED_EDGE('',*,*,#6771,.T.);
#9039=ORIENTED_EDGE('',*,*,#6757,.T.);
#9040=ORIENTED_EDGE('',*,*,#6766,.F.);
#9041=ORIENTED_EDGE('',*,*,#6767,.T.);
#9042=ORIENTED_EDGE('',*,*,#6745,.T.);
#9043=ORIENTED_EDGE('',*,*,#6738,.F.);
#9044=ORIENTED_EDGE('',*,*,#6751,.F.);
#9045=ORIENTED_EDGE('',*,*,#6769,.F.);
#9046=ORIENTED_EDGE('',*,*,#6755,.F.);
#9047=ORIENTED_EDGE('',*,*,#6764,.F.);
#9048=ORIENTED_EDGE('',*,*,#6762,.F.);
#9049=ORIENTED_EDGE('',*,*,#6772,.T.);
#9050=ORIENTED_EDGE('',*,*,#6770,.T.);
#9051=ORIENTED_EDGE('',*,*,#6749,.F.);
#9052=ORIENTED_EDGE('',*,*,#6744,.T.);
#9053=ORIENTED_EDGE('',*,*,#6748,.T.);
#9054=ORIENTED_EDGE('',*,*,#6761,.F.);
#9055=ORIENTED_EDGE('',*,*,#6758,.F.);
#9056=ORIENTED_EDGE('',*,*,#6771,.F.);
#9057=ORIENTED_EDGE('',*,*,#6768,.F.);
#9058=ORIENTED_EDGE('',*,*,#6772,.F.);
#9059=ORIENTED_EDGE('',*,*,#6773,.F.);
#9060=ORIENTED_EDGE('',*,*,#6774,.T.);
#9061=ORIENTED_EDGE('',*,*,#6774,.F.);
#9062=ORIENTED_EDGE('',*,*,#6775,.F.);
#9063=ORIENTED_EDGE('',*,*,#6776,.T.);
#9064=ORIENTED_EDGE('',*,*,#6777,.T.);
#9065=ORIENTED_EDGE('',*,*,#6778,.F.);
#9066=ORIENTED_EDGE('',*,*,#6779,.T.);
#9067=ORIENTED_EDGE('',*,*,#6780,.T.);
#9068=ORIENTED_EDGE('',*,*,#6781,.F.);
#9069=ORIENTED_EDGE('',*,*,#6777,.F.);
#9070=ORIENTED_EDGE('',*,*,#6781,.T.);
#9071=ORIENTED_EDGE('',*,*,#6782,.T.);
#9072=ORIENTED_EDGE('',*,*,#6783,.T.);
#9073=ORIENTED_EDGE('',*,*,#6784,.T.);
#9074=ORIENTED_EDGE('',*,*,#6785,.T.);
#9075=ORIENTED_EDGE('',*,*,#6778,.T.);
#9076=ORIENTED_EDGE('',*,*,#6773,.T.);
#9077=ORIENTED_EDGE('',*,*,#6779,.F.);
#9078=ORIENTED_EDGE('',*,*,#6776,.F.);
#9079=ORIENTED_EDGE('',*,*,#6786,.F.);
#9080=ORIENTED_EDGE('',*,*,#6787,.F.);
#9081=ORIENTED_EDGE('',*,*,#6788,.F.);
#9082=ORIENTED_EDGE('',*,*,#6789,.T.);
#9083=ORIENTED_EDGE('',*,*,#6790,.T.);
#9084=ORIENTED_EDGE('',*,*,#6790,.F.);
#9085=ORIENTED_EDGE('',*,*,#6791,.T.);
#9086=ORIENTED_EDGE('',*,*,#6792,.T.);
#9087=ORIENTED_EDGE('',*,*,#6783,.F.);
#9088=ORIENTED_EDGE('',*,*,#6793,.F.);
#9089=ORIENTED_EDGE('',*,*,#6794,.T.);
#9090=ORIENTED_EDGE('',*,*,#6795,.T.);
#9091=ORIENTED_EDGE('',*,*,#6796,.F.);
#9092=ORIENTED_EDGE('',*,*,#6797,.F.);
#9093=ORIENTED_EDGE('',*,*,#6798,.F.);
#9094=ORIENTED_EDGE('',*,*,#6796,.T.);
#9095=ORIENTED_EDGE('',*,*,#6799,.T.);
#9096=ORIENTED_EDGE('',*,*,#6800,.F.);
#9097=ORIENTED_EDGE('',*,*,#6799,.F.);
#9098=ORIENTED_EDGE('',*,*,#6795,.F.);
#9099=ORIENTED_EDGE('',*,*,#6801,.F.);
#9100=ORIENTED_EDGE('',*,*,#6802,.F.);
#9101=ORIENTED_EDGE('',*,*,#6791,.F.);
#9102=ORIENTED_EDGE('',*,*,#6803,.F.);
#9103=ORIENTED_EDGE('',*,*,#6789,.F.);
#9104=ORIENTED_EDGE('',*,*,#6802,.T.);
#9105=ORIENTED_EDGE('',*,*,#6804,.T.);
#9106=ORIENTED_EDGE('',*,*,#6784,.F.);
#9107=ORIENTED_EDGE('',*,*,#6792,.F.);
#9108=ORIENTED_EDGE('',*,*,#6805,.F.);
#9109=ORIENTED_EDGE('',*,*,#6806,.T.);
#9110=ORIENTED_EDGE('',*,*,#6787,.T.);
#9111=ORIENTED_EDGE('',*,*,#6807,.F.);
#9112=ORIENTED_EDGE('',*,*,#6808,.F.);
#9113=ORIENTED_EDGE('',*,*,#6807,.T.);
#9114=ORIENTED_EDGE('',*,*,#6786,.T.);
#9115=ORIENTED_EDGE('',*,*,#6775,.T.);
#9116=ORIENTED_EDGE('',*,*,#6785,.F.);
#9117=ORIENTED_EDGE('',*,*,#6804,.F.);
#9118=ORIENTED_EDGE('',*,*,#6801,.T.);
#9119=ORIENTED_EDGE('',*,*,#6794,.F.);
#9120=ORIENTED_EDGE('',*,*,#6793,.T.);
#9121=ORIENTED_EDGE('',*,*,#6782,.F.);
#9122=ORIENTED_EDGE('',*,*,#6780,.F.);
#9123=ORIENTED_EDGE('',*,*,#6788,.T.);
#9124=ORIENTED_EDGE('',*,*,#6806,.F.);
#9125=ORIENTED_EDGE('',*,*,#6809,.F.);
#9126=ORIENTED_EDGE('',*,*,#6800,.T.);
#9127=ORIENTED_EDGE('',*,*,#6803,.T.);
#9128=ORIENTED_EDGE('',*,*,#6798,.T.);
#9129=ORIENTED_EDGE('',*,*,#6809,.T.);
#9130=ORIENTED_EDGE('',*,*,#6805,.T.);
#9131=ORIENTED_EDGE('',*,*,#6808,.T.);
#9132=ORIENTED_EDGE('',*,*,#6797,.T.);
#9133=ORIENTED_EDGE('',*,*,#6810,.F.);
#9134=ORIENTED_EDGE('',*,*,#6811,.F.);
#9135=ORIENTED_EDGE('',*,*,#6812,.F.);
#9136=ORIENTED_EDGE('',*,*,#6813,.T.);
#9137=ORIENTED_EDGE('',*,*,#6811,.T.);
#9138=ORIENTED_EDGE('',*,*,#6814,.T.);
#9139=ORIENTED_EDGE('',*,*,#6815,.T.);
#9140=ORIENTED_EDGE('',*,*,#6816,.T.);
#9141=ORIENTED_EDGE('',*,*,#6817,.F.);
#9142=ORIENTED_EDGE('',*,*,#6818,.F.);
#9143=ORIENTED_EDGE('',*,*,#6819,.F.);
#9144=ORIENTED_EDGE('',*,*,#6820,.F.);
#9145=ORIENTED_EDGE('',*,*,#6821,.F.);
#9146=ORIENTED_EDGE('',*,*,#6822,.F.);
#9147=ORIENTED_EDGE('',*,*,#6821,.T.);
#9148=ORIENTED_EDGE('',*,*,#6823,.T.);
#9149=ORIENTED_EDGE('',*,*,#6812,.T.);
#9150=ORIENTED_EDGE('',*,*,#6824,.T.);
#9151=ORIENTED_EDGE('',*,*,#6825,.T.);
#9152=ORIENTED_EDGE('',*,*,#6818,.T.);
#9153=ORIENTED_EDGE('',*,*,#6826,.T.);
#9154=ORIENTED_EDGE('',*,*,#6827,.T.);
#9155=ORIENTED_EDGE('',*,*,#6828,.T.);
#9156=ORIENTED_EDGE('',*,*,#6829,.F.);
#9157=ORIENTED_EDGE('',*,*,#6830,.F.);
#9158=ORIENTED_EDGE('',*,*,#6831,.F.);
#9159=ORIENTED_EDGE('',*,*,#6832,.T.);
#9160=ORIENTED_EDGE('',*,*,#6830,.T.);
#9161=ORIENTED_EDGE('',*,*,#6833,.T.);
#9162=ORIENTED_EDGE('',*,*,#6816,.F.);
#9163=ORIENTED_EDGE('',*,*,#6834,.F.);
#9164=ORIENTED_EDGE('',*,*,#6835,.F.);
#9165=ORIENTED_EDGE('',*,*,#6836,.F.);
#9166=ORIENTED_EDGE('',*,*,#6835,.T.);
#9167=ORIENTED_EDGE('',*,*,#6837,.T.);
#9168=ORIENTED_EDGE('',*,*,#6817,.T.);
#9169=ORIENTED_EDGE('',*,*,#6838,.T.);
#9170=ORIENTED_EDGE('',*,*,#6820,.T.);
#9171=ORIENTED_EDGE('',*,*,#6839,.T.);
#9172=ORIENTED_EDGE('',*,*,#6836,.T.);
#9173=ORIENTED_EDGE('',*,*,#6840,.T.);
#9174=ORIENTED_EDGE('',*,*,#6841,.F.);
#9175=ORIENTED_EDGE('',*,*,#6842,.F.);
#9176=ORIENTED_EDGE('',*,*,#6843,.F.);
#9177=ORIENTED_EDGE('',*,*,#6844,.T.);
#9178=ORIENTED_EDGE('',*,*,#6842,.T.);
#9179=ORIENTED_EDGE('',*,*,#6845,.T.);
#9180=ORIENTED_EDGE('',*,*,#6827,.F.);
#9181=ORIENTED_EDGE('',*,*,#6834,.T.);
#9182=ORIENTED_EDGE('',*,*,#6846,.T.);
#9183=ORIENTED_EDGE('',*,*,#6843,.T.);
#9184=ORIENTED_EDGE('',*,*,#6847,.T.);
#9185=ORIENTED_EDGE('',*,*,#6841,.T.);
#9186=ORIENTED_EDGE('',*,*,#6848,.T.);
#9187=ORIENTED_EDGE('',*,*,#6831,.T.);
#9188=ORIENTED_EDGE('',*,*,#6849,.T.);
#9189=ORIENTED_EDGE('',*,*,#6829,.T.);
#9190=ORIENTED_EDGE('',*,*,#6850,.T.);
#9191=ORIENTED_EDGE('',*,*,#6822,.T.);
#9192=ORIENTED_EDGE('',*,*,#6851,.T.);
#9193=ORIENTED_EDGE('',*,*,#6810,.T.);
#9194=ORIENTED_EDGE('',*,*,#6852,.T.);
#9195=ORIENTED_EDGE('',*,*,#6819,.T.);
#9196=ORIENTED_EDGE('',*,*,#6853,.T.);
#9197=ORIENTED_EDGE('',*,*,#6814,.F.);
#9198=ORIENTED_EDGE('',*,*,#6853,.F.);
#9199=ORIENTED_EDGE('',*,*,#6825,.F.);
#9200=ORIENTED_EDGE('',*,*,#6854,.T.);
#9201=ORIENTED_EDGE('',*,*,#6813,.F.);
#9202=ORIENTED_EDGE('',*,*,#6833,.F.);
#9203=ORIENTED_EDGE('',*,*,#6851,.F.);
#9204=ORIENTED_EDGE('',*,*,#6824,.F.);
#9205=ORIENTED_EDGE('',*,*,#6826,.F.);
#9206=ORIENTED_EDGE('',*,*,#6837,.F.);
#9207=ORIENTED_EDGE('',*,*,#6847,.F.);
#9208=ORIENTED_EDGE('',*,*,#6844,.F.);
#9209=ORIENTED_EDGE('',*,*,#6838,.F.);
#9210=ORIENTED_EDGE('',*,*,#6852,.F.);
#9211=ORIENTED_EDGE('',*,*,#6823,.F.);
#9212=ORIENTED_EDGE('',*,*,#6840,.F.);
#9213=ORIENTED_EDGE('',*,*,#6839,.F.);
#9214=ORIENTED_EDGE('',*,*,#6850,.F.);
#9215=ORIENTED_EDGE('',*,*,#6848,.F.);
#9216=ORIENTED_EDGE('',*,*,#6846,.F.);
#9217=ORIENTED_EDGE('',*,*,#6815,.F.);
#9218=ORIENTED_EDGE('',*,*,#6854,.F.);
#9219=ORIENTED_EDGE('',*,*,#6828,.F.);
#9220=ORIENTED_EDGE('',*,*,#6845,.F.);
#9221=ORIENTED_EDGE('',*,*,#6849,.F.);
#9222=ORIENTED_EDGE('',*,*,#6832,.F.);
#9223=ORIENTED_EDGE('',*,*,#6855,.F.);
#9224=ORIENTED_EDGE('',*,*,#6856,.F.);
#9225=ORIENTED_EDGE('',*,*,#6857,.F.);
#9226=ORIENTED_EDGE('',*,*,#6858,.T.);
#9227=ORIENTED_EDGE('',*,*,#6856,.T.);
#9228=ORIENTED_EDGE('',*,*,#6859,.T.);
#9229=ORIENTED_EDGE('',*,*,#6860,.T.);
#9230=ORIENTED_EDGE('',*,*,#6861,.T.);
#9231=ORIENTED_EDGE('',*,*,#6862,.F.);
#9232=ORIENTED_EDGE('',*,*,#6863,.F.);
#9233=ORIENTED_EDGE('',*,*,#6864,.F.);
#9234=ORIENTED_EDGE('',*,*,#6865,.F.);
#9235=ORIENTED_EDGE('',*,*,#6866,.F.);
#9236=ORIENTED_EDGE('',*,*,#6867,.F.);
#9237=ORIENTED_EDGE('',*,*,#6866,.T.);
#9238=ORIENTED_EDGE('',*,*,#6868,.T.);
#9239=ORIENTED_EDGE('',*,*,#6857,.T.);
#9240=ORIENTED_EDGE('',*,*,#6869,.T.);
#9241=ORIENTED_EDGE('',*,*,#6870,.T.);
#9242=ORIENTED_EDGE('',*,*,#6863,.T.);
#9243=ORIENTED_EDGE('',*,*,#6871,.T.);
#9244=ORIENTED_EDGE('',*,*,#6872,.T.);
#9245=ORIENTED_EDGE('',*,*,#6873,.T.);
#9246=ORIENTED_EDGE('',*,*,#6874,.F.);
#9247=ORIENTED_EDGE('',*,*,#6875,.F.);
#9248=ORIENTED_EDGE('',*,*,#6876,.F.);
#9249=ORIENTED_EDGE('',*,*,#6877,.T.);
#9250=ORIENTED_EDGE('',*,*,#6875,.T.);
#9251=ORIENTED_EDGE('',*,*,#6878,.T.);
#9252=ORIENTED_EDGE('',*,*,#6861,.F.);
#9253=ORIENTED_EDGE('',*,*,#6879,.F.);
#9254=ORIENTED_EDGE('',*,*,#6880,.F.);
#9255=ORIENTED_EDGE('',*,*,#6881,.F.);
#9256=ORIENTED_EDGE('',*,*,#6880,.T.);
#9257=ORIENTED_EDGE('',*,*,#6882,.T.);
#9258=ORIENTED_EDGE('',*,*,#6862,.T.);
#9259=ORIENTED_EDGE('',*,*,#6883,.T.);
#9260=ORIENTED_EDGE('',*,*,#6865,.T.);
#9261=ORIENTED_EDGE('',*,*,#6884,.T.);
#9262=ORIENTED_EDGE('',*,*,#6881,.T.);
#9263=ORIENTED_EDGE('',*,*,#6885,.T.);
#9264=ORIENTED_EDGE('',*,*,#6886,.F.);
#9265=ORIENTED_EDGE('',*,*,#6887,.F.);
#9266=ORIENTED_EDGE('',*,*,#6888,.F.);
#9267=ORIENTED_EDGE('',*,*,#6889,.T.);
#9268=ORIENTED_EDGE('',*,*,#6887,.T.);
#9269=ORIENTED_EDGE('',*,*,#6890,.T.);
#9270=ORIENTED_EDGE('',*,*,#6872,.F.);
#9271=ORIENTED_EDGE('',*,*,#6879,.T.);
#9272=ORIENTED_EDGE('',*,*,#6891,.T.);
#9273=ORIENTED_EDGE('',*,*,#6888,.T.);
#9274=ORIENTED_EDGE('',*,*,#6892,.T.);
#9275=ORIENTED_EDGE('',*,*,#6886,.T.);
#9276=ORIENTED_EDGE('',*,*,#6893,.T.);
#9277=ORIENTED_EDGE('',*,*,#6876,.T.);
#9278=ORIENTED_EDGE('',*,*,#6894,.T.);
#9279=ORIENTED_EDGE('',*,*,#6874,.T.);
#9280=ORIENTED_EDGE('',*,*,#6895,.T.);
#9281=ORIENTED_EDGE('',*,*,#6867,.T.);
#9282=ORIENTED_EDGE('',*,*,#6896,.T.);
#9283=ORIENTED_EDGE('',*,*,#6855,.T.);
#9284=ORIENTED_EDGE('',*,*,#6897,.T.);
#9285=ORIENTED_EDGE('',*,*,#6864,.T.);
#9286=ORIENTED_EDGE('',*,*,#6898,.T.);
#9287=ORIENTED_EDGE('',*,*,#6859,.F.);
#9288=ORIENTED_EDGE('',*,*,#6898,.F.);
#9289=ORIENTED_EDGE('',*,*,#6870,.F.);
#9290=ORIENTED_EDGE('',*,*,#6899,.T.);
#9291=ORIENTED_EDGE('',*,*,#6858,.F.);
#9292=ORIENTED_EDGE('',*,*,#6878,.F.);
#9293=ORIENTED_EDGE('',*,*,#6896,.F.);
#9294=ORIENTED_EDGE('',*,*,#6869,.F.);
#9295=ORIENTED_EDGE('',*,*,#6871,.F.);
#9296=ORIENTED_EDGE('',*,*,#6882,.F.);
#9297=ORIENTED_EDGE('',*,*,#6892,.F.);
#9298=ORIENTED_EDGE('',*,*,#6889,.F.);
#9299=ORIENTED_EDGE('',*,*,#6883,.F.);
#9300=ORIENTED_EDGE('',*,*,#6897,.F.);
#9301=ORIENTED_EDGE('',*,*,#6868,.F.);
#9302=ORIENTED_EDGE('',*,*,#6885,.F.);
#9303=ORIENTED_EDGE('',*,*,#6884,.F.);
#9304=ORIENTED_EDGE('',*,*,#6895,.F.);
#9305=ORIENTED_EDGE('',*,*,#6893,.F.);
#9306=ORIENTED_EDGE('',*,*,#6891,.F.);
#9307=ORIENTED_EDGE('',*,*,#6860,.F.);
#9308=ORIENTED_EDGE('',*,*,#6899,.F.);
#9309=ORIENTED_EDGE('',*,*,#6873,.F.);
#9310=ORIENTED_EDGE('',*,*,#6890,.F.);
#9311=ORIENTED_EDGE('',*,*,#6894,.F.);
#9312=ORIENTED_EDGE('',*,*,#6877,.F.);
#9313=ORIENTED_EDGE('',*,*,#6900,.F.);
#9314=ORIENTED_EDGE('',*,*,#6901,.F.);
#9315=ORIENTED_EDGE('',*,*,#6902,.F.);
#9316=ORIENTED_EDGE('',*,*,#6903,.T.);
#9317=ORIENTED_EDGE('',*,*,#6901,.T.);
#9318=ORIENTED_EDGE('',*,*,#6904,.T.);
#9319=ORIENTED_EDGE('',*,*,#6905,.T.);
#9320=ORIENTED_EDGE('',*,*,#6906,.T.);
#9321=ORIENTED_EDGE('',*,*,#6907,.F.);
#9322=ORIENTED_EDGE('',*,*,#6908,.F.);
#9323=ORIENTED_EDGE('',*,*,#6909,.F.);
#9324=ORIENTED_EDGE('',*,*,#6910,.F.);
#9325=ORIENTED_EDGE('',*,*,#6911,.F.);
#9326=ORIENTED_EDGE('',*,*,#6912,.F.);
#9327=ORIENTED_EDGE('',*,*,#6911,.T.);
#9328=ORIENTED_EDGE('',*,*,#6913,.T.);
#9329=ORIENTED_EDGE('',*,*,#6902,.T.);
#9330=ORIENTED_EDGE('',*,*,#6914,.T.);
#9331=ORIENTED_EDGE('',*,*,#6915,.T.);
#9332=ORIENTED_EDGE('',*,*,#6908,.T.);
#9333=ORIENTED_EDGE('',*,*,#6916,.T.);
#9334=ORIENTED_EDGE('',*,*,#6917,.T.);
#9335=ORIENTED_EDGE('',*,*,#6918,.T.);
#9336=ORIENTED_EDGE('',*,*,#6919,.F.);
#9337=ORIENTED_EDGE('',*,*,#6920,.F.);
#9338=ORIENTED_EDGE('',*,*,#6921,.F.);
#9339=ORIENTED_EDGE('',*,*,#6922,.T.);
#9340=ORIENTED_EDGE('',*,*,#6920,.T.);
#9341=ORIENTED_EDGE('',*,*,#6923,.T.);
#9342=ORIENTED_EDGE('',*,*,#6906,.F.);
#9343=ORIENTED_EDGE('',*,*,#6924,.F.);
#9344=ORIENTED_EDGE('',*,*,#6925,.F.);
#9345=ORIENTED_EDGE('',*,*,#6926,.F.);
#9346=ORIENTED_EDGE('',*,*,#6925,.T.);
#9347=ORIENTED_EDGE('',*,*,#6927,.T.);
#9348=ORIENTED_EDGE('',*,*,#6907,.T.);
#9349=ORIENTED_EDGE('',*,*,#6928,.T.);
#9350=ORIENTED_EDGE('',*,*,#6910,.T.);
#9351=ORIENTED_EDGE('',*,*,#6929,.T.);
#9352=ORIENTED_EDGE('',*,*,#6926,.T.);
#9353=ORIENTED_EDGE('',*,*,#6930,.T.);
#9354=ORIENTED_EDGE('',*,*,#6931,.F.);
#9355=ORIENTED_EDGE('',*,*,#6932,.F.);
#9356=ORIENTED_EDGE('',*,*,#6933,.F.);
#9357=ORIENTED_EDGE('',*,*,#6934,.T.);
#9358=ORIENTED_EDGE('',*,*,#6932,.T.);
#9359=ORIENTED_EDGE('',*,*,#6935,.T.);
#9360=ORIENTED_EDGE('',*,*,#6917,.F.);
#9361=ORIENTED_EDGE('',*,*,#6924,.T.);
#9362=ORIENTED_EDGE('',*,*,#6936,.T.);
#9363=ORIENTED_EDGE('',*,*,#6933,.T.);
#9364=ORIENTED_EDGE('',*,*,#6937,.T.);
#9365=ORIENTED_EDGE('',*,*,#6931,.T.);
#9366=ORIENTED_EDGE('',*,*,#6938,.T.);
#9367=ORIENTED_EDGE('',*,*,#6921,.T.);
#9368=ORIENTED_EDGE('',*,*,#6939,.T.);
#9369=ORIENTED_EDGE('',*,*,#6919,.T.);
#9370=ORIENTED_EDGE('',*,*,#6940,.T.);
#9371=ORIENTED_EDGE('',*,*,#6912,.T.);
#9372=ORIENTED_EDGE('',*,*,#6941,.T.);
#9373=ORIENTED_EDGE('',*,*,#6900,.T.);
#9374=ORIENTED_EDGE('',*,*,#6942,.T.);
#9375=ORIENTED_EDGE('',*,*,#6909,.T.);
#9376=ORIENTED_EDGE('',*,*,#6943,.T.);
#9377=ORIENTED_EDGE('',*,*,#6904,.F.);
#9378=ORIENTED_EDGE('',*,*,#6943,.F.);
#9379=ORIENTED_EDGE('',*,*,#6915,.F.);
#9380=ORIENTED_EDGE('',*,*,#6944,.T.);
#9381=ORIENTED_EDGE('',*,*,#6903,.F.);
#9382=ORIENTED_EDGE('',*,*,#6923,.F.);
#9383=ORIENTED_EDGE('',*,*,#6941,.F.);
#9384=ORIENTED_EDGE('',*,*,#6914,.F.);
#9385=ORIENTED_EDGE('',*,*,#6916,.F.);
#9386=ORIENTED_EDGE('',*,*,#6927,.F.);
#9387=ORIENTED_EDGE('',*,*,#6937,.F.);
#9388=ORIENTED_EDGE('',*,*,#6934,.F.);
#9389=ORIENTED_EDGE('',*,*,#6928,.F.);
#9390=ORIENTED_EDGE('',*,*,#6942,.F.);
#9391=ORIENTED_EDGE('',*,*,#6913,.F.);
#9392=ORIENTED_EDGE('',*,*,#6930,.F.);
#9393=ORIENTED_EDGE('',*,*,#6929,.F.);
#9394=ORIENTED_EDGE('',*,*,#6940,.F.);
#9395=ORIENTED_EDGE('',*,*,#6938,.F.);
#9396=ORIENTED_EDGE('',*,*,#6936,.F.);
#9397=ORIENTED_EDGE('',*,*,#6905,.F.);
#9398=ORIENTED_EDGE('',*,*,#6944,.F.);
#9399=ORIENTED_EDGE('',*,*,#6918,.F.);
#9400=ORIENTED_EDGE('',*,*,#6935,.F.);
#9401=ORIENTED_EDGE('',*,*,#6939,.F.);
#9402=ORIENTED_EDGE('',*,*,#6922,.F.);
#9403=ORIENTED_EDGE('',*,*,#6945,.F.);
#9404=ORIENTED_EDGE('',*,*,#6946,.T.);
#9405=ORIENTED_EDGE('',*,*,#6946,.F.);
#9406=ORIENTED_EDGE('',*,*,#6947,.T.);
#9407=ORIENTED_EDGE('',*,*,#6948,.T.);
#9408=ORIENTED_EDGE('',*,*,#6949,.T.);
#9409=ORIENTED_EDGE('',*,*,#6950,.T.);
#9410=ORIENTED_EDGE('',*,*,#6951,.T.);
#9411=ORIENTED_EDGE('',*,*,#6952,.T.);
#9412=ORIENTED_EDGE('',*,*,#6945,.T.);
#9413=ORIENTED_EDGE('',*,*,#6947,.F.);
#9414=ORIENTED_EDGE('',*,*,#6953,.T.);
#9415=ORIENTED_EDGE('',*,*,#6954,.T.);
#9416=ORIENTED_EDGE('',*,*,#6955,.F.);
#9417=ORIENTED_EDGE('',*,*,#6948,.F.);
#9418=ORIENTED_EDGE('',*,*,#6955,.T.);
#9419=ORIENTED_EDGE('',*,*,#6956,.T.);
#9420=ORIENTED_EDGE('',*,*,#6957,.F.);
#9421=ORIENTED_EDGE('',*,*,#6956,.F.);
#9422=ORIENTED_EDGE('',*,*,#6954,.F.);
#9423=ORIENTED_EDGE('',*,*,#6958,.F.);
#9424=ORIENTED_EDGE('',*,*,#6959,.F.);
#9425=ORIENTED_EDGE('',*,*,#6960,.F.);
#9426=ORIENTED_EDGE('',*,*,#6961,.T.);
#9427=ORIENTED_EDGE('',*,*,#6962,.T.);
#9428=ORIENTED_EDGE('',*,*,#6963,.T.);
#9429=ORIENTED_EDGE('',*,*,#6950,.F.);
#9430=ORIENTED_EDGE('',*,*,#6964,.T.);
#9431=ORIENTED_EDGE('',*,*,#6965,.T.);
#9432=ORIENTED_EDGE('',*,*,#6965,.F.);
#9433=ORIENTED_EDGE('',*,*,#6963,.F.);
#9434=ORIENTED_EDGE('',*,*,#6966,.T.);
#9435=ORIENTED_EDGE('',*,*,#6967,.T.);
#9436=ORIENTED_EDGE('',*,*,#6951,.F.);
#9437=ORIENTED_EDGE('',*,*,#6968,.F.);
#9438=ORIENTED_EDGE('',*,*,#6969,.F.);
#9439=ORIENTED_EDGE('',*,*,#6966,.F.);
#9440=ORIENTED_EDGE('',*,*,#6962,.F.);
#9441=ORIENTED_EDGE('',*,*,#6970,.F.);
#9442=ORIENTED_EDGE('',*,*,#6971,.F.);
#9443=ORIENTED_EDGE('',*,*,#6964,.F.);
#9444=ORIENTED_EDGE('',*,*,#6967,.F.);
#9445=ORIENTED_EDGE('',*,*,#6969,.T.);
#9446=ORIENTED_EDGE('',*,*,#6972,.T.);
#9447=ORIENTED_EDGE('',*,*,#6973,.F.);
#9448=ORIENTED_EDGE('',*,*,#6974,.T.);
#9449=ORIENTED_EDGE('',*,*,#6958,.T.);
#9450=ORIENTED_EDGE('',*,*,#6953,.F.);
#9451=ORIENTED_EDGE('',*,*,#6952,.F.);
#9452=ORIENTED_EDGE('',*,*,#6968,.T.);
#9453=ORIENTED_EDGE('',*,*,#6975,.T.);
#9454=ORIENTED_EDGE('',*,*,#6976,.F.);
#9455=ORIENTED_EDGE('',*,*,#6972,.F.);
#9456=ORIENTED_EDGE('',*,*,#6974,.F.);
#9457=ORIENTED_EDGE('',*,*,#6977,.F.);
#9458=ORIENTED_EDGE('',*,*,#6978,.T.);
#9459=ORIENTED_EDGE('',*,*,#6959,.T.);
#9460=ORIENTED_EDGE('',*,*,#6978,.F.);
#9461=ORIENTED_EDGE('',*,*,#6979,.F.);
#9462=ORIENTED_EDGE('',*,*,#6980,.F.);
#9463=ORIENTED_EDGE('',*,*,#6970,.T.);
#9464=ORIENTED_EDGE('',*,*,#6961,.F.);
#9465=ORIENTED_EDGE('',*,*,#6949,.F.);
#9466=ORIENTED_EDGE('',*,*,#6957,.T.);
#9467=ORIENTED_EDGE('',*,*,#6960,.T.);
#9468=ORIENTED_EDGE('',*,*,#6971,.T.);
#9469=ORIENTED_EDGE('',*,*,#6980,.T.);
#9470=ORIENTED_EDGE('',*,*,#6981,.F.);
#9471=ORIENTED_EDGE('',*,*,#6975,.F.);
#9472=ORIENTED_EDGE('',*,*,#6981,.T.);
#9473=ORIENTED_EDGE('',*,*,#6979,.T.);
#9474=ORIENTED_EDGE('',*,*,#6977,.T.);
#9475=ORIENTED_EDGE('',*,*,#6973,.T.);
#9476=ORIENTED_EDGE('',*,*,#6976,.T.);
#9477=ORIENTED_EDGE('',*,*,#6982,.F.);
#9478=ORIENTED_EDGE('',*,*,#6983,.T.);
#9479=ORIENTED_EDGE('',*,*,#6983,.F.);
#9480=ORIENTED_EDGE('',*,*,#6984,.T.);
#9481=ORIENTED_EDGE('',*,*,#6985,.T.);
#9482=ORIENTED_EDGE('',*,*,#6986,.T.);
#9483=ORIENTED_EDGE('',*,*,#6987,.T.);
#9484=ORIENTED_EDGE('',*,*,#6988,.T.);
#9485=ORIENTED_EDGE('',*,*,#6989,.T.);
#9486=ORIENTED_EDGE('',*,*,#6982,.T.);
#9487=ORIENTED_EDGE('',*,*,#6984,.F.);
#9488=ORIENTED_EDGE('',*,*,#6990,.T.);
#9489=ORIENTED_EDGE('',*,*,#6991,.T.);
#9490=ORIENTED_EDGE('',*,*,#6992,.F.);
#9491=ORIENTED_EDGE('',*,*,#6985,.F.);
#9492=ORIENTED_EDGE('',*,*,#6992,.T.);
#9493=ORIENTED_EDGE('',*,*,#6993,.T.);
#9494=ORIENTED_EDGE('',*,*,#6994,.F.);
#9495=ORIENTED_EDGE('',*,*,#6993,.F.);
#9496=ORIENTED_EDGE('',*,*,#6991,.F.);
#9497=ORIENTED_EDGE('',*,*,#6995,.F.);
#9498=ORIENTED_EDGE('',*,*,#6996,.F.);
#9499=ORIENTED_EDGE('',*,*,#6997,.F.);
#9500=ORIENTED_EDGE('',*,*,#6998,.T.);
#9501=ORIENTED_EDGE('',*,*,#6999,.T.);
#9502=ORIENTED_EDGE('',*,*,#7000,.T.);
#9503=ORIENTED_EDGE('',*,*,#6987,.F.);
#9504=ORIENTED_EDGE('',*,*,#7001,.T.);
#9505=ORIENTED_EDGE('',*,*,#7002,.T.);
#9506=ORIENTED_EDGE('',*,*,#7002,.F.);
#9507=ORIENTED_EDGE('',*,*,#7000,.F.);
#9508=ORIENTED_EDGE('',*,*,#7003,.T.);
#9509=ORIENTED_EDGE('',*,*,#7004,.T.);
#9510=ORIENTED_EDGE('',*,*,#6988,.F.);
#9511=ORIENTED_EDGE('',*,*,#7005,.F.);
#9512=ORIENTED_EDGE('',*,*,#7006,.F.);
#9513=ORIENTED_EDGE('',*,*,#7003,.F.);
#9514=ORIENTED_EDGE('',*,*,#6999,.F.);
#9515=ORIENTED_EDGE('',*,*,#7007,.F.);
#9516=ORIENTED_EDGE('',*,*,#7008,.F.);
#9517=ORIENTED_EDGE('',*,*,#7001,.F.);
#9518=ORIENTED_EDGE('',*,*,#7004,.F.);
#9519=ORIENTED_EDGE('',*,*,#7006,.T.);
#9520=ORIENTED_EDGE('',*,*,#7009,.T.);
#9521=ORIENTED_EDGE('',*,*,#7010,.F.);
#9522=ORIENTED_EDGE('',*,*,#7011,.T.);
#9523=ORIENTED_EDGE('',*,*,#6995,.T.);
#9524=ORIENTED_EDGE('',*,*,#6990,.F.);
#9525=ORIENTED_EDGE('',*,*,#6989,.F.);
#9526=ORIENTED_EDGE('',*,*,#7005,.T.);
#9527=ORIENTED_EDGE('',*,*,#7012,.T.);
#9528=ORIENTED_EDGE('',*,*,#7013,.F.);
#9529=ORIENTED_EDGE('',*,*,#7009,.F.);
#9530=ORIENTED_EDGE('',*,*,#7011,.F.);
#9531=ORIENTED_EDGE('',*,*,#7014,.F.);
#9532=ORIENTED_EDGE('',*,*,#7015,.T.);
#9533=ORIENTED_EDGE('',*,*,#6996,.T.);
#9534=ORIENTED_EDGE('',*,*,#7015,.F.);
#9535=ORIENTED_EDGE('',*,*,#7016,.F.);
#9536=ORIENTED_EDGE('',*,*,#7017,.F.);
#9537=ORIENTED_EDGE('',*,*,#7007,.T.);
#9538=ORIENTED_EDGE('',*,*,#6998,.F.);
#9539=ORIENTED_EDGE('',*,*,#6986,.F.);
#9540=ORIENTED_EDGE('',*,*,#6994,.T.);
#9541=ORIENTED_EDGE('',*,*,#6997,.T.);
#9542=ORIENTED_EDGE('',*,*,#7008,.T.);
#9543=ORIENTED_EDGE('',*,*,#7017,.T.);
#9544=ORIENTED_EDGE('',*,*,#7018,.F.);
#9545=ORIENTED_EDGE('',*,*,#7012,.F.);
#9546=ORIENTED_EDGE('',*,*,#7018,.T.);
#9547=ORIENTED_EDGE('',*,*,#7016,.T.);
#9548=ORIENTED_EDGE('',*,*,#7014,.T.);
#9549=ORIENTED_EDGE('',*,*,#7010,.T.);
#9550=ORIENTED_EDGE('',*,*,#7013,.T.);
#9551=ORIENTED_EDGE('',*,*,#7019,.F.);
#9552=ORIENTED_EDGE('',*,*,#7020,.T.);
#9553=ORIENTED_EDGE('',*,*,#7020,.F.);
#9554=ORIENTED_EDGE('',*,*,#7021,.T.);
#9555=ORIENTED_EDGE('',*,*,#7022,.T.);
#9556=ORIENTED_EDGE('',*,*,#7023,.T.);
#9557=ORIENTED_EDGE('',*,*,#7024,.T.);
#9558=ORIENTED_EDGE('',*,*,#7025,.T.);
#9559=ORIENTED_EDGE('',*,*,#7026,.T.);
#9560=ORIENTED_EDGE('',*,*,#7019,.T.);
#9561=ORIENTED_EDGE('',*,*,#7021,.F.);
#9562=ORIENTED_EDGE('',*,*,#7027,.T.);
#9563=ORIENTED_EDGE('',*,*,#7028,.T.);
#9564=ORIENTED_EDGE('',*,*,#7029,.F.);
#9565=ORIENTED_EDGE('',*,*,#7022,.F.);
#9566=ORIENTED_EDGE('',*,*,#7029,.T.);
#9567=ORIENTED_EDGE('',*,*,#7030,.T.);
#9568=ORIENTED_EDGE('',*,*,#7031,.F.);
#9569=ORIENTED_EDGE('',*,*,#7030,.F.);
#9570=ORIENTED_EDGE('',*,*,#7028,.F.);
#9571=ORIENTED_EDGE('',*,*,#7032,.F.);
#9572=ORIENTED_EDGE('',*,*,#7033,.F.);
#9573=ORIENTED_EDGE('',*,*,#7034,.F.);
#9574=ORIENTED_EDGE('',*,*,#7035,.T.);
#9575=ORIENTED_EDGE('',*,*,#7036,.T.);
#9576=ORIENTED_EDGE('',*,*,#7037,.T.);
#9577=ORIENTED_EDGE('',*,*,#7024,.F.);
#9578=ORIENTED_EDGE('',*,*,#7038,.T.);
#9579=ORIENTED_EDGE('',*,*,#7039,.T.);
#9580=ORIENTED_EDGE('',*,*,#7039,.F.);
#9581=ORIENTED_EDGE('',*,*,#7037,.F.);
#9582=ORIENTED_EDGE('',*,*,#7040,.T.);
#9583=ORIENTED_EDGE('',*,*,#7041,.T.);
#9584=ORIENTED_EDGE('',*,*,#7025,.F.);
#9585=ORIENTED_EDGE('',*,*,#7042,.F.);
#9586=ORIENTED_EDGE('',*,*,#7043,.F.);
#9587=ORIENTED_EDGE('',*,*,#7040,.F.);
#9588=ORIENTED_EDGE('',*,*,#7036,.F.);
#9589=ORIENTED_EDGE('',*,*,#7044,.F.);
#9590=ORIENTED_EDGE('',*,*,#7045,.F.);
#9591=ORIENTED_EDGE('',*,*,#7038,.F.);
#9592=ORIENTED_EDGE('',*,*,#7041,.F.);
#9593=ORIENTED_EDGE('',*,*,#7043,.T.);
#9594=ORIENTED_EDGE('',*,*,#7046,.T.);
#9595=ORIENTED_EDGE('',*,*,#7047,.F.);
#9596=ORIENTED_EDGE('',*,*,#7048,.T.);
#9597=ORIENTED_EDGE('',*,*,#7032,.T.);
#9598=ORIENTED_EDGE('',*,*,#7027,.F.);
#9599=ORIENTED_EDGE('',*,*,#7026,.F.);
#9600=ORIENTED_EDGE('',*,*,#7042,.T.);
#9601=ORIENTED_EDGE('',*,*,#7049,.T.);
#9602=ORIENTED_EDGE('',*,*,#7050,.F.);
#9603=ORIENTED_EDGE('',*,*,#7046,.F.);
#9604=ORIENTED_EDGE('',*,*,#7048,.F.);
#9605=ORIENTED_EDGE('',*,*,#7051,.F.);
#9606=ORIENTED_EDGE('',*,*,#7052,.T.);
#9607=ORIENTED_EDGE('',*,*,#7033,.T.);
#9608=ORIENTED_EDGE('',*,*,#7052,.F.);
#9609=ORIENTED_EDGE('',*,*,#7053,.F.);
#9610=ORIENTED_EDGE('',*,*,#7054,.F.);
#9611=ORIENTED_EDGE('',*,*,#7044,.T.);
#9612=ORIENTED_EDGE('',*,*,#7035,.F.);
#9613=ORIENTED_EDGE('',*,*,#7023,.F.);
#9614=ORIENTED_EDGE('',*,*,#7031,.T.);
#9615=ORIENTED_EDGE('',*,*,#7034,.T.);
#9616=ORIENTED_EDGE('',*,*,#7045,.T.);
#9617=ORIENTED_EDGE('',*,*,#7054,.T.);
#9618=ORIENTED_EDGE('',*,*,#7055,.F.);
#9619=ORIENTED_EDGE('',*,*,#7049,.F.);
#9620=ORIENTED_EDGE('',*,*,#7055,.T.);
#9621=ORIENTED_EDGE('',*,*,#7053,.T.);
#9622=ORIENTED_EDGE('',*,*,#7051,.T.);
#9623=ORIENTED_EDGE('',*,*,#7047,.T.);
#9624=ORIENTED_EDGE('',*,*,#7050,.T.);
#9625=ORIENTED_EDGE('',*,*,#7056,.T.);
#9626=ORIENTED_EDGE('',*,*,#7057,.T.);
#9627=ORIENTED_EDGE('',*,*,#7056,.F.);
#9628=ORIENTED_EDGE('',*,*,#7058,.F.);
#9629=ORIENTED_EDGE('',*,*,#7059,.F.);
#9630=ORIENTED_EDGE('',*,*,#7060,.T.);
#9631=ORIENTED_EDGE('',*,*,#7061,.F.);
#9632=ORIENTED_EDGE('',*,*,#7062,.F.);
#9633=ORIENTED_EDGE('',*,*,#7061,.T.);
#9634=ORIENTED_EDGE('',*,*,#7063,.T.);
#9635=ORIENTED_EDGE('',*,*,#7064,.F.);
#9636=ORIENTED_EDGE('',*,*,#7063,.F.);
#9637=ORIENTED_EDGE('',*,*,#7060,.F.);
#9638=ORIENTED_EDGE('',*,*,#7065,.T.);
#9639=ORIENTED_EDGE('',*,*,#7066,.F.);
#9640=ORIENTED_EDGE('',*,*,#7067,.F.);
#9641=ORIENTED_EDGE('',*,*,#7068,.F.);
#9642=ORIENTED_EDGE('',*,*,#7057,.F.);
#9643=ORIENTED_EDGE('',*,*,#7062,.T.);
#9644=ORIENTED_EDGE('',*,*,#7069,.F.);
#9645=ORIENTED_EDGE('',*,*,#7070,.T.);
#9646=ORIENTED_EDGE('',*,*,#7071,.F.);
#9647=ORIENTED_EDGE('',*,*,#7058,.T.);
#9648=ORIENTED_EDGE('',*,*,#7072,.T.);
#9649=ORIENTED_EDGE('',*,*,#7073,.F.);
#9650=ORIENTED_EDGE('',*,*,#7072,.F.);
#9651=ORIENTED_EDGE('',*,*,#7074,.T.);
#9652=ORIENTED_EDGE('',*,*,#7066,.T.);
#9653=ORIENTED_EDGE('',*,*,#7075,.F.);
#9654=ORIENTED_EDGE('',*,*,#7076,.F.);
#9655=ORIENTED_EDGE('',*,*,#7077,.F.);
#9656=ORIENTED_EDGE('',*,*,#7078,.T.);
#9657=ORIENTED_EDGE('',*,*,#7067,.T.);
#9658=ORIENTED_EDGE('',*,*,#7074,.F.);
#9659=ORIENTED_EDGE('',*,*,#7079,.F.);
#9660=ORIENTED_EDGE('',*,*,#7080,.F.);
#9661=ORIENTED_EDGE('',*,*,#7081,.T.);
#9662=ORIENTED_EDGE('',*,*,#7075,.T.);
#9663=ORIENTED_EDGE('',*,*,#7065,.F.);
#9664=ORIENTED_EDGE('',*,*,#7059,.T.);
#9665=ORIENTED_EDGE('',*,*,#7071,.T.);
#9666=ORIENTED_EDGE('',*,*,#7082,.F.);
#9667=ORIENTED_EDGE('',*,*,#7083,.T.);
#9668=ORIENTED_EDGE('',*,*,#7082,.T.);
#9669=ORIENTED_EDGE('',*,*,#7070,.F.);
#9670=ORIENTED_EDGE('',*,*,#7084,.F.);
#9671=ORIENTED_EDGE('',*,*,#7085,.T.);
#9672=ORIENTED_EDGE('',*,*,#7086,.T.);
#9673=ORIENTED_EDGE('',*,*,#7087,.F.);
#9674=ORIENTED_EDGE('',*,*,#7080,.T.);
#9675=ORIENTED_EDGE('',*,*,#7088,.F.);
#9676=ORIENTED_EDGE('',*,*,#7084,.T.);
#9677=ORIENTED_EDGE('',*,*,#7069,.T.);
#9678=ORIENTED_EDGE('',*,*,#7064,.T.);
#9679=ORIENTED_EDGE('',*,*,#7068,.T.);
#9680=ORIENTED_EDGE('',*,*,#7078,.F.);
#9681=ORIENTED_EDGE('',*,*,#7089,.F.);
#9682=ORIENTED_EDGE('',*,*,#7090,.F.);
#9683=ORIENTED_EDGE('',*,*,#7091,.T.);
#9684=ORIENTED_EDGE('',*,*,#7090,.T.);
#9685=ORIENTED_EDGE('',*,*,#7092,.F.);
#9686=ORIENTED_EDGE('',*,*,#7086,.F.);
#9687=ORIENTED_EDGE('',*,*,#7092,.T.);
#9688=ORIENTED_EDGE('',*,*,#7089,.T.);
#9689=ORIENTED_EDGE('',*,*,#7077,.T.);
#9690=ORIENTED_EDGE('',*,*,#7076,.T.);
#9691=ORIENTED_EDGE('',*,*,#7081,.F.);
#9692=ORIENTED_EDGE('',*,*,#7087,.T.);
#9693=ORIENTED_EDGE('',*,*,#7073,.T.);
#9694=ORIENTED_EDGE('',*,*,#7091,.F.);
#9695=ORIENTED_EDGE('',*,*,#7085,.F.);
#9696=ORIENTED_EDGE('',*,*,#7079,.T.);
#9697=ORIENTED_EDGE('',*,*,#7083,.F.);
#9698=ORIENTED_EDGE('',*,*,#7088,.T.);
#9699=ORIENTED_EDGE('',*,*,#7093,.T.);
#9700=ORIENTED_EDGE('',*,*,#7094,.T.);
#9701=ORIENTED_EDGE('',*,*,#7093,.F.);
#9702=ORIENTED_EDGE('',*,*,#7095,.F.);
#9703=ORIENTED_EDGE('',*,*,#7096,.F.);
#9704=ORIENTED_EDGE('',*,*,#7097,.T.);
#9705=ORIENTED_EDGE('',*,*,#7098,.F.);
#9706=ORIENTED_EDGE('',*,*,#7099,.F.);
#9707=ORIENTED_EDGE('',*,*,#7098,.T.);
#9708=ORIENTED_EDGE('',*,*,#7100,.T.);
#9709=ORIENTED_EDGE('',*,*,#7101,.F.);
#9710=ORIENTED_EDGE('',*,*,#7100,.F.);
#9711=ORIENTED_EDGE('',*,*,#7097,.F.);
#9712=ORIENTED_EDGE('',*,*,#7102,.T.);
#9713=ORIENTED_EDGE('',*,*,#7103,.F.);
#9714=ORIENTED_EDGE('',*,*,#7104,.F.);
#9715=ORIENTED_EDGE('',*,*,#7105,.F.);
#9716=ORIENTED_EDGE('',*,*,#7094,.F.);
#9717=ORIENTED_EDGE('',*,*,#7099,.T.);
#9718=ORIENTED_EDGE('',*,*,#7106,.F.);
#9719=ORIENTED_EDGE('',*,*,#7107,.T.);
#9720=ORIENTED_EDGE('',*,*,#7108,.F.);
#9721=ORIENTED_EDGE('',*,*,#7095,.T.);
#9722=ORIENTED_EDGE('',*,*,#7109,.T.);
#9723=ORIENTED_EDGE('',*,*,#7110,.F.);
#9724=ORIENTED_EDGE('',*,*,#7109,.F.);
#9725=ORIENTED_EDGE('',*,*,#7111,.T.);
#9726=ORIENTED_EDGE('',*,*,#7103,.T.);
#9727=ORIENTED_EDGE('',*,*,#7112,.F.);
#9728=ORIENTED_EDGE('',*,*,#7113,.F.);
#9729=ORIENTED_EDGE('',*,*,#7114,.F.);
#9730=ORIENTED_EDGE('',*,*,#7115,.T.);
#9731=ORIENTED_EDGE('',*,*,#7104,.T.);
#9732=ORIENTED_EDGE('',*,*,#7111,.F.);
#9733=ORIENTED_EDGE('',*,*,#7116,.F.);
#9734=ORIENTED_EDGE('',*,*,#7117,.F.);
#9735=ORIENTED_EDGE('',*,*,#7118,.T.);
#9736=ORIENTED_EDGE('',*,*,#7112,.T.);
#9737=ORIENTED_EDGE('',*,*,#7102,.F.);
#9738=ORIENTED_EDGE('',*,*,#7096,.T.);
#9739=ORIENTED_EDGE('',*,*,#7108,.T.);
#9740=ORIENTED_EDGE('',*,*,#7119,.F.);
#9741=ORIENTED_EDGE('',*,*,#7120,.T.);
#9742=ORIENTED_EDGE('',*,*,#7119,.T.);
#9743=ORIENTED_EDGE('',*,*,#7107,.F.);
#9744=ORIENTED_EDGE('',*,*,#7121,.F.);
#9745=ORIENTED_EDGE('',*,*,#7122,.T.);
#9746=ORIENTED_EDGE('',*,*,#7123,.T.);
#9747=ORIENTED_EDGE('',*,*,#7124,.F.);
#9748=ORIENTED_EDGE('',*,*,#7117,.T.);
#9749=ORIENTED_EDGE('',*,*,#7125,.F.);
#9750=ORIENTED_EDGE('',*,*,#7121,.T.);
#9751=ORIENTED_EDGE('',*,*,#7106,.T.);
#9752=ORIENTED_EDGE('',*,*,#7101,.T.);
#9753=ORIENTED_EDGE('',*,*,#7105,.T.);
#9754=ORIENTED_EDGE('',*,*,#7115,.F.);
#9755=ORIENTED_EDGE('',*,*,#7126,.F.);
#9756=ORIENTED_EDGE('',*,*,#7127,.F.);
#9757=ORIENTED_EDGE('',*,*,#7128,.T.);
#9758=ORIENTED_EDGE('',*,*,#7127,.T.);
#9759=ORIENTED_EDGE('',*,*,#7129,.F.);
#9760=ORIENTED_EDGE('',*,*,#7123,.F.);
#9761=ORIENTED_EDGE('',*,*,#7129,.T.);
#9762=ORIENTED_EDGE('',*,*,#7126,.T.);
#9763=ORIENTED_EDGE('',*,*,#7114,.T.);
#9764=ORIENTED_EDGE('',*,*,#7113,.T.);
#9765=ORIENTED_EDGE('',*,*,#7118,.F.);
#9766=ORIENTED_EDGE('',*,*,#7124,.T.);
#9767=ORIENTED_EDGE('',*,*,#7110,.T.);
#9768=ORIENTED_EDGE('',*,*,#7128,.F.);
#9769=ORIENTED_EDGE('',*,*,#7122,.F.);
#9770=ORIENTED_EDGE('',*,*,#7116,.T.);
#9771=ORIENTED_EDGE('',*,*,#7120,.F.);
#9772=ORIENTED_EDGE('',*,*,#7125,.T.);
#9773=ORIENTED_EDGE('',*,*,#7130,.T.);
#9774=ORIENTED_EDGE('',*,*,#7131,.T.);
#9775=ORIENTED_EDGE('',*,*,#7130,.F.);
#9776=ORIENTED_EDGE('',*,*,#7132,.F.);
#9777=ORIENTED_EDGE('',*,*,#7133,.F.);
#9778=ORIENTED_EDGE('',*,*,#7134,.T.);
#9779=ORIENTED_EDGE('',*,*,#7135,.F.);
#9780=ORIENTED_EDGE('',*,*,#7136,.F.);
#9781=ORIENTED_EDGE('',*,*,#7135,.T.);
#9782=ORIENTED_EDGE('',*,*,#7137,.T.);
#9783=ORIENTED_EDGE('',*,*,#7138,.F.);
#9784=ORIENTED_EDGE('',*,*,#7137,.F.);
#9785=ORIENTED_EDGE('',*,*,#7134,.F.);
#9786=ORIENTED_EDGE('',*,*,#7139,.T.);
#9787=ORIENTED_EDGE('',*,*,#7140,.F.);
#9788=ORIENTED_EDGE('',*,*,#7141,.F.);
#9789=ORIENTED_EDGE('',*,*,#7142,.F.);
#9790=ORIENTED_EDGE('',*,*,#7131,.F.);
#9791=ORIENTED_EDGE('',*,*,#7136,.T.);
#9792=ORIENTED_EDGE('',*,*,#7143,.F.);
#9793=ORIENTED_EDGE('',*,*,#7144,.T.);
#9794=ORIENTED_EDGE('',*,*,#7145,.F.);
#9795=ORIENTED_EDGE('',*,*,#7132,.T.);
#9796=ORIENTED_EDGE('',*,*,#7146,.T.);
#9797=ORIENTED_EDGE('',*,*,#7147,.F.);
#9798=ORIENTED_EDGE('',*,*,#7146,.F.);
#9799=ORIENTED_EDGE('',*,*,#7148,.T.);
#9800=ORIENTED_EDGE('',*,*,#7140,.T.);
#9801=ORIENTED_EDGE('',*,*,#7149,.F.);
#9802=ORIENTED_EDGE('',*,*,#7150,.F.);
#9803=ORIENTED_EDGE('',*,*,#7151,.F.);
#9804=ORIENTED_EDGE('',*,*,#7152,.T.);
#9805=ORIENTED_EDGE('',*,*,#7141,.T.);
#9806=ORIENTED_EDGE('',*,*,#7148,.F.);
#9807=ORIENTED_EDGE('',*,*,#7153,.F.);
#9808=ORIENTED_EDGE('',*,*,#7154,.F.);
#9809=ORIENTED_EDGE('',*,*,#7155,.T.);
#9810=ORIENTED_EDGE('',*,*,#7149,.T.);
#9811=ORIENTED_EDGE('',*,*,#7139,.F.);
#9812=ORIENTED_EDGE('',*,*,#7133,.T.);
#9813=ORIENTED_EDGE('',*,*,#7145,.T.);
#9814=ORIENTED_EDGE('',*,*,#7156,.F.);
#9815=ORIENTED_EDGE('',*,*,#7157,.T.);
#9816=ORIENTED_EDGE('',*,*,#7156,.T.);
#9817=ORIENTED_EDGE('',*,*,#7144,.F.);
#9818=ORIENTED_EDGE('',*,*,#7158,.F.);
#9819=ORIENTED_EDGE('',*,*,#7159,.T.);
#9820=ORIENTED_EDGE('',*,*,#7160,.T.);
#9821=ORIENTED_EDGE('',*,*,#7161,.F.);
#9822=ORIENTED_EDGE('',*,*,#7154,.T.);
#9823=ORIENTED_EDGE('',*,*,#7162,.F.);
#9824=ORIENTED_EDGE('',*,*,#7158,.T.);
#9825=ORIENTED_EDGE('',*,*,#7143,.T.);
#9826=ORIENTED_EDGE('',*,*,#7138,.T.);
#9827=ORIENTED_EDGE('',*,*,#7142,.T.);
#9828=ORIENTED_EDGE('',*,*,#7152,.F.);
#9829=ORIENTED_EDGE('',*,*,#7163,.F.);
#9830=ORIENTED_EDGE('',*,*,#7164,.F.);
#9831=ORIENTED_EDGE('',*,*,#7165,.T.);
#9832=ORIENTED_EDGE('',*,*,#7164,.T.);
#9833=ORIENTED_EDGE('',*,*,#7166,.F.);
#9834=ORIENTED_EDGE('',*,*,#7160,.F.);
#9835=ORIENTED_EDGE('',*,*,#7166,.T.);
#9836=ORIENTED_EDGE('',*,*,#7163,.T.);
#9837=ORIENTED_EDGE('',*,*,#7151,.T.);
#9838=ORIENTED_EDGE('',*,*,#7150,.T.);
#9839=ORIENTED_EDGE('',*,*,#7155,.F.);
#9840=ORIENTED_EDGE('',*,*,#7161,.T.);
#9841=ORIENTED_EDGE('',*,*,#7147,.T.);
#9842=ORIENTED_EDGE('',*,*,#7165,.F.);
#9843=ORIENTED_EDGE('',*,*,#7159,.F.);
#9844=ORIENTED_EDGE('',*,*,#7153,.T.);
#9845=ORIENTED_EDGE('',*,*,#7157,.F.);
#9846=ORIENTED_EDGE('',*,*,#7162,.T.);
#9847=ORIENTED_EDGE('',*,*,#7167,.T.);
#9848=ORIENTED_EDGE('',*,*,#7168,.T.);
#9849=ORIENTED_EDGE('',*,*,#7168,.F.);
#9850=ORIENTED_EDGE('',*,*,#7169,.F.);
#9851=ORIENTED_EDGE('',*,*,#7170,.F.);
#9852=ORIENTED_EDGE('',*,*,#7171,.F.);
#9853=ORIENTED_EDGE('',*,*,#7172,.F.);
#9854=ORIENTED_EDGE('',*,*,#7173,.F.);
#9855=ORIENTED_EDGE('',*,*,#7174,.F.);
#9856=ORIENTED_EDGE('',*,*,#7167,.F.);
#9857=ORIENTED_EDGE('',*,*,#7169,.T.);
#9858=ORIENTED_EDGE('',*,*,#7175,.T.);
#9859=ORIENTED_EDGE('',*,*,#7176,.F.);
#9860=ORIENTED_EDGE('',*,*,#7177,.F.);
#9861=ORIENTED_EDGE('',*,*,#7174,.T.);
#9862=ORIENTED_EDGE('',*,*,#7178,.T.);
#9863=ORIENTED_EDGE('',*,*,#7179,.F.);
#9864=ORIENTED_EDGE('',*,*,#7175,.F.);
#9865=ORIENTED_EDGE('',*,*,#7179,.T.);
#9866=ORIENTED_EDGE('',*,*,#7180,.T.);
#9867=ORIENTED_EDGE('',*,*,#7181,.T.);
#9868=ORIENTED_EDGE('',*,*,#7182,.T.);
#9869=ORIENTED_EDGE('',*,*,#7176,.T.);
#9870=ORIENTED_EDGE('',*,*,#7183,.F.);
#9871=ORIENTED_EDGE('',*,*,#7172,.T.);
#9872=ORIENTED_EDGE('',*,*,#7184,.F.);
#9873=ORIENTED_EDGE('',*,*,#7185,.F.);
#9874=ORIENTED_EDGE('',*,*,#7186,.F.);
#9875=ORIENTED_EDGE('',*,*,#7187,.T.);
#9876=ORIENTED_EDGE('',*,*,#7187,.F.);
#9877=ORIENTED_EDGE('',*,*,#7184,.T.);
#9878=ORIENTED_EDGE('',*,*,#7171,.T.);
#9879=ORIENTED_EDGE('',*,*,#7188,.F.);
#9880=ORIENTED_EDGE('',*,*,#7189,.F.);
#9881=ORIENTED_EDGE('',*,*,#7190,.T.);
#9882=ORIENTED_EDGE('',*,*,#7191,.T.);
#9883=ORIENTED_EDGE('',*,*,#7192,.T.);
#9884=ORIENTED_EDGE('',*,*,#7185,.T.);
#9885=ORIENTED_EDGE('',*,*,#7189,.T.);
#9886=ORIENTED_EDGE('',*,*,#7193,.T.);
#9887=ORIENTED_EDGE('',*,*,#7186,.T.);
#9888=ORIENTED_EDGE('',*,*,#7188,.T.);
#9889=ORIENTED_EDGE('',*,*,#7170,.T.);
#9890=ORIENTED_EDGE('',*,*,#7177,.T.);
#9891=ORIENTED_EDGE('',*,*,#7182,.F.);
#9892=ORIENTED_EDGE('',*,*,#7194,.F.);
#9893=ORIENTED_EDGE('',*,*,#7195,.T.);
#9894=ORIENTED_EDGE('',*,*,#7196,.F.);
#9895=ORIENTED_EDGE('',*,*,#7193,.F.);
#9896=ORIENTED_EDGE('',*,*,#7190,.F.);
#9897=ORIENTED_EDGE('',*,*,#7196,.T.);
#9898=ORIENTED_EDGE('',*,*,#7197,.T.);
#9899=ORIENTED_EDGE('',*,*,#7198,.F.);
#9900=ORIENTED_EDGE('',*,*,#7194,.T.);
#9901=ORIENTED_EDGE('',*,*,#7181,.F.);
#9902=ORIENTED_EDGE('',*,*,#7199,.F.);
#9903=ORIENTED_EDGE('',*,*,#7200,.T.);
#9904=ORIENTED_EDGE('',*,*,#7199,.T.);
#9905=ORIENTED_EDGE('',*,*,#7180,.F.);
#9906=ORIENTED_EDGE('',*,*,#7178,.F.);
#9907=ORIENTED_EDGE('',*,*,#7173,.T.);
#9908=ORIENTED_EDGE('',*,*,#7183,.T.);
#9909=ORIENTED_EDGE('',*,*,#7192,.F.);
#9910=ORIENTED_EDGE('',*,*,#7201,.T.);
#9911=ORIENTED_EDGE('',*,*,#7202,.T.);
#9912=ORIENTED_EDGE('',*,*,#7191,.F.);
#9913=ORIENTED_EDGE('',*,*,#7198,.T.);
#9914=ORIENTED_EDGE('',*,*,#7203,.T.);
#9915=ORIENTED_EDGE('',*,*,#7201,.F.);
#9916=ORIENTED_EDGE('',*,*,#7203,.F.);
#9917=ORIENTED_EDGE('',*,*,#7197,.F.);
#9918=ORIENTED_EDGE('',*,*,#7195,.F.);
#9919=ORIENTED_EDGE('',*,*,#7200,.F.);
#9920=ORIENTED_EDGE('',*,*,#7202,.F.);
#9921=ORIENTED_EDGE('',*,*,#7204,.T.);
#9922=ORIENTED_EDGE('',*,*,#7205,.T.);
#9923=ORIENTED_EDGE('',*,*,#7205,.F.);
#9924=ORIENTED_EDGE('',*,*,#7206,.F.);
#9925=ORIENTED_EDGE('',*,*,#7207,.F.);
#9926=ORIENTED_EDGE('',*,*,#7208,.F.);
#9927=ORIENTED_EDGE('',*,*,#7209,.F.);
#9928=ORIENTED_EDGE('',*,*,#7210,.F.);
#9929=ORIENTED_EDGE('',*,*,#7211,.F.);
#9930=ORIENTED_EDGE('',*,*,#7204,.F.);
#9931=ORIENTED_EDGE('',*,*,#7206,.T.);
#9932=ORIENTED_EDGE('',*,*,#7212,.T.);
#9933=ORIENTED_EDGE('',*,*,#7213,.F.);
#9934=ORIENTED_EDGE('',*,*,#7214,.F.);
#9935=ORIENTED_EDGE('',*,*,#7211,.T.);
#9936=ORIENTED_EDGE('',*,*,#7215,.T.);
#9937=ORIENTED_EDGE('',*,*,#7216,.F.);
#9938=ORIENTED_EDGE('',*,*,#7212,.F.);
#9939=ORIENTED_EDGE('',*,*,#7216,.T.);
#9940=ORIENTED_EDGE('',*,*,#7217,.T.);
#9941=ORIENTED_EDGE('',*,*,#7218,.T.);
#9942=ORIENTED_EDGE('',*,*,#7219,.T.);
#9943=ORIENTED_EDGE('',*,*,#7213,.T.);
#9944=ORIENTED_EDGE('',*,*,#7220,.F.);
#9945=ORIENTED_EDGE('',*,*,#7209,.T.);
#9946=ORIENTED_EDGE('',*,*,#7221,.F.);
#9947=ORIENTED_EDGE('',*,*,#7222,.F.);
#9948=ORIENTED_EDGE('',*,*,#7223,.F.);
#9949=ORIENTED_EDGE('',*,*,#7224,.T.);
#9950=ORIENTED_EDGE('',*,*,#7224,.F.);
#9951=ORIENTED_EDGE('',*,*,#7221,.T.);
#9952=ORIENTED_EDGE('',*,*,#7208,.T.);
#9953=ORIENTED_EDGE('',*,*,#7225,.F.);
#9954=ORIENTED_EDGE('',*,*,#7226,.F.);
#9955=ORIENTED_EDGE('',*,*,#7227,.T.);
#9956=ORIENTED_EDGE('',*,*,#7228,.T.);
#9957=ORIENTED_EDGE('',*,*,#7229,.T.);
#9958=ORIENTED_EDGE('',*,*,#7222,.T.);
#9959=ORIENTED_EDGE('',*,*,#7226,.T.);
#9960=ORIENTED_EDGE('',*,*,#7230,.T.);
#9961=ORIENTED_EDGE('',*,*,#7223,.T.);
#9962=ORIENTED_EDGE('',*,*,#7225,.T.);
#9963=ORIENTED_EDGE('',*,*,#7207,.T.);
#9964=ORIENTED_EDGE('',*,*,#7214,.T.);
#9965=ORIENTED_EDGE('',*,*,#7219,.F.);
#9966=ORIENTED_EDGE('',*,*,#7231,.F.);
#9967=ORIENTED_EDGE('',*,*,#7232,.T.);
#9968=ORIENTED_EDGE('',*,*,#7233,.F.);
#9969=ORIENTED_EDGE('',*,*,#7230,.F.);
#9970=ORIENTED_EDGE('',*,*,#7227,.F.);
#9971=ORIENTED_EDGE('',*,*,#7233,.T.);
#9972=ORIENTED_EDGE('',*,*,#7234,.T.);
#9973=ORIENTED_EDGE('',*,*,#7235,.F.);
#9974=ORIENTED_EDGE('',*,*,#7231,.T.);
#9975=ORIENTED_EDGE('',*,*,#7218,.F.);
#9976=ORIENTED_EDGE('',*,*,#7236,.F.);
#9977=ORIENTED_EDGE('',*,*,#7237,.T.);
#9978=ORIENTED_EDGE('',*,*,#7236,.T.);
#9979=ORIENTED_EDGE('',*,*,#7217,.F.);
#9980=ORIENTED_EDGE('',*,*,#7215,.F.);
#9981=ORIENTED_EDGE('',*,*,#7210,.T.);
#9982=ORIENTED_EDGE('',*,*,#7220,.T.);
#9983=ORIENTED_EDGE('',*,*,#7229,.F.);
#9984=ORIENTED_EDGE('',*,*,#7238,.T.);
#9985=ORIENTED_EDGE('',*,*,#7239,.T.);
#9986=ORIENTED_EDGE('',*,*,#7228,.F.);
#9987=ORIENTED_EDGE('',*,*,#7235,.T.);
#9988=ORIENTED_EDGE('',*,*,#7240,.T.);
#9989=ORIENTED_EDGE('',*,*,#7238,.F.);
#9990=ORIENTED_EDGE('',*,*,#7240,.F.);
#9991=ORIENTED_EDGE('',*,*,#7234,.F.);
#9992=ORIENTED_EDGE('',*,*,#7232,.F.);
#9993=ORIENTED_EDGE('',*,*,#7237,.F.);
#9994=ORIENTED_EDGE('',*,*,#7239,.F.);
#9995=ORIENTED_EDGE('',*,*,#7241,.T.);
#9996=ORIENTED_EDGE('',*,*,#7242,.T.);
#9997=ORIENTED_EDGE('',*,*,#7242,.F.);
#9998=ORIENTED_EDGE('',*,*,#7243,.F.);
#9999=ORIENTED_EDGE('',*,*,#7244,.F.);
#10000=ORIENTED_EDGE('',*,*,#7245,.F.);
#10001=ORIENTED_EDGE('',*,*,#7246,.F.);
#10002=ORIENTED_EDGE('',*,*,#7247,.F.);
#10003=ORIENTED_EDGE('',*,*,#7248,.F.);
#10004=ORIENTED_EDGE('',*,*,#7241,.F.);
#10005=ORIENTED_EDGE('',*,*,#7243,.T.);
#10006=ORIENTED_EDGE('',*,*,#7249,.T.);
#10007=ORIENTED_EDGE('',*,*,#7250,.F.);
#10008=ORIENTED_EDGE('',*,*,#7251,.F.);
#10009=ORIENTED_EDGE('',*,*,#7248,.T.);
#10010=ORIENTED_EDGE('',*,*,#7252,.T.);
#10011=ORIENTED_EDGE('',*,*,#7253,.F.);
#10012=ORIENTED_EDGE('',*,*,#7249,.F.);
#10013=ORIENTED_EDGE('',*,*,#7253,.T.);
#10014=ORIENTED_EDGE('',*,*,#7254,.T.);
#10015=ORIENTED_EDGE('',*,*,#7255,.T.);
#10016=ORIENTED_EDGE('',*,*,#7256,.T.);
#10017=ORIENTED_EDGE('',*,*,#7250,.T.);
#10018=ORIENTED_EDGE('',*,*,#7257,.F.);
#10019=ORIENTED_EDGE('',*,*,#7246,.T.);
#10020=ORIENTED_EDGE('',*,*,#7258,.F.);
#10021=ORIENTED_EDGE('',*,*,#7259,.F.);
#10022=ORIENTED_EDGE('',*,*,#7260,.F.);
#10023=ORIENTED_EDGE('',*,*,#7261,.T.);
#10024=ORIENTED_EDGE('',*,*,#7261,.F.);
#10025=ORIENTED_EDGE('',*,*,#7258,.T.);
#10026=ORIENTED_EDGE('',*,*,#7245,.T.);
#10027=ORIENTED_EDGE('',*,*,#7262,.F.);
#10028=ORIENTED_EDGE('',*,*,#7263,.F.);
#10029=ORIENTED_EDGE('',*,*,#7264,.T.);
#10030=ORIENTED_EDGE('',*,*,#7265,.T.);
#10031=ORIENTED_EDGE('',*,*,#7266,.T.);
#10032=ORIENTED_EDGE('',*,*,#7259,.T.);
#10033=ORIENTED_EDGE('',*,*,#7263,.T.);
#10034=ORIENTED_EDGE('',*,*,#7267,.T.);
#10035=ORIENTED_EDGE('',*,*,#7260,.T.);
#10036=ORIENTED_EDGE('',*,*,#7262,.T.);
#10037=ORIENTED_EDGE('',*,*,#7244,.T.);
#10038=ORIENTED_EDGE('',*,*,#7251,.T.);
#10039=ORIENTED_EDGE('',*,*,#7256,.F.);
#10040=ORIENTED_EDGE('',*,*,#7268,.F.);
#10041=ORIENTED_EDGE('',*,*,#7269,.T.);
#10042=ORIENTED_EDGE('',*,*,#7270,.F.);
#10043=ORIENTED_EDGE('',*,*,#7267,.F.);
#10044=ORIENTED_EDGE('',*,*,#7264,.F.);
#10045=ORIENTED_EDGE('',*,*,#7270,.T.);
#10046=ORIENTED_EDGE('',*,*,#7271,.T.);
#10047=ORIENTED_EDGE('',*,*,#7272,.F.);
#10048=ORIENTED_EDGE('',*,*,#7268,.T.);
#10049=ORIENTED_EDGE('',*,*,#7255,.F.);
#10050=ORIENTED_EDGE('',*,*,#7273,.F.);
#10051=ORIENTED_EDGE('',*,*,#7274,.T.);
#10052=ORIENTED_EDGE('',*,*,#7273,.T.);
#10053=ORIENTED_EDGE('',*,*,#7254,.F.);
#10054=ORIENTED_EDGE('',*,*,#7252,.F.);
#10055=ORIENTED_EDGE('',*,*,#7247,.T.);
#10056=ORIENTED_EDGE('',*,*,#7257,.T.);
#10057=ORIENTED_EDGE('',*,*,#7266,.F.);
#10058=ORIENTED_EDGE('',*,*,#7275,.T.);
#10059=ORIENTED_EDGE('',*,*,#7276,.T.);
#10060=ORIENTED_EDGE('',*,*,#7265,.F.);
#10061=ORIENTED_EDGE('',*,*,#7272,.T.);
#10062=ORIENTED_EDGE('',*,*,#7277,.T.);
#10063=ORIENTED_EDGE('',*,*,#7275,.F.);
#10064=ORIENTED_EDGE('',*,*,#7277,.F.);
#10065=ORIENTED_EDGE('',*,*,#7271,.F.);
#10066=ORIENTED_EDGE('',*,*,#7269,.F.);
#10067=ORIENTED_EDGE('',*,*,#7274,.F.);
#10068=ORIENTED_EDGE('',*,*,#7276,.F.);
#10069=ORIENTED_EDGE('',*,*,#7278,.T.);
#10070=ORIENTED_EDGE('',*,*,#7279,.F.);
#10071=ORIENTED_EDGE('',*,*,#7278,.F.);
#10072=ORIENTED_EDGE('',*,*,#7280,.T.);
#10073=ORIENTED_EDGE('',*,*,#7281,.T.);
#10074=ORIENTED_EDGE('',*,*,#7282,.T.);
#10075=ORIENTED_EDGE('',*,*,#7283,.T.);
#10076=ORIENTED_EDGE('',*,*,#7284,.T.);
#10077=ORIENTED_EDGE('',*,*,#7279,.T.);
#10078=ORIENTED_EDGE('',*,*,#7285,.T.);
#10079=ORIENTED_EDGE('',*,*,#7286,.T.);
#10080=ORIENTED_EDGE('',*,*,#7285,.F.);
#10081=ORIENTED_EDGE('',*,*,#7287,.T.);
#10082=ORIENTED_EDGE('',*,*,#7283,.F.);
#10083=ORIENTED_EDGE('',*,*,#7288,.F.);
#10084=ORIENTED_EDGE('',*,*,#7289,.T.);
#10085=ORIENTED_EDGE('',*,*,#7290,.T.);
#10086=ORIENTED_EDGE('',*,*,#7284,.F.);
#10087=ORIENTED_EDGE('',*,*,#7287,.F.);
#10088=ORIENTED_EDGE('',*,*,#7291,.T.);
#10089=ORIENTED_EDGE('',*,*,#7290,.F.);
#10090=ORIENTED_EDGE('',*,*,#7292,.T.);
#10091=ORIENTED_EDGE('',*,*,#7293,.F.);
#10092=ORIENTED_EDGE('',*,*,#7280,.F.);
#10093=ORIENTED_EDGE('',*,*,#7288,.T.);
#10094=ORIENTED_EDGE('',*,*,#7282,.F.);
#10095=ORIENTED_EDGE('',*,*,#7294,.F.);
#10096=ORIENTED_EDGE('',*,*,#7295,.T.);
#10097=ORIENTED_EDGE('',*,*,#7294,.T.);
#10098=ORIENTED_EDGE('',*,*,#7281,.F.);
#10099=ORIENTED_EDGE('',*,*,#7293,.T.);
#10100=ORIENTED_EDGE('',*,*,#7296,.T.);
#10101=ORIENTED_EDGE('',*,*,#7292,.F.);
#10102=ORIENTED_EDGE('',*,*,#7291,.F.);
#10103=ORIENTED_EDGE('',*,*,#7289,.F.);
#10104=ORIENTED_EDGE('',*,*,#7295,.F.);
#10105=ORIENTED_EDGE('',*,*,#7296,.F.);
#10106=ORIENTED_EDGE('',*,*,#7286,.F.);
#10107=ORIENTED_EDGE('',*,*,#7297,.T.);
#10108=ORIENTED_EDGE('',*,*,#7298,.F.);
#10109=ORIENTED_EDGE('',*,*,#7297,.F.);
#10110=ORIENTED_EDGE('',*,*,#7299,.T.);
#10111=ORIENTED_EDGE('',*,*,#7300,.T.);
#10112=ORIENTED_EDGE('',*,*,#7301,.T.);
#10113=ORIENTED_EDGE('',*,*,#7302,.T.);
#10114=ORIENTED_EDGE('',*,*,#7303,.T.);
#10115=ORIENTED_EDGE('',*,*,#7298,.T.);
#10116=ORIENTED_EDGE('',*,*,#7304,.T.);
#10117=ORIENTED_EDGE('',*,*,#7305,.T.);
#10118=ORIENTED_EDGE('',*,*,#7304,.F.);
#10119=ORIENTED_EDGE('',*,*,#7306,.T.);
#10120=ORIENTED_EDGE('',*,*,#7302,.F.);
#10121=ORIENTED_EDGE('',*,*,#7307,.F.);
#10122=ORIENTED_EDGE('',*,*,#7308,.T.);
#10123=ORIENTED_EDGE('',*,*,#7309,.T.);
#10124=ORIENTED_EDGE('',*,*,#7303,.F.);
#10125=ORIENTED_EDGE('',*,*,#7306,.F.);
#10126=ORIENTED_EDGE('',*,*,#7310,.T.);
#10127=ORIENTED_EDGE('',*,*,#7309,.F.);
#10128=ORIENTED_EDGE('',*,*,#7311,.T.);
#10129=ORIENTED_EDGE('',*,*,#7312,.F.);
#10130=ORIENTED_EDGE('',*,*,#7299,.F.);
#10131=ORIENTED_EDGE('',*,*,#7307,.T.);
#10132=ORIENTED_EDGE('',*,*,#7301,.F.);
#10133=ORIENTED_EDGE('',*,*,#7313,.F.);
#10134=ORIENTED_EDGE('',*,*,#7314,.T.);
#10135=ORIENTED_EDGE('',*,*,#7313,.T.);
#10136=ORIENTED_EDGE('',*,*,#7300,.F.);
#10137=ORIENTED_EDGE('',*,*,#7312,.T.);
#10138=ORIENTED_EDGE('',*,*,#7315,.T.);
#10139=ORIENTED_EDGE('',*,*,#7311,.F.);
#10140=ORIENTED_EDGE('',*,*,#7310,.F.);
#10141=ORIENTED_EDGE('',*,*,#7308,.F.);
#10142=ORIENTED_EDGE('',*,*,#7314,.F.);
#10143=ORIENTED_EDGE('',*,*,#7315,.F.);
#10144=ORIENTED_EDGE('',*,*,#7305,.F.);
#10145=ORIENTED_EDGE('',*,*,#7316,.T.);
#10146=ORIENTED_EDGE('',*,*,#7317,.F.);
#10147=ORIENTED_EDGE('',*,*,#7316,.F.);
#10148=ORIENTED_EDGE('',*,*,#7318,.T.);
#10149=ORIENTED_EDGE('',*,*,#7319,.T.);
#10150=ORIENTED_EDGE('',*,*,#7320,.T.);
#10151=ORIENTED_EDGE('',*,*,#7321,.T.);
#10152=ORIENTED_EDGE('',*,*,#7322,.T.);
#10153=ORIENTED_EDGE('',*,*,#7317,.T.);
#10154=ORIENTED_EDGE('',*,*,#7323,.T.);
#10155=ORIENTED_EDGE('',*,*,#7324,.T.);
#10156=ORIENTED_EDGE('',*,*,#7323,.F.);
#10157=ORIENTED_EDGE('',*,*,#7325,.T.);
#10158=ORIENTED_EDGE('',*,*,#7321,.F.);
#10159=ORIENTED_EDGE('',*,*,#7326,.F.);
#10160=ORIENTED_EDGE('',*,*,#7327,.T.);
#10161=ORIENTED_EDGE('',*,*,#7328,.T.);
#10162=ORIENTED_EDGE('',*,*,#7322,.F.);
#10163=ORIENTED_EDGE('',*,*,#7325,.F.);
#10164=ORIENTED_EDGE('',*,*,#7329,.T.);
#10165=ORIENTED_EDGE('',*,*,#7328,.F.);
#10166=ORIENTED_EDGE('',*,*,#7330,.T.);
#10167=ORIENTED_EDGE('',*,*,#7331,.F.);
#10168=ORIENTED_EDGE('',*,*,#7318,.F.);
#10169=ORIENTED_EDGE('',*,*,#7326,.T.);
#10170=ORIENTED_EDGE('',*,*,#7320,.F.);
#10171=ORIENTED_EDGE('',*,*,#7332,.F.);
#10172=ORIENTED_EDGE('',*,*,#7333,.T.);
#10173=ORIENTED_EDGE('',*,*,#7332,.T.);
#10174=ORIENTED_EDGE('',*,*,#7319,.F.);
#10175=ORIENTED_EDGE('',*,*,#7331,.T.);
#10176=ORIENTED_EDGE('',*,*,#7334,.T.);
#10177=ORIENTED_EDGE('',*,*,#7330,.F.);
#10178=ORIENTED_EDGE('',*,*,#7329,.F.);
#10179=ORIENTED_EDGE('',*,*,#7327,.F.);
#10180=ORIENTED_EDGE('',*,*,#7333,.F.);
#10181=ORIENTED_EDGE('',*,*,#7334,.F.);
#10182=ORIENTED_EDGE('',*,*,#7324,.F.);
#10183=ORIENTED_EDGE('',*,*,#7335,.T.);
#10184=ORIENTED_EDGE('',*,*,#7336,.T.);
#10185=ORIENTED_EDGE('',*,*,#7335,.F.);
#10186=ORIENTED_EDGE('',*,*,#7337,.F.);
#10187=ORIENTED_EDGE('',*,*,#7338,.F.);
#10188=ORIENTED_EDGE('',*,*,#7339,.F.);
#10189=ORIENTED_EDGE('',*,*,#7340,.F.);
#10190=ORIENTED_EDGE('',*,*,#7341,.F.);
#10191=ORIENTED_EDGE('',*,*,#7336,.F.);
#10192=ORIENTED_EDGE('',*,*,#7342,.T.);
#10193=ORIENTED_EDGE('',*,*,#7343,.F.);
#10194=ORIENTED_EDGE('',*,*,#7342,.F.);
#10195=ORIENTED_EDGE('',*,*,#7344,.F.);
#10196=ORIENTED_EDGE('',*,*,#7345,.F.);
#10197=ORIENTED_EDGE('',*,*,#7346,.T.);
#10198=ORIENTED_EDGE('',*,*,#7339,.T.);
#10199=ORIENTED_EDGE('',*,*,#7347,.F.);
#10200=ORIENTED_EDGE('',*,*,#7348,.F.);
#10201=ORIENTED_EDGE('',*,*,#7344,.T.);
#10202=ORIENTED_EDGE('',*,*,#7338,.T.);
#10203=ORIENTED_EDGE('',*,*,#7347,.T.);
#10204=ORIENTED_EDGE('',*,*,#7337,.T.);
#10205=ORIENTED_EDGE('',*,*,#7349,.T.);
#10206=ORIENTED_EDGE('',*,*,#7350,.F.);
#10207=ORIENTED_EDGE('',*,*,#7346,.F.);
#10208=ORIENTED_EDGE('',*,*,#7351,.F.);
#10209=ORIENTED_EDGE('',*,*,#7352,.T.);
#10210=ORIENTED_EDGE('',*,*,#7340,.T.);
#10211=ORIENTED_EDGE('',*,*,#7352,.F.);
#10212=ORIENTED_EDGE('',*,*,#7353,.F.);
#10213=ORIENTED_EDGE('',*,*,#7349,.F.);
#10214=ORIENTED_EDGE('',*,*,#7341,.T.);
#10215=ORIENTED_EDGE('',*,*,#7350,.T.);
#10216=ORIENTED_EDGE('',*,*,#7353,.T.);
#10217=ORIENTED_EDGE('',*,*,#7351,.T.);
#10218=ORIENTED_EDGE('',*,*,#7345,.T.);
#10219=ORIENTED_EDGE('',*,*,#7348,.T.);
#10220=ORIENTED_EDGE('',*,*,#7343,.T.);
#10221=ORIENTED_EDGE('',*,*,#7354,.T.);
#10222=ORIENTED_EDGE('',*,*,#7355,.T.);
#10223=ORIENTED_EDGE('',*,*,#7354,.F.);
#10224=ORIENTED_EDGE('',*,*,#7356,.F.);
#10225=ORIENTED_EDGE('',*,*,#7357,.F.);
#10226=ORIENTED_EDGE('',*,*,#7358,.F.);
#10227=ORIENTED_EDGE('',*,*,#7359,.F.);
#10228=ORIENTED_EDGE('',*,*,#7360,.F.);
#10229=ORIENTED_EDGE('',*,*,#7355,.F.);
#10230=ORIENTED_EDGE('',*,*,#7361,.T.);
#10231=ORIENTED_EDGE('',*,*,#7362,.F.);
#10232=ORIENTED_EDGE('',*,*,#7361,.F.);
#10233=ORIENTED_EDGE('',*,*,#7363,.F.);
#10234=ORIENTED_EDGE('',*,*,#7364,.F.);
#10235=ORIENTED_EDGE('',*,*,#7365,.T.);
#10236=ORIENTED_EDGE('',*,*,#7358,.T.);
#10237=ORIENTED_EDGE('',*,*,#7366,.F.);
#10238=ORIENTED_EDGE('',*,*,#7367,.F.);
#10239=ORIENTED_EDGE('',*,*,#7363,.T.);
#10240=ORIENTED_EDGE('',*,*,#7357,.T.);
#10241=ORIENTED_EDGE('',*,*,#7366,.T.);
#10242=ORIENTED_EDGE('',*,*,#7356,.T.);
#10243=ORIENTED_EDGE('',*,*,#7368,.T.);
#10244=ORIENTED_EDGE('',*,*,#7369,.F.);
#10245=ORIENTED_EDGE('',*,*,#7365,.F.);
#10246=ORIENTED_EDGE('',*,*,#7370,.F.);
#10247=ORIENTED_EDGE('',*,*,#7371,.T.);
#10248=ORIENTED_EDGE('',*,*,#7359,.T.);
#10249=ORIENTED_EDGE('',*,*,#7371,.F.);
#10250=ORIENTED_EDGE('',*,*,#7372,.F.);
#10251=ORIENTED_EDGE('',*,*,#7368,.F.);
#10252=ORIENTED_EDGE('',*,*,#7360,.T.);
#10253=ORIENTED_EDGE('',*,*,#7369,.T.);
#10254=ORIENTED_EDGE('',*,*,#7372,.T.);
#10255=ORIENTED_EDGE('',*,*,#7370,.T.);
#10256=ORIENTED_EDGE('',*,*,#7364,.T.);
#10257=ORIENTED_EDGE('',*,*,#7367,.T.);
#10258=ORIENTED_EDGE('',*,*,#7362,.T.);
#10259=ORIENTED_EDGE('',*,*,#7373,.T.);
#10260=ORIENTED_EDGE('',*,*,#7374,.T.);
#10261=ORIENTED_EDGE('',*,*,#7373,.F.);
#10262=ORIENTED_EDGE('',*,*,#7375,.F.);
#10263=ORIENTED_EDGE('',*,*,#7376,.F.);
#10264=ORIENTED_EDGE('',*,*,#7377,.F.);
#10265=ORIENTED_EDGE('',*,*,#7378,.F.);
#10266=ORIENTED_EDGE('',*,*,#7379,.F.);
#10267=ORIENTED_EDGE('',*,*,#7374,.F.);
#10268=ORIENTED_EDGE('',*,*,#7380,.T.);
#10269=ORIENTED_EDGE('',*,*,#7381,.F.);
#10270=ORIENTED_EDGE('',*,*,#7380,.F.);
#10271=ORIENTED_EDGE('',*,*,#7382,.F.);
#10272=ORIENTED_EDGE('',*,*,#7383,.F.);
#10273=ORIENTED_EDGE('',*,*,#7384,.T.);
#10274=ORIENTED_EDGE('',*,*,#7377,.T.);
#10275=ORIENTED_EDGE('',*,*,#7385,.F.);
#10276=ORIENTED_EDGE('',*,*,#7386,.F.);
#10277=ORIENTED_EDGE('',*,*,#7382,.T.);
#10278=ORIENTED_EDGE('',*,*,#7376,.T.);
#10279=ORIENTED_EDGE('',*,*,#7385,.T.);
#10280=ORIENTED_EDGE('',*,*,#7375,.T.);
#10281=ORIENTED_EDGE('',*,*,#7387,.T.);
#10282=ORIENTED_EDGE('',*,*,#7388,.F.);
#10283=ORIENTED_EDGE('',*,*,#7384,.F.);
#10284=ORIENTED_EDGE('',*,*,#7389,.F.);
#10285=ORIENTED_EDGE('',*,*,#7390,.T.);
#10286=ORIENTED_EDGE('',*,*,#7378,.T.);
#10287=ORIENTED_EDGE('',*,*,#7390,.F.);
#10288=ORIENTED_EDGE('',*,*,#7391,.F.);
#10289=ORIENTED_EDGE('',*,*,#7387,.F.);
#10290=ORIENTED_EDGE('',*,*,#7379,.T.);
#10291=ORIENTED_EDGE('',*,*,#7388,.T.);
#10292=ORIENTED_EDGE('',*,*,#7391,.T.);
#10293=ORIENTED_EDGE('',*,*,#7389,.T.);
#10294=ORIENTED_EDGE('',*,*,#7383,.T.);
#10295=ORIENTED_EDGE('',*,*,#7386,.T.);
#10296=ORIENTED_EDGE('',*,*,#7381,.T.);
#10297=ORIENTED_EDGE('',*,*,#7392,.T.);
#10298=ORIENTED_EDGE('',*,*,#7393,.T.);
#10299=ORIENTED_EDGE('',*,*,#7394,.T.);
#10300=ORIENTED_EDGE('',*,*,#7395,.F.);
#10301=ORIENTED_EDGE('',*,*,#7396,.F.);
#10302=ORIENTED_EDGE('',*,*,#7397,.F.);
#10303=ORIENTED_EDGE('',*,*,#7398,.F.);
#10304=ORIENTED_EDGE('',*,*,#7394,.F.);
#10305=ORIENTED_EDGE('',*,*,#7399,.T.);
#10306=ORIENTED_EDGE('',*,*,#7400,.T.);
#10307=ORIENTED_EDGE('',*,*,#7401,.T.);
#10308=ORIENTED_EDGE('',*,*,#7402,.T.);
#10309=ORIENTED_EDGE('',*,*,#7403,.T.);
#10310=ORIENTED_EDGE('',*,*,#7404,.T.);
#10311=ORIENTED_EDGE('',*,*,#7404,.F.);
#10312=ORIENTED_EDGE('',*,*,#7405,.F.);
#10313=ORIENTED_EDGE('',*,*,#7393,.F.);
#10314=ORIENTED_EDGE('',*,*,#7406,.F.);
#10315=ORIENTED_EDGE('',*,*,#7407,.F.);
#10316=ORIENTED_EDGE('',*,*,#7408,.F.);
#10317=ORIENTED_EDGE('',*,*,#7409,.F.);
#10318=ORIENTED_EDGE('',*,*,#7410,.F.);
#10319=ORIENTED_EDGE('',*,*,#7401,.F.);
#10320=ORIENTED_EDGE('',*,*,#7411,.T.);
#10321=ORIENTED_EDGE('',*,*,#7412,.T.);
#10322=ORIENTED_EDGE('',*,*,#7413,.T.);
#10323=ORIENTED_EDGE('',*,*,#7414,.F.);
#10324=ORIENTED_EDGE('',*,*,#7396,.T.);
#10325=ORIENTED_EDGE('',*,*,#7415,.F.);
#10326=ORIENTED_EDGE('',*,*,#7413,.F.);
#10327=ORIENTED_EDGE('',*,*,#7416,.T.);
#10328=ORIENTED_EDGE('',*,*,#7417,.T.);
#10329=ORIENTED_EDGE('',*,*,#7418,.T.);
#10330=ORIENTED_EDGE('',*,*,#7418,.F.);
#10331=ORIENTED_EDGE('',*,*,#7419,.F.);
#10332=ORIENTED_EDGE('',*,*,#7399,.F.);
#10333=ORIENTED_EDGE('',*,*,#7420,.F.);
#10334=ORIENTED_EDGE('',*,*,#7402,.F.);
#10335=ORIENTED_EDGE('',*,*,#7421,.F.);
#10336=ORIENTED_EDGE('',*,*,#7417,.F.);
#10337=ORIENTED_EDGE('',*,*,#7422,.F.);
#10338=ORIENTED_EDGE('',*,*,#7423,.T.);
#10339=ORIENTED_EDGE('',*,*,#7424,.T.);
#10340=ORIENTED_EDGE('',*,*,#7425,.T.);
#10341=ORIENTED_EDGE('',*,*,#7426,.F.);
#10342=ORIENTED_EDGE('',*,*,#7409,.T.);
#10343=ORIENTED_EDGE('',*,*,#7427,.F.);
#10344=ORIENTED_EDGE('',*,*,#7425,.F.);
#10345=ORIENTED_EDGE('',*,*,#7416,.F.);
#10346=ORIENTED_EDGE('',*,*,#7428,.F.);
#10347=ORIENTED_EDGE('',*,*,#7424,.F.);
#10348=ORIENTED_EDGE('',*,*,#7429,.F.);
#10349=ORIENTED_EDGE('',*,*,#7423,.F.);
#10350=ORIENTED_EDGE('',*,*,#7430,.F.);
#10351=ORIENTED_EDGE('',*,*,#7412,.F.);
#10352=ORIENTED_EDGE('',*,*,#7431,.F.);
#10353=ORIENTED_EDGE('',*,*,#7411,.F.);
#10354=ORIENTED_EDGE('',*,*,#7432,.F.);
#10355=ORIENTED_EDGE('',*,*,#7403,.F.);
#10356=ORIENTED_EDGE('',*,*,#7433,.F.);
#10357=ORIENTED_EDGE('',*,*,#7392,.F.);
#10358=ORIENTED_EDGE('',*,*,#7434,.F.);
#10359=ORIENTED_EDGE('',*,*,#7400,.F.);
#10360=ORIENTED_EDGE('',*,*,#7435,.F.);
#10361=ORIENTED_EDGE('',*,*,#7398,.T.);
#10362=ORIENTED_EDGE('',*,*,#7436,.F.);
#10363=ORIENTED_EDGE('',*,*,#7407,.T.);
#10364=ORIENTED_EDGE('',*,*,#7434,.T.);
#10365=ORIENTED_EDGE('',*,*,#7395,.T.);
#10366=ORIENTED_EDGE('',*,*,#7405,.T.);
#10367=ORIENTED_EDGE('',*,*,#7432,.T.);
#10368=ORIENTED_EDGE('',*,*,#7415,.T.);
#10369=ORIENTED_EDGE('',*,*,#7410,.T.);
#10370=ORIENTED_EDGE('',*,*,#7426,.T.);
#10371=ORIENTED_EDGE('',*,*,#7428,.T.);
#10372=ORIENTED_EDGE('',*,*,#7420,.T.);
#10373=ORIENTED_EDGE('',*,*,#7419,.T.);
#10374=ORIENTED_EDGE('',*,*,#7421,.T.);
#10375=ORIENTED_EDGE('',*,*,#7406,.T.);
#10376=ORIENTED_EDGE('',*,*,#7435,.T.);
#10377=ORIENTED_EDGE('',*,*,#7422,.T.);
#10378=ORIENTED_EDGE('',*,*,#7429,.T.);
#10379=ORIENTED_EDGE('',*,*,#7431,.T.);
#10380=ORIENTED_EDGE('',*,*,#7433,.T.);
#10381=ORIENTED_EDGE('',*,*,#7397,.T.);
#10382=ORIENTED_EDGE('',*,*,#7414,.T.);
#10383=ORIENTED_EDGE('',*,*,#7430,.T.);
#10384=ORIENTED_EDGE('',*,*,#7427,.T.);
#10385=ORIENTED_EDGE('',*,*,#7408,.T.);
#10386=ORIENTED_EDGE('',*,*,#7436,.T.);
#10387=ORIENTED_EDGE('',*,*,#7437,.T.);
#10388=ORIENTED_EDGE('',*,*,#7438,.T.);
#10389=ORIENTED_EDGE('',*,*,#7439,.T.);
#10390=ORIENTED_EDGE('',*,*,#7440,.F.);
#10391=ORIENTED_EDGE('',*,*,#7441,.F.);
#10392=ORIENTED_EDGE('',*,*,#7442,.F.);
#10393=ORIENTED_EDGE('',*,*,#7443,.F.);
#10394=ORIENTED_EDGE('',*,*,#7439,.F.);
#10395=ORIENTED_EDGE('',*,*,#7444,.T.);
#10396=ORIENTED_EDGE('',*,*,#7445,.T.);
#10397=ORIENTED_EDGE('',*,*,#7446,.T.);
#10398=ORIENTED_EDGE('',*,*,#7447,.T.);
#10399=ORIENTED_EDGE('',*,*,#7448,.T.);
#10400=ORIENTED_EDGE('',*,*,#7449,.T.);
#10401=ORIENTED_EDGE('',*,*,#7449,.F.);
#10402=ORIENTED_EDGE('',*,*,#7450,.F.);
#10403=ORIENTED_EDGE('',*,*,#7438,.F.);
#10404=ORIENTED_EDGE('',*,*,#7451,.F.);
#10405=ORIENTED_EDGE('',*,*,#7452,.F.);
#10406=ORIENTED_EDGE('',*,*,#7453,.F.);
#10407=ORIENTED_EDGE('',*,*,#7454,.F.);
#10408=ORIENTED_EDGE('',*,*,#7455,.F.);
#10409=ORIENTED_EDGE('',*,*,#7446,.F.);
#10410=ORIENTED_EDGE('',*,*,#7456,.T.);
#10411=ORIENTED_EDGE('',*,*,#7457,.T.);
#10412=ORIENTED_EDGE('',*,*,#7458,.T.);
#10413=ORIENTED_EDGE('',*,*,#7459,.F.);
#10414=ORIENTED_EDGE('',*,*,#7441,.T.);
#10415=ORIENTED_EDGE('',*,*,#7460,.F.);
#10416=ORIENTED_EDGE('',*,*,#7458,.F.);
#10417=ORIENTED_EDGE('',*,*,#7461,.T.);
#10418=ORIENTED_EDGE('',*,*,#7462,.T.);
#10419=ORIENTED_EDGE('',*,*,#7463,.T.);
#10420=ORIENTED_EDGE('',*,*,#7463,.F.);
#10421=ORIENTED_EDGE('',*,*,#7464,.F.);
#10422=ORIENTED_EDGE('',*,*,#7444,.F.);
#10423=ORIENTED_EDGE('',*,*,#7465,.F.);
#10424=ORIENTED_EDGE('',*,*,#7447,.F.);
#10425=ORIENTED_EDGE('',*,*,#7466,.F.);
#10426=ORIENTED_EDGE('',*,*,#7462,.F.);
#10427=ORIENTED_EDGE('',*,*,#7467,.F.);
#10428=ORIENTED_EDGE('',*,*,#7468,.T.);
#10429=ORIENTED_EDGE('',*,*,#7469,.T.);
#10430=ORIENTED_EDGE('',*,*,#7470,.T.);
#10431=ORIENTED_EDGE('',*,*,#7471,.F.);
#10432=ORIENTED_EDGE('',*,*,#7454,.T.);
#10433=ORIENTED_EDGE('',*,*,#7472,.F.);
#10434=ORIENTED_EDGE('',*,*,#7470,.F.);
#10435=ORIENTED_EDGE('',*,*,#7461,.F.);
#10436=ORIENTED_EDGE('',*,*,#7473,.F.);
#10437=ORIENTED_EDGE('',*,*,#7469,.F.);
#10438=ORIENTED_EDGE('',*,*,#7474,.F.);
#10439=ORIENTED_EDGE('',*,*,#7468,.F.);
#10440=ORIENTED_EDGE('',*,*,#7475,.F.);
#10441=ORIENTED_EDGE('',*,*,#7457,.F.);
#10442=ORIENTED_EDGE('',*,*,#7476,.F.);
#10443=ORIENTED_EDGE('',*,*,#7456,.F.);
#10444=ORIENTED_EDGE('',*,*,#7477,.F.);
#10445=ORIENTED_EDGE('',*,*,#7448,.F.);
#10446=ORIENTED_EDGE('',*,*,#7478,.F.);
#10447=ORIENTED_EDGE('',*,*,#7437,.F.);
#10448=ORIENTED_EDGE('',*,*,#7479,.F.);
#10449=ORIENTED_EDGE('',*,*,#7445,.F.);
#10450=ORIENTED_EDGE('',*,*,#7480,.F.);
#10451=ORIENTED_EDGE('',*,*,#7443,.T.);
#10452=ORIENTED_EDGE('',*,*,#7481,.F.);
#10453=ORIENTED_EDGE('',*,*,#7452,.T.);
#10454=ORIENTED_EDGE('',*,*,#7479,.T.);
#10455=ORIENTED_EDGE('',*,*,#7440,.T.);
#10456=ORIENTED_EDGE('',*,*,#7450,.T.);
#10457=ORIENTED_EDGE('',*,*,#7477,.T.);
#10458=ORIENTED_EDGE('',*,*,#7460,.T.);
#10459=ORIENTED_EDGE('',*,*,#7455,.T.);
#10460=ORIENTED_EDGE('',*,*,#7471,.T.);
#10461=ORIENTED_EDGE('',*,*,#7473,.T.);
#10462=ORIENTED_EDGE('',*,*,#7465,.T.);
#10463=ORIENTED_EDGE('',*,*,#7464,.T.);
#10464=ORIENTED_EDGE('',*,*,#7466,.T.);
#10465=ORIENTED_EDGE('',*,*,#7451,.T.);
#10466=ORIENTED_EDGE('',*,*,#7480,.T.);
#10467=ORIENTED_EDGE('',*,*,#7467,.T.);
#10468=ORIENTED_EDGE('',*,*,#7474,.T.);
#10469=ORIENTED_EDGE('',*,*,#7476,.T.);
#10470=ORIENTED_EDGE('',*,*,#7478,.T.);
#10471=ORIENTED_EDGE('',*,*,#7442,.T.);
#10472=ORIENTED_EDGE('',*,*,#7459,.T.);
#10473=ORIENTED_EDGE('',*,*,#7475,.T.);
#10474=ORIENTED_EDGE('',*,*,#7472,.T.);
#10475=ORIENTED_EDGE('',*,*,#7453,.T.);
#10476=ORIENTED_EDGE('',*,*,#7481,.T.);
#10477=ORIENTED_EDGE('',*,*,#7482,.T.);
#10478=ORIENTED_EDGE('',*,*,#7483,.T.);
#10479=ORIENTED_EDGE('',*,*,#7484,.T.);
#10480=ORIENTED_EDGE('',*,*,#7485,.F.);
#10481=ORIENTED_EDGE('',*,*,#7486,.F.);
#10482=ORIENTED_EDGE('',*,*,#7487,.F.);
#10483=ORIENTED_EDGE('',*,*,#7488,.F.);
#10484=ORIENTED_EDGE('',*,*,#7484,.F.);
#10485=ORIENTED_EDGE('',*,*,#7489,.T.);
#10486=ORIENTED_EDGE('',*,*,#7490,.T.);
#10487=ORIENTED_EDGE('',*,*,#7491,.T.);
#10488=ORIENTED_EDGE('',*,*,#7492,.T.);
#10489=ORIENTED_EDGE('',*,*,#7493,.T.);
#10490=ORIENTED_EDGE('',*,*,#7494,.T.);
#10491=ORIENTED_EDGE('',*,*,#7494,.F.);
#10492=ORIENTED_EDGE('',*,*,#7495,.F.);
#10493=ORIENTED_EDGE('',*,*,#7483,.F.);
#10494=ORIENTED_EDGE('',*,*,#7496,.F.);
#10495=ORIENTED_EDGE('',*,*,#7497,.F.);
#10496=ORIENTED_EDGE('',*,*,#7498,.F.);
#10497=ORIENTED_EDGE('',*,*,#7499,.F.);
#10498=ORIENTED_EDGE('',*,*,#7500,.F.);
#10499=ORIENTED_EDGE('',*,*,#7491,.F.);
#10500=ORIENTED_EDGE('',*,*,#7501,.T.);
#10501=ORIENTED_EDGE('',*,*,#7502,.T.);
#10502=ORIENTED_EDGE('',*,*,#7503,.T.);
#10503=ORIENTED_EDGE('',*,*,#7504,.F.);
#10504=ORIENTED_EDGE('',*,*,#7486,.T.);
#10505=ORIENTED_EDGE('',*,*,#7505,.F.);
#10506=ORIENTED_EDGE('',*,*,#7503,.F.);
#10507=ORIENTED_EDGE('',*,*,#7506,.T.);
#10508=ORIENTED_EDGE('',*,*,#7507,.T.);
#10509=ORIENTED_EDGE('',*,*,#7508,.T.);
#10510=ORIENTED_EDGE('',*,*,#7508,.F.);
#10511=ORIENTED_EDGE('',*,*,#7509,.F.);
#10512=ORIENTED_EDGE('',*,*,#7489,.F.);
#10513=ORIENTED_EDGE('',*,*,#7510,.F.);
#10514=ORIENTED_EDGE('',*,*,#7492,.F.);
#10515=ORIENTED_EDGE('',*,*,#7511,.F.);
#10516=ORIENTED_EDGE('',*,*,#7507,.F.);
#10517=ORIENTED_EDGE('',*,*,#7512,.F.);
#10518=ORIENTED_EDGE('',*,*,#7513,.T.);
#10519=ORIENTED_EDGE('',*,*,#7514,.T.);
#10520=ORIENTED_EDGE('',*,*,#7515,.T.);
#10521=ORIENTED_EDGE('',*,*,#7516,.F.);
#10522=ORIENTED_EDGE('',*,*,#7499,.T.);
#10523=ORIENTED_EDGE('',*,*,#7517,.F.);
#10524=ORIENTED_EDGE('',*,*,#7515,.F.);
#10525=ORIENTED_EDGE('',*,*,#7506,.F.);
#10526=ORIENTED_EDGE('',*,*,#7518,.F.);
#10527=ORIENTED_EDGE('',*,*,#7514,.F.);
#10528=ORIENTED_EDGE('',*,*,#7519,.F.);
#10529=ORIENTED_EDGE('',*,*,#7513,.F.);
#10530=ORIENTED_EDGE('',*,*,#7520,.F.);
#10531=ORIENTED_EDGE('',*,*,#7502,.F.);
#10532=ORIENTED_EDGE('',*,*,#7521,.F.);
#10533=ORIENTED_EDGE('',*,*,#7501,.F.);
#10534=ORIENTED_EDGE('',*,*,#7522,.F.);
#10535=ORIENTED_EDGE('',*,*,#7493,.F.);
#10536=ORIENTED_EDGE('',*,*,#7523,.F.);
#10537=ORIENTED_EDGE('',*,*,#7482,.F.);
#10538=ORIENTED_EDGE('',*,*,#7524,.F.);
#10539=ORIENTED_EDGE('',*,*,#7490,.F.);
#10540=ORIENTED_EDGE('',*,*,#7525,.F.);
#10541=ORIENTED_EDGE('',*,*,#7488,.T.);
#10542=ORIENTED_EDGE('',*,*,#7526,.F.);
#10543=ORIENTED_EDGE('',*,*,#7497,.T.);
#10544=ORIENTED_EDGE('',*,*,#7524,.T.);
#10545=ORIENTED_EDGE('',*,*,#7485,.T.);
#10546=ORIENTED_EDGE('',*,*,#7495,.T.);
#10547=ORIENTED_EDGE('',*,*,#7522,.T.);
#10548=ORIENTED_EDGE('',*,*,#7505,.T.);
#10549=ORIENTED_EDGE('',*,*,#7500,.T.);
#10550=ORIENTED_EDGE('',*,*,#7516,.T.);
#10551=ORIENTED_EDGE('',*,*,#7518,.T.);
#10552=ORIENTED_EDGE('',*,*,#7510,.T.);
#10553=ORIENTED_EDGE('',*,*,#7509,.T.);
#10554=ORIENTED_EDGE('',*,*,#7511,.T.);
#10555=ORIENTED_EDGE('',*,*,#7496,.T.);
#10556=ORIENTED_EDGE('',*,*,#7525,.T.);
#10557=ORIENTED_EDGE('',*,*,#7512,.T.);
#10558=ORIENTED_EDGE('',*,*,#7519,.T.);
#10559=ORIENTED_EDGE('',*,*,#7521,.T.);
#10560=ORIENTED_EDGE('',*,*,#7523,.T.);
#10561=ORIENTED_EDGE('',*,*,#7487,.T.);
#10562=ORIENTED_EDGE('',*,*,#7504,.T.);
#10563=ORIENTED_EDGE('',*,*,#7520,.T.);
#10564=ORIENTED_EDGE('',*,*,#7517,.T.);
#10565=ORIENTED_EDGE('',*,*,#7498,.T.);
#10566=ORIENTED_EDGE('',*,*,#7526,.T.);
#10567=CONICAL_SURFACE('',#11364,1.0723391822844,0.610865238198015);
#10568=CONICAL_SURFACE('',#11373,1.0723391822844,0.610865238198015);
#10569=CONICAL_SURFACE('',#11387,1.4,0.610865238198015);
#10570=CONICAL_SURFACE('',#11396,1.4,0.610865238198015);
#10571=CONICAL_SURFACE('',#11410,1.0723391822844,0.610865238198015);
#10572=CONICAL_SURFACE('',#11419,1.0723391822844,0.610865238198015);
#10573=CONICAL_SURFACE('',#11433,1.4,0.610865238198015);
#10574=CONICAL_SURFACE('',#11442,1.4,0.610865238198015);
#10575=CONICAL_SURFACE('',#11456,1.0723391822844,0.610865238198015);
#10576=CONICAL_SURFACE('',#11465,1.0723391822844,0.610865238198015);
#10577=CONICAL_SURFACE('',#11479,1.4,0.610865238198015);
#10578=CONICAL_SURFACE('',#11488,1.4,0.610865238198015);
#10579=CONICAL_SURFACE('',#11502,1.0723391822844,0.610865238198015);
#10580=CONICAL_SURFACE('',#11511,1.0723391822844,0.610865238198015);
#10581=CONICAL_SURFACE('',#11525,1.4,0.610865238198015);
#10582=CONICAL_SURFACE('',#11534,1.4,0.610865238198015);
#10583=CONICAL_SURFACE('',#11602,1.2723391822844,0.610865238198015);
#10584=CONICAL_SURFACE('',#11606,1.2723391822844,0.610865238198015);
#10585=CONICAL_SURFACE('',#11615,1.6,0.610865238198015);
#10586=CONICAL_SURFACE('',#11626,1.6,0.610865238198015);
#10587=CONICAL_SURFACE('',#11638,1.0723391822844,0.610865238198015);
#10588=CONICAL_SURFACE('',#11647,1.0723391822844,0.610865238198015);
#10589=CONICAL_SURFACE('',#11661,1.4,0.610865238198015);
#10590=CONICAL_SURFACE('',#11670,1.4,0.610865238198015);
#10591=CONICAL_SURFACE('',#11684,1.6,0.610865238198015);
#10592=CONICAL_SURFACE('',#11695,1.6,0.610865238198015);
#10593=CONICAL_SURFACE('',#11730,1.2723391822844,0.610865238198015);
#10594=CONICAL_SURFACE('',#11734,1.2723391822844,0.610865238198015);
#10595=CONICAL_SURFACE('',#11774,1.4,0.610865238198015);
#10596=CONICAL_SURFACE('',#11783,1.4,0.610865238198015);
#10597=CONICAL_SURFACE('',#11797,1.4,0.610865238198015);
#10598=CONICAL_SURFACE('',#11806,1.4,0.610865238198015);
#10599=CONICAL_SURFACE('',#11820,1.4,0.610865238198015);
#10600=CONICAL_SURFACE('',#11829,1.4,0.610865238198015);
#10601=CONICAL_SURFACE('',#11912,1.6,0.610865238198015);
#10602=CONICAL_SURFACE('',#11923,1.6,0.610865238198015);
#10603=CONICAL_SURFACE('',#11935,1.6,0.610865238198015);
#10604=CONICAL_SURFACE('',#11946,1.6,0.610865238198015);
#10605=CONICAL_SURFACE('',#11958,1.6,0.610865238198015);
#10606=CONICAL_SURFACE('',#11969,1.6,0.610865238198015);
#10607=CONICAL_SURFACE('',#11981,1.0723391822844,0.610865238198015);
#10608=CONICAL_SURFACE('',#11990,1.0723391822844,0.610865238198015);
#10609=CONICAL_SURFACE('',#12004,1.0723391822844,0.610865238198015);
#10610=CONICAL_SURFACE('',#12013,1.0723391822844,0.610865238198015);
#10611=CONICAL_SURFACE('',#12027,1.0723391822844,0.610865238198015);
#10612=CONICAL_SURFACE('',#12036,1.0723391822844,0.610865238198015);
#10613=CONICAL_SURFACE('',#12050,1.6,0.610865238198015);
#10614=CONICAL_SURFACE('',#12061,1.6,0.610865238198015);
#10615=CONICAL_SURFACE('',#12073,1.6,0.610865238198015);
#10616=CONICAL_SURFACE('',#12084,1.6,0.610865238198015);
#10617=CONICAL_SURFACE('',#12096,1.6,0.610865238198015);
#10618=CONICAL_SURFACE('',#12107,1.6,0.610865238198015);
#10619=CONICAL_SURFACE('',#12119,1.2723391822844,0.610865238198015);
#10620=CONICAL_SURFACE('',#12123,1.2723391822844,0.610865238198015);
#10621=CONICAL_SURFACE('',#12132,1.2723391822844,0.610865238198015);
#10622=CONICAL_SURFACE('',#12136,1.2723391822844,0.610865238198015);
#10623=CONICAL_SURFACE('',#12145,1.2723391822844,0.610865238198015);
#10624=CONICAL_SURFACE('',#12149,1.2723391822844,0.610865238198015);
#10625=CONICAL_SURFACE('',#12158,1.2723391822844,0.610865238198015);
#10626=CONICAL_SURFACE('',#12162,1.2723391822844,0.610865238198015);
#10627=CONICAL_SURFACE('',#12171,1.2723391822844,0.610865238198015);
#10628=CONICAL_SURFACE('',#12175,1.2723391822844,0.610865238198015);
#10629=CONICAL_SURFACE('',#12184,1.2723391822844,0.610865238198015);
#10630=CONICAL_SURFACE('',#12188,1.2723391822844,0.610865238198015);
#10631=ADVANCED_FACE('',(#777),#10567,.T.);
#10632=ADVANCED_FACE('',(#778),#697,.T.);
#10633=ADVANCED_FACE('',(#779),#163,.F.);
#10634=ADVANCED_FACE('',(#780,#97),#164,.F.);
#10635=ADVANCED_FACE('',(#781),#165,.T.);
#10636=ADVANCED_FACE('',(#782),#10568,.T.);
#10637=ADVANCED_FACE('',(#783),#698,.F.);
#10638=ADVANCED_FACE('',(#784),#166,.T.);
#10639=ADVANCED_FACE('',(#785),#167,.T.);
#10640=ADVANCED_FACE('',(#786),#168,.T.);
#10641=ADVANCED_FACE('',(#787),#699,.T.);
#10642=ADVANCED_FACE('',(#788),#169,.T.);
#10643=ADVANCED_FACE('',(#789),#170,.T.);
#10644=ADVANCED_FACE('',(#790,#98),#171,.T.);
#10645=ADVANCED_FACE('',(#791),#172,.F.);
#10646=ADVANCED_FACE('',(#792),#10569,.F.);
#10647=ADVANCED_FACE('',(#793),#700,.F.);
#10648=ADVANCED_FACE('',(#794),#173,.T.);
#10649=ADVANCED_FACE('',(#795,#99),#174,.T.);
#10650=ADVANCED_FACE('',(#796),#175,.T.);
#10651=ADVANCED_FACE('',(#797),#10570,.F.);
#10652=ADVANCED_FACE('',(#798),#176,.F.);
#10653=ADVANCED_FACE('',(#799),#701,.F.);
#10654=ADVANCED_FACE('',(#800),#177,.F.);
#10655=ADVANCED_FACE('',(#801,#100),#178,.F.);
#10656=ADVANCED_FACE('',(#802),#702,.T.);
#10657=ADVANCED_FACE('',(#803),#179,.T.);
#10658=ADVANCED_FACE('',(#804),#180,.T.);
#10659=ADVANCED_FACE('',(#805),#181,.T.);
#10660=ADVANCED_FACE('',(#806),#182,.F.);
#10661=ADVANCED_FACE('',(#807),#10571,.T.);
#10662=ADVANCED_FACE('',(#808),#703,.T.);
#10663=ADVANCED_FACE('',(#809),#183,.T.);
#10664=ADVANCED_FACE('',(#810,#101),#184,.T.);
#10665=ADVANCED_FACE('',(#811),#185,.F.);
#10666=ADVANCED_FACE('',(#812),#10572,.T.);
#10667=ADVANCED_FACE('',(#813),#704,.F.);
#10668=ADVANCED_FACE('',(#814),#186,.F.);
#10669=ADVANCED_FACE('',(#815),#187,.F.);
#10670=ADVANCED_FACE('',(#816),#188,.F.);
#10671=ADVANCED_FACE('',(#817),#705,.T.);
#10672=ADVANCED_FACE('',(#818),#189,.F.);
#10673=ADVANCED_FACE('',(#819),#190,.F.);
#10674=ADVANCED_FACE('',(#820,#102),#191,.F.);
#10675=ADVANCED_FACE('',(#821),#192,.T.);
#10676=ADVANCED_FACE('',(#822),#10573,.F.);
#10677=ADVANCED_FACE('',(#823),#706,.F.);
#10678=ADVANCED_FACE('',(#824),#193,.F.);
#10679=ADVANCED_FACE('',(#825,#103),#194,.F.);
#10680=ADVANCED_FACE('',(#826),#195,.F.);
#10681=ADVANCED_FACE('',(#827),#10574,.F.);
#10682=ADVANCED_FACE('',(#828),#196,.T.);
#10683=ADVANCED_FACE('',(#829),#707,.F.);
#10684=ADVANCED_FACE('',(#830),#197,.T.);
#10685=ADVANCED_FACE('',(#831,#104),#198,.T.);
#10686=ADVANCED_FACE('',(#832),#708,.T.);
#10687=ADVANCED_FACE('',(#833),#199,.F.);
#10688=ADVANCED_FACE('',(#834),#200,.F.);
#10689=ADVANCED_FACE('',(#835),#201,.F.);
#10690=ADVANCED_FACE('',(#836),#202,.T.);
#10691=ADVANCED_FACE('',(#837),#10575,.T.);
#10692=ADVANCED_FACE('',(#838),#709,.T.);
#10693=ADVANCED_FACE('',(#839),#203,.F.);
#10694=ADVANCED_FACE('',(#840,#105),#204,.F.);
#10695=ADVANCED_FACE('',(#841),#205,.T.);
#10696=ADVANCED_FACE('',(#842),#10576,.T.);
#10697=ADVANCED_FACE('',(#843),#710,.F.);
#10698=ADVANCED_FACE('',(#844),#206,.T.);
#10699=ADVANCED_FACE('',(#845),#207,.T.);
#10700=ADVANCED_FACE('',(#846),#208,.T.);
#10701=ADVANCED_FACE('',(#847),#711,.T.);
#10702=ADVANCED_FACE('',(#848),#209,.T.);
#10703=ADVANCED_FACE('',(#849),#210,.T.);
#10704=ADVANCED_FACE('',(#850,#106),#211,.T.);
#10705=ADVANCED_FACE('',(#851),#212,.F.);
#10706=ADVANCED_FACE('',(#852),#10577,.F.);
#10707=ADVANCED_FACE('',(#853),#712,.F.);
#10708=ADVANCED_FACE('',(#854),#213,.T.);
#10709=ADVANCED_FACE('',(#855,#107),#214,.T.);
#10710=ADVANCED_FACE('',(#856),#215,.T.);
#10711=ADVANCED_FACE('',(#857),#10578,.F.);
#10712=ADVANCED_FACE('',(#858),#216,.F.);
#10713=ADVANCED_FACE('',(#859),#713,.F.);
#10714=ADVANCED_FACE('',(#860),#217,.F.);
#10715=ADVANCED_FACE('',(#861,#108),#218,.F.);
#10716=ADVANCED_FACE('',(#862),#714,.T.);
#10717=ADVANCED_FACE('',(#863),#219,.T.);
#10718=ADVANCED_FACE('',(#864),#220,.T.);
#10719=ADVANCED_FACE('',(#865),#221,.T.);
#10720=ADVANCED_FACE('',(#866),#222,.F.);
#10721=ADVANCED_FACE('',(#867),#10579,.T.);
#10722=ADVANCED_FACE('',(#868),#715,.T.);
#10723=ADVANCED_FACE('',(#869),#223,.T.);
#10724=ADVANCED_FACE('',(#870,#109),#224,.T.);
#10725=ADVANCED_FACE('',(#871),#225,.F.);
#10726=ADVANCED_FACE('',(#872),#10580,.T.);
#10727=ADVANCED_FACE('',(#873),#716,.F.);
#10728=ADVANCED_FACE('',(#874),#226,.F.);
#10729=ADVANCED_FACE('',(#875),#227,.F.);
#10730=ADVANCED_FACE('',(#876),#228,.F.);
#10731=ADVANCED_FACE('',(#877),#717,.T.);
#10732=ADVANCED_FACE('',(#878),#229,.F.);
#10733=ADVANCED_FACE('',(#879),#230,.F.);
#10734=ADVANCED_FACE('',(#880,#110),#231,.F.);
#10735=ADVANCED_FACE('',(#881),#232,.T.);
#10736=ADVANCED_FACE('',(#882),#10581,.F.);
#10737=ADVANCED_FACE('',(#883),#718,.F.);
#10738=ADVANCED_FACE('',(#884),#233,.F.);
#10739=ADVANCED_FACE('',(#885,#111),#234,.F.);
#10740=ADVANCED_FACE('',(#886),#235,.F.);
#10741=ADVANCED_FACE('',(#887),#10582,.F.);
#10742=ADVANCED_FACE('',(#888),#236,.T.);
#10743=ADVANCED_FACE('',(#889),#719,.F.);
#10744=ADVANCED_FACE('',(#890),#237,.T.);
#10745=ADVANCED_FACE('',(#891,#112),#238,.T.);
#10746=ADVANCED_FACE('',(#892),#720,.T.);
#10747=ADVANCED_FACE('',(#893),#239,.F.);
#10748=ADVANCED_FACE('',(#894),#240,.F.);
#10749=ADVANCED_FACE('',(#895),#241,.F.);
#10750=ADVANCED_FACE('',(#896),#242,.T.);
#10751=ADVANCED_FACE('',(#897),#243,.T.);
#10752=ADVANCED_FACE('',(#898),#244,.T.);
#10753=ADVANCED_FACE('',(#899),#245,.T.);
#10754=ADVANCED_FACE('',(#900),#246,.T.);
#10755=ADVANCED_FACE('',(#901),#247,.T.);
#10756=ADVANCED_FACE('',(#902),#248,.T.);
#10757=ADVANCED_FACE('',(#903),#249,.T.);
#10758=ADVANCED_FACE('',(#904),#250,.T.);
#10759=ADVANCED_FACE('',(#905),#251,.T.);
#10760=ADVANCED_FACE('',(#906),#252,.T.);
#10761=ADVANCED_FACE('',(#907),#253,.T.);
#10762=ADVANCED_FACE('',(#908),#254,.T.);
#10763=ADVANCED_FACE('',(#909),#255,.T.);
#10764=ADVANCED_FACE('',(#910),#256,.T.);
#10765=ADVANCED_FACE('',(#911),#257,.T.);
#10766=ADVANCED_FACE('',(#912),#258,.T.);
#10767=ADVANCED_FACE('',(#913),#259,.T.);
#10768=ADVANCED_FACE('',(#914),#260,.T.);
#10769=ADVANCED_FACE('',(#915),#261,.T.);
#10770=ADVANCED_FACE('',(#916),#262,.T.);
#10771=ADVANCED_FACE('',(#917),#263,.T.);
#10772=ADVANCED_FACE('',(#918),#264,.T.);
#10773=ADVANCED_FACE('',(#919),#265,.T.);
#10774=ADVANCED_FACE('',(#920),#266,.T.);
#10775=ADVANCED_FACE('',(#921),#267,.T.);
#10776=ADVANCED_FACE('',(#922),#268,.T.);
#10777=ADVANCED_FACE('',(#923),#269,.F.);
#10778=ADVANCED_FACE('',(#924),#270,.T.);
#10779=ADVANCED_FACE('',(#925),#271,.T.);
#10780=ADVANCED_FACE('',(#926),#272,.T.);
#10781=ADVANCED_FACE('',(#927,#113),#273,.T.);
#10782=ADVANCED_FACE('',(#928),#274,.T.);
#10783=ADVANCED_FACE('',(#929),#275,.T.);
#10784=ADVANCED_FACE('',(#930),#276,.T.);
#10785=ADVANCED_FACE('',(#931),#277,.T.);
#10786=ADVANCED_FACE('',(#932),#278,.T.);
#10787=ADVANCED_FACE('',(#933),#279,.T.);
#10788=ADVANCED_FACE('',(#934),#280,.T.);
#10789=ADVANCED_FACE('',(#935),#281,.T.);
#10790=ADVANCED_FACE('',(#936),#282,.T.);
#10791=ADVANCED_FACE('',(#937),#283,.T.);
#10792=ADVANCED_FACE('',(#938),#284,.T.);
#10793=ADVANCED_FACE('',(#939),#285,.T.);
#10794=ADVANCED_FACE('',(#940),#286,.T.);
#10795=ADVANCED_FACE('',(#941),#287,.T.);
#10796=ADVANCED_FACE('',(#942),#288,.T.);
#10797=ADVANCED_FACE('',(#943),#289,.T.);
#10798=ADVANCED_FACE('',(#944),#290,.T.);
#10799=ADVANCED_FACE('',(#945),#291,.F.);
#10800=ADVANCED_FACE('',(#946),#292,.T.);
#10801=ADVANCED_FACE('',(#947),#293,.T.);
#10802=ADVANCED_FACE('',(#948),#294,.T.);
#10803=ADVANCED_FACE('',(#949),#295,.T.);
#10804=ADVANCED_FACE('',(#950),#296,.T.);
#10805=ADVANCED_FACE('',(#951),#10583,.T.);
#10806=ADVANCED_FACE('',(#952,#114),#297,.T.);
#10807=ADVANCED_FACE('',(#953),#10584,.T.);
#10808=ADVANCED_FACE('',(#954),#298,.T.);
#10809=ADVANCED_FACE('',(#955),#299,.T.);
#10810=ADVANCED_FACE('',(#956),#721,.T.);
#10811=ADVANCED_FACE('',(#957),#300,.T.);
#10812=ADVANCED_FACE('',(#958),#301,.T.);
#10813=ADVANCED_FACE('',(#959,#115),#302,.F.);
#10814=ADVANCED_FACE('',(#960),#10585,.F.);
#10815=ADVANCED_FACE('',(#961,#116),#303,.F.);
#10816=ADVANCED_FACE('',(#962),#304,.F.);
#10817=ADVANCED_FACE('',(#963),#722,.T.);
#10818=ADVANCED_FACE('',(#964),#305,.T.);
#10819=ADVANCED_FACE('',(#965),#723,.F.);
#10820=ADVANCED_FACE('',(#966),#10586,.F.);
#10821=ADVANCED_FACE('',(#967),#306,.F.);
#10822=ADVANCED_FACE('',(#968,#117),#307,.T.);
#10823=ADVANCED_FACE('',(#969),#308,.T.);
#10824=ADVANCED_FACE('',(#970),#309,.T.);
#10825=ADVANCED_FACE('',(#971),#310,.T.);
#10826=ADVANCED_FACE('',(#972),#311,.T.);
#10827=ADVANCED_FACE('',(#973),#724,.T.);
#10828=ADVANCED_FACE('',(#974),#312,.F.);
#10829=ADVANCED_FACE('',(#975),#10587,.T.);
#10830=ADVANCED_FACE('',(#976),#725,.T.);
#10831=ADVANCED_FACE('',(#977),#313,.F.);
#10832=ADVANCED_FACE('',(#978,#118),#314,.F.);
#10833=ADVANCED_FACE('',(#979),#315,.T.);
#10834=ADVANCED_FACE('',(#980),#10588,.T.);
#10835=ADVANCED_FACE('',(#981),#726,.F.);
#10836=ADVANCED_FACE('',(#982),#316,.T.);
#10837=ADVANCED_FACE('',(#983),#317,.T.);
#10838=ADVANCED_FACE('',(#984),#318,.T.);
#10839=ADVANCED_FACE('',(#985),#727,.T.);
#10840=ADVANCED_FACE('',(#986),#319,.T.);
#10841=ADVANCED_FACE('',(#987),#320,.T.);
#10842=ADVANCED_FACE('',(#988,#119),#321,.T.);
#10843=ADVANCED_FACE('',(#989),#322,.F.);
#10844=ADVANCED_FACE('',(#990),#10589,.F.);
#10845=ADVANCED_FACE('',(#991),#728,.F.);
#10846=ADVANCED_FACE('',(#992),#323,.T.);
#10847=ADVANCED_FACE('',(#993,#120),#324,.T.);
#10848=ADVANCED_FACE('',(#994),#325,.T.);
#10849=ADVANCED_FACE('',(#995),#10590,.F.);
#10850=ADVANCED_FACE('',(#996),#326,.F.);
#10851=ADVANCED_FACE('',(#997),#729,.F.);
#10852=ADVANCED_FACE('',(#998),#327,.F.);
#10853=ADVANCED_FACE('',(#999,#121),#328,.F.);
#10854=ADVANCED_FACE('',(#1000),#730,.T.);
#10855=ADVANCED_FACE('',(#1001),#329,.T.);
#10856=ADVANCED_FACE('',(#1002),#330,.T.);
#10857=ADVANCED_FACE('',(#1003),#331,.T.);
#10858=ADVANCED_FACE('',(#1004),#332,.F.);
#10859=ADVANCED_FACE('',(#1005),#10591,.F.);
#10860=ADVANCED_FACE('',(#1006,#122),#333,.T.);
#10861=ADVANCED_FACE('',(#1007),#334,.T.);
#10862=ADVANCED_FACE('',(#1008),#731,.T.);
#10863=ADVANCED_FACE('',(#1009),#335,.F.);
#10864=ADVANCED_FACE('',(#1010),#732,.F.);
#10865=ADVANCED_FACE('',(#1011),#10592,.F.);
#10866=ADVANCED_FACE('',(#1012),#336,.T.);
#10867=ADVANCED_FACE('',(#1013,#123),#337,.F.);
#10868=ADVANCED_FACE('',(#1014),#338,.F.);
#10869=ADVANCED_FACE('',(#1015),#339,.F.);
#10870=ADVANCED_FACE('',(#1016),#340,.F.);
#10871=ADVANCED_FACE('',(#1017),#341,.F.);
#10872=ADVANCED_FACE('',(#1018),#733,.T.);
#10873=ADVANCED_FACE('',(#1019),#342,.T.);
#10874=ADVANCED_FACE('',(#1020),#343,.F.);
#10875=ADVANCED_FACE('',(#1021),#344,.F.);
#10876=ADVANCED_FACE('',(#1022),#345,.F.);
#10877=ADVANCED_FACE('',(#1023),#346,.F.);
#10878=ADVANCED_FACE('',(#1024),#347,.F.);
#10879=ADVANCED_FACE('',(#1025),#348,.F.);
#10880=ADVANCED_FACE('',(#1026),#349,.F.);
#10881=ADVANCED_FACE('',(#1027),#350,.F.);
#10882=ADVANCED_FACE('',(#1028),#351,.F.);
#10883=ADVANCED_FACE('',(#1029),#352,.F.);
#10884=ADVANCED_FACE('',(#1030),#353,.F.);
#10885=ADVANCED_FACE('',(#1031),#354,.F.);
#10886=ADVANCED_FACE('',(#1032),#355,.F.);
#10887=ADVANCED_FACE('',(#1033),#356,.F.);
#10888=ADVANCED_FACE('',(#1034),#357,.F.);
#10889=ADVANCED_FACE('',(#1035),#358,.F.);
#10890=ADVANCED_FACE('',(#1036),#359,.F.);
#10891=ADVANCED_FACE('',(#1037),#360,.T.);
#10892=ADVANCED_FACE('',(#1038),#361,.F.);
#10893=ADVANCED_FACE('',(#1039),#362,.F.);
#10894=ADVANCED_FACE('',(#1040),#363,.F.);
#10895=ADVANCED_FACE('',(#1041),#364,.F.);
#10896=ADVANCED_FACE('',(#1042),#365,.F.);
#10897=ADVANCED_FACE('',(#1043),#10593,.T.);
#10898=ADVANCED_FACE('',(#1044,#124),#366,.F.);
#10899=ADVANCED_FACE('',(#1045),#10594,.T.);
#10900=ADVANCED_FACE('',(#1046),#367,.F.);
#10901=ADVANCED_FACE('',(#1047),#368,.F.);
#10902=ADVANCED_FACE('',(#1048),#734,.T.);
#10903=ADVANCED_FACE('',(#1049),#369,.F.);
#10904=ADVANCED_FACE('',(#1050),#370,.F.);
#10905=ADVANCED_FACE('',(#1051,#125),#371,.T.);
#10906=ADVANCED_FACE('',(#1052),#372,.T.);
#10907=ADVANCED_FACE('',(#1053),#373,.T.);
#10908=ADVANCED_FACE('',(#1054),#374,.T.);
#10909=ADVANCED_FACE('',(#1055),#375,.T.);
#10910=ADVANCED_FACE('',(#1056),#376,.T.);
#10911=ADVANCED_FACE('',(#1057),#377,.T.);
#10912=ADVANCED_FACE('',(#1058),#378,.T.);
#10913=ADVANCED_FACE('',(#1059),#379,.T.);
#10914=ADVANCED_FACE('',(#1060),#380,.T.);
#10915=ADVANCED_FACE('',(#1061),#381,.T.);
#10916=ADVANCED_FACE('',(#1062),#382,.T.);
#10917=ADVANCED_FACE('',(#1063),#383,.T.);
#10918=ADVANCED_FACE('',(#1064),#384,.T.);
#10919=ADVANCED_FACE('',(#1065),#385,.T.);
#10920=ADVANCED_FACE('',(#1066),#386,.T.);
#10921=ADVANCED_FACE('',(#1067),#387,.T.);
#10922=ADVANCED_FACE('',(#1068),#388,.T.);
#10923=ADVANCED_FACE('',(#1069),#389,.T.);
#10924=ADVANCED_FACE('',(#1070),#390,.T.);
#10925=ADVANCED_FACE('',(#1071),#391,.T.);
#10926=ADVANCED_FACE('',(#1072),#392,.T.);
#10927=ADVANCED_FACE('',(#1073),#393,.T.);
#10928=ADVANCED_FACE('',(#1074),#394,.T.);
#10929=ADVANCED_FACE('',(#1075),#395,.T.);
#10930=ADVANCED_FACE('',(#1076),#396,.T.);
#10931=ADVANCED_FACE('',(#1077),#397,.T.);
#10932=ADVANCED_FACE('',(#1078),#398,.F.);
#10933=ADVANCED_FACE('',(#1079),#399,.T.);
#10934=ADVANCED_FACE('',(#1080),#400,.T.);
#10935=ADVANCED_FACE('',(#1081),#401,.T.);
#10936=ADVANCED_FACE('',(#1082,#126),#402,.T.);
#10937=ADVANCED_FACE('',(#1083),#10595,.F.);
#10938=ADVANCED_FACE('',(#1084),#735,.F.);
#10939=ADVANCED_FACE('',(#1085),#403,.F.);
#10940=ADVANCED_FACE('',(#1086,#127),#404,.F.);
#10941=ADVANCED_FACE('',(#1087),#405,.F.);
#10942=ADVANCED_FACE('',(#1088),#10596,.F.);
#10943=ADVANCED_FACE('',(#1089),#406,.T.);
#10944=ADVANCED_FACE('',(#1090),#736,.F.);
#10945=ADVANCED_FACE('',(#1091),#407,.T.);
#10946=ADVANCED_FACE('',(#1092,#128),#408,.T.);
#10947=ADVANCED_FACE('',(#1093),#737,.T.);
#10948=ADVANCED_FACE('',(#1094),#409,.F.);
#10949=ADVANCED_FACE('',(#1095),#410,.F.);
#10950=ADVANCED_FACE('',(#1096),#411,.F.);
#10951=ADVANCED_FACE('',(#1097),#412,.T.);
#10952=ADVANCED_FACE('',(#1098),#10597,.F.);
#10953=ADVANCED_FACE('',(#1099),#738,.F.);
#10954=ADVANCED_FACE('',(#1100),#413,.F.);
#10955=ADVANCED_FACE('',(#1101,#129),#414,.F.);
#10956=ADVANCED_FACE('',(#1102),#415,.F.);
#10957=ADVANCED_FACE('',(#1103),#10598,.F.);
#10958=ADVANCED_FACE('',(#1104),#416,.T.);
#10959=ADVANCED_FACE('',(#1105),#739,.F.);
#10960=ADVANCED_FACE('',(#1106),#417,.T.);
#10961=ADVANCED_FACE('',(#1107,#130),#418,.T.);
#10962=ADVANCED_FACE('',(#1108),#740,.T.);
#10963=ADVANCED_FACE('',(#1109),#419,.F.);
#10964=ADVANCED_FACE('',(#1110),#420,.F.);
#10965=ADVANCED_FACE('',(#1111),#421,.F.);
#10966=ADVANCED_FACE('',(#1112),#422,.T.);
#10967=ADVANCED_FACE('',(#1113),#10599,.F.);
#10968=ADVANCED_FACE('',(#1114),#741,.F.);
#10969=ADVANCED_FACE('',(#1115),#423,.T.);
#10970=ADVANCED_FACE('',(#1116,#131),#424,.T.);
#10971=ADVANCED_FACE('',(#1117),#425,.T.);
#10972=ADVANCED_FACE('',(#1118),#10600,.F.);
#10973=ADVANCED_FACE('',(#1119),#426,.F.);
#10974=ADVANCED_FACE('',(#1120),#742,.F.);
#10975=ADVANCED_FACE('',(#1121),#427,.F.);
#10976=ADVANCED_FACE('',(#1122,#132),#428,.F.);
#10977=ADVANCED_FACE('',(#1123),#743,.T.);
#10978=ADVANCED_FACE('',(#1124),#429,.T.);
#10979=ADVANCED_FACE('',(#1125),#430,.T.);
#10980=ADVANCED_FACE('',(#1126),#431,.T.);
#10981=ADVANCED_FACE('',(#1127),#432,.F.);
#10982=ADVANCED_FACE('',(#1128),#433,.T.);
#10983=ADVANCED_FACE('',(#1129),#434,.T.);
#10984=ADVANCED_FACE('',(#1130),#435,.T.);
#10985=ADVANCED_FACE('',(#1131),#436,.T.);
#10986=ADVANCED_FACE('',(#1132),#437,.T.);
#10987=ADVANCED_FACE('',(#1133),#438,.T.);
#10988=ADVANCED_FACE('',(#1134),#439,.T.);
#10989=ADVANCED_FACE('',(#1135),#440,.T.);
#10990=ADVANCED_FACE('',(#1136),#441,.T.);
#10991=ADVANCED_FACE('',(#1137),#442,.T.);
#10992=ADVANCED_FACE('',(#1138),#443,.T.);
#10993=ADVANCED_FACE('',(#1139),#444,.T.);
#10994=ADVANCED_FACE('',(#1140),#445,.T.);
#10995=ADVANCED_FACE('',(#1141),#446,.T.);
#10996=ADVANCED_FACE('',(#1142),#447,.T.);
#10997=ADVANCED_FACE('',(#1143),#448,.T.);
#10998=ADVANCED_FACE('',(#1144),#449,.T.);
#10999=ADVANCED_FACE('',(#1145),#450,.F.);
#11000=ADVANCED_FACE('',(#1146),#451,.T.);
#11001=ADVANCED_FACE('',(#1147),#452,.T.);
#11002=ADVANCED_FACE('',(#1148),#453,.T.);
#11003=ADVANCED_FACE('',(#1149),#454,.T.);
#11004=ADVANCED_FACE('',(#1150),#455,.T.);
#11005=ADVANCED_FACE('',(#1151),#456,.T.);
#11006=ADVANCED_FACE('',(#1152),#457,.T.);
#11007=ADVANCED_FACE('',(#1153),#458,.T.);
#11008=ADVANCED_FACE('',(#1154),#459,.T.);
#11009=ADVANCED_FACE('',(#1155),#460,.T.);
#11010=ADVANCED_FACE('',(#1156),#461,.T.);
#11011=ADVANCED_FACE('',(#1157),#462,.T.);
#11012=ADVANCED_FACE('',(#1158),#463,.T.);
#11013=ADVANCED_FACE('',(#1159),#464,.T.);
#11014=ADVANCED_FACE('',(#1160),#465,.T.);
#11015=ADVANCED_FACE('',(#1161),#466,.T.);
#11016=ADVANCED_FACE('',(#1162),#467,.T.);
#11017=ADVANCED_FACE('',(#1163),#468,.T.);
#11018=ADVANCED_FACE('',(#1164),#469,.T.);
#11019=ADVANCED_FACE('',(#1165),#470,.T.);
#11020=ADVANCED_FACE('',(#1166),#471,.T.);
#11021=ADVANCED_FACE('',(#1167),#472,.T.);
#11022=ADVANCED_FACE('',(#1168),#473,.F.);
#11023=ADVANCED_FACE('',(#1169),#474,.T.);
#11024=ADVANCED_FACE('',(#1170),#475,.T.);
#11025=ADVANCED_FACE('',(#1171),#476,.T.);
#11026=ADVANCED_FACE('',(#1172),#477,.T.);
#11027=ADVANCED_FACE('',(#1173),#478,.T.);
#11028=ADVANCED_FACE('',(#1174),#479,.T.);
#11029=ADVANCED_FACE('',(#1175),#480,.T.);
#11030=ADVANCED_FACE('',(#1176),#481,.T.);
#11031=ADVANCED_FACE('',(#1177),#482,.T.);
#11032=ADVANCED_FACE('',(#1178),#483,.T.);
#11033=ADVANCED_FACE('',(#1179),#484,.T.);
#11034=ADVANCED_FACE('',(#1180),#485,.T.);
#11035=ADVANCED_FACE('',(#1181),#486,.T.);
#11036=ADVANCED_FACE('',(#1182),#487,.T.);
#11037=ADVANCED_FACE('',(#1183),#488,.T.);
#11038=ADVANCED_FACE('',(#1184),#489,.T.);
#11039=ADVANCED_FACE('',(#1185),#490,.T.);
#11040=ADVANCED_FACE('',(#1186),#491,.T.);
#11041=ADVANCED_FACE('',(#1187),#492,.T.);
#11042=ADVANCED_FACE('',(#1188),#493,.T.);
#11043=ADVANCED_FACE('',(#1189),#494,.T.);
#11044=ADVANCED_FACE('',(#1190),#495,.T.);
#11045=ADVANCED_FACE('',(#1191),#496,.F.);
#11046=ADVANCED_FACE('',(#1192),#497,.T.);
#11047=ADVANCED_FACE('',(#1193),#498,.T.);
#11048=ADVANCED_FACE('',(#1194),#499,.T.);
#11049=ADVANCED_FACE('',(#1195),#500,.T.);
#11050=ADVANCED_FACE('',(#1196),#501,.T.);
#11051=ADVANCED_FACE('',(#1197),#10601,.F.);
#11052=ADVANCED_FACE('',(#1198,#133),#502,.F.);
#11053=ADVANCED_FACE('',(#1199),#503,.F.);
#11054=ADVANCED_FACE('',(#1200),#744,.T.);
#11055=ADVANCED_FACE('',(#1201),#504,.T.);
#11056=ADVANCED_FACE('',(#1202),#745,.F.);
#11057=ADVANCED_FACE('',(#1203),#10602,.F.);
#11058=ADVANCED_FACE('',(#1204),#505,.F.);
#11059=ADVANCED_FACE('',(#1205,#134),#506,.T.);
#11060=ADVANCED_FACE('',(#1206),#507,.T.);
#11061=ADVANCED_FACE('',(#1207),#508,.T.);
#11062=ADVANCED_FACE('',(#1208),#509,.T.);
#11063=ADVANCED_FACE('',(#1209),#510,.T.);
#11064=ADVANCED_FACE('',(#1210),#746,.T.);
#11065=ADVANCED_FACE('',(#1211),#511,.F.);
#11066=ADVANCED_FACE('',(#1212),#10603,.F.);
#11067=ADVANCED_FACE('',(#1213,#135),#512,.F.);
#11068=ADVANCED_FACE('',(#1214),#513,.F.);
#11069=ADVANCED_FACE('',(#1215),#747,.T.);
#11070=ADVANCED_FACE('',(#1216),#514,.T.);
#11071=ADVANCED_FACE('',(#1217),#748,.F.);
#11072=ADVANCED_FACE('',(#1218),#10604,.F.);
#11073=ADVANCED_FACE('',(#1219),#515,.F.);
#11074=ADVANCED_FACE('',(#1220,#136),#516,.T.);
#11075=ADVANCED_FACE('',(#1221),#517,.T.);
#11076=ADVANCED_FACE('',(#1222),#518,.T.);
#11077=ADVANCED_FACE('',(#1223),#519,.T.);
#11078=ADVANCED_FACE('',(#1224),#520,.T.);
#11079=ADVANCED_FACE('',(#1225),#749,.T.);
#11080=ADVANCED_FACE('',(#1226),#521,.F.);
#11081=ADVANCED_FACE('',(#1227),#10605,.F.);
#11082=ADVANCED_FACE('',(#1228,#137),#522,.F.);
#11083=ADVANCED_FACE('',(#1229),#523,.F.);
#11084=ADVANCED_FACE('',(#1230),#750,.T.);
#11085=ADVANCED_FACE('',(#1231),#524,.T.);
#11086=ADVANCED_FACE('',(#1232),#751,.F.);
#11087=ADVANCED_FACE('',(#1233),#10606,.F.);
#11088=ADVANCED_FACE('',(#1234),#525,.F.);
#11089=ADVANCED_FACE('',(#1235,#138),#526,.T.);
#11090=ADVANCED_FACE('',(#1236),#527,.T.);
#11091=ADVANCED_FACE('',(#1237),#528,.T.);
#11092=ADVANCED_FACE('',(#1238),#529,.T.);
#11093=ADVANCED_FACE('',(#1239),#530,.T.);
#11094=ADVANCED_FACE('',(#1240),#752,.T.);
#11095=ADVANCED_FACE('',(#1241),#531,.F.);
#11096=ADVANCED_FACE('',(#1242),#10607,.T.);
#11097=ADVANCED_FACE('',(#1243),#753,.T.);
#11098=ADVANCED_FACE('',(#1244),#532,.F.);
#11099=ADVANCED_FACE('',(#1245,#139),#533,.F.);
#11100=ADVANCED_FACE('',(#1246),#534,.T.);
#11101=ADVANCED_FACE('',(#1247),#10608,.T.);
#11102=ADVANCED_FACE('',(#1248),#754,.F.);
#11103=ADVANCED_FACE('',(#1249),#535,.T.);
#11104=ADVANCED_FACE('',(#1250),#536,.T.);
#11105=ADVANCED_FACE('',(#1251),#537,.T.);
#11106=ADVANCED_FACE('',(#1252),#755,.T.);
#11107=ADVANCED_FACE('',(#1253),#538,.T.);
#11108=ADVANCED_FACE('',(#1254),#539,.T.);
#11109=ADVANCED_FACE('',(#1255,#140),#540,.T.);
#11110=ADVANCED_FACE('',(#1256),#541,.F.);
#11111=ADVANCED_FACE('',(#1257),#10609,.T.);
#11112=ADVANCED_FACE('',(#1258),#756,.T.);
#11113=ADVANCED_FACE('',(#1259),#542,.F.);
#11114=ADVANCED_FACE('',(#1260,#141),#543,.F.);
#11115=ADVANCED_FACE('',(#1261),#544,.T.);
#11116=ADVANCED_FACE('',(#1262),#10610,.T.);
#11117=ADVANCED_FACE('',(#1263),#757,.F.);
#11118=ADVANCED_FACE('',(#1264),#545,.T.);
#11119=ADVANCED_FACE('',(#1265),#546,.T.);
#11120=ADVANCED_FACE('',(#1266),#547,.T.);
#11121=ADVANCED_FACE('',(#1267),#758,.T.);
#11122=ADVANCED_FACE('',(#1268),#548,.T.);
#11123=ADVANCED_FACE('',(#1269),#549,.T.);
#11124=ADVANCED_FACE('',(#1270,#142),#550,.T.);
#11125=ADVANCED_FACE('',(#1271),#551,.F.);
#11126=ADVANCED_FACE('',(#1272),#10611,.T.);
#11127=ADVANCED_FACE('',(#1273),#759,.T.);
#11128=ADVANCED_FACE('',(#1274),#552,.F.);
#11129=ADVANCED_FACE('',(#1275,#143),#553,.F.);
#11130=ADVANCED_FACE('',(#1276),#554,.T.);
#11131=ADVANCED_FACE('',(#1277),#10612,.T.);
#11132=ADVANCED_FACE('',(#1278),#760,.F.);
#11133=ADVANCED_FACE('',(#1279),#555,.T.);
#11134=ADVANCED_FACE('',(#1280),#556,.T.);
#11135=ADVANCED_FACE('',(#1281),#557,.T.);
#11136=ADVANCED_FACE('',(#1282),#761,.T.);
#11137=ADVANCED_FACE('',(#1283),#558,.T.);
#11138=ADVANCED_FACE('',(#1284),#559,.T.);
#11139=ADVANCED_FACE('',(#1285,#144),#560,.T.);
#11140=ADVANCED_FACE('',(#1286),#561,.F.);
#11141=ADVANCED_FACE('',(#1287),#10613,.F.);
#11142=ADVANCED_FACE('',(#1288,#145),#562,.T.);
#11143=ADVANCED_FACE('',(#1289),#563,.T.);
#11144=ADVANCED_FACE('',(#1290),#762,.T.);
#11145=ADVANCED_FACE('',(#1291),#564,.F.);
#11146=ADVANCED_FACE('',(#1292),#763,.F.);
#11147=ADVANCED_FACE('',(#1293),#10614,.F.);
#11148=ADVANCED_FACE('',(#1294),#565,.T.);
#11149=ADVANCED_FACE('',(#1295,#146),#566,.F.);
#11150=ADVANCED_FACE('',(#1296),#567,.F.);
#11151=ADVANCED_FACE('',(#1297),#568,.F.);
#11152=ADVANCED_FACE('',(#1298),#569,.F.);
#11153=ADVANCED_FACE('',(#1299),#570,.F.);
#11154=ADVANCED_FACE('',(#1300),#764,.T.);
#11155=ADVANCED_FACE('',(#1301),#571,.T.);
#11156=ADVANCED_FACE('',(#1302),#10615,.F.);
#11157=ADVANCED_FACE('',(#1303,#147),#572,.T.);
#11158=ADVANCED_FACE('',(#1304),#573,.T.);
#11159=ADVANCED_FACE('',(#1305),#765,.T.);
#11160=ADVANCED_FACE('',(#1306),#574,.F.);
#11161=ADVANCED_FACE('',(#1307),#766,.F.);
#11162=ADVANCED_FACE('',(#1308),#10616,.F.);
#11163=ADVANCED_FACE('',(#1309),#575,.T.);
#11164=ADVANCED_FACE('',(#1310,#148),#576,.F.);
#11165=ADVANCED_FACE('',(#1311),#577,.F.);
#11166=ADVANCED_FACE('',(#1312),#578,.F.);
#11167=ADVANCED_FACE('',(#1313),#579,.F.);
#11168=ADVANCED_FACE('',(#1314),#580,.F.);
#11169=ADVANCED_FACE('',(#1315),#767,.T.);
#11170=ADVANCED_FACE('',(#1316),#581,.T.);
#11171=ADVANCED_FACE('',(#1317),#10617,.F.);
#11172=ADVANCED_FACE('',(#1318,#149),#582,.T.);
#11173=ADVANCED_FACE('',(#1319),#583,.T.);
#11174=ADVANCED_FACE('',(#1320),#768,.T.);
#11175=ADVANCED_FACE('',(#1321),#584,.F.);
#11176=ADVANCED_FACE('',(#1322),#769,.F.);
#11177=ADVANCED_FACE('',(#1323),#10618,.F.);
#11178=ADVANCED_FACE('',(#1324),#585,.T.);
#11179=ADVANCED_FACE('',(#1325,#150),#586,.F.);
#11180=ADVANCED_FACE('',(#1326),#587,.F.);
#11181=ADVANCED_FACE('',(#1327),#588,.F.);
#11182=ADVANCED_FACE('',(#1328),#589,.F.);
#11183=ADVANCED_FACE('',(#1329),#590,.F.);
#11184=ADVANCED_FACE('',(#1330),#770,.T.);
#11185=ADVANCED_FACE('',(#1331),#591,.T.);
#11186=ADVANCED_FACE('',(#1332),#10619,.T.);
#11187=ADVANCED_FACE('',(#1333,#151),#592,.F.);
#11188=ADVANCED_FACE('',(#1334),#10620,.T.);
#11189=ADVANCED_FACE('',(#1335),#593,.F.);
#11190=ADVANCED_FACE('',(#1336),#594,.F.);
#11191=ADVANCED_FACE('',(#1337),#771,.T.);
#11192=ADVANCED_FACE('',(#1338),#595,.F.);
#11193=ADVANCED_FACE('',(#1339),#596,.F.);
#11194=ADVANCED_FACE('',(#1340,#152),#597,.T.);
#11195=ADVANCED_FACE('',(#1341),#10621,.T.);
#11196=ADVANCED_FACE('',(#1342,#153),#598,.F.);
#11197=ADVANCED_FACE('',(#1343),#10622,.T.);
#11198=ADVANCED_FACE('',(#1344),#599,.F.);
#11199=ADVANCED_FACE('',(#1345),#600,.F.);
#11200=ADVANCED_FACE('',(#1346),#772,.T.);
#11201=ADVANCED_FACE('',(#1347),#601,.F.);
#11202=ADVANCED_FACE('',(#1348),#602,.F.);
#11203=ADVANCED_FACE('',(#1349,#154),#603,.T.);
#11204=ADVANCED_FACE('',(#1350),#10623,.T.);
#11205=ADVANCED_FACE('',(#1351,#155),#604,.F.);
#11206=ADVANCED_FACE('',(#1352),#10624,.T.);
#11207=ADVANCED_FACE('',(#1353),#605,.F.);
#11208=ADVANCED_FACE('',(#1354),#606,.F.);
#11209=ADVANCED_FACE('',(#1355),#773,.T.);
#11210=ADVANCED_FACE('',(#1356),#607,.F.);
#11211=ADVANCED_FACE('',(#1357),#608,.F.);
#11212=ADVANCED_FACE('',(#1358,#156),#609,.T.);
#11213=ADVANCED_FACE('',(#1359),#10625,.T.);
#11214=ADVANCED_FACE('',(#1360,#157),#610,.T.);
#11215=ADVANCED_FACE('',(#1361),#10626,.T.);
#11216=ADVANCED_FACE('',(#1362),#611,.T.);
#11217=ADVANCED_FACE('',(#1363),#612,.T.);
#11218=ADVANCED_FACE('',(#1364),#774,.T.);
#11219=ADVANCED_FACE('',(#1365),#613,.T.);
#11220=ADVANCED_FACE('',(#1366),#614,.T.);
#11221=ADVANCED_FACE('',(#1367,#158),#615,.F.);
#11222=ADVANCED_FACE('',(#1368),#10627,.T.);
#11223=ADVANCED_FACE('',(#1369,#159),#616,.T.);
#11224=ADVANCED_FACE('',(#1370),#10628,.T.);
#11225=ADVANCED_FACE('',(#1371),#617,.T.);
#11226=ADVANCED_FACE('',(#1372),#618,.T.);
#11227=ADVANCED_FACE('',(#1373),#775,.T.);
#11228=ADVANCED_FACE('',(#1374),#619,.T.);
#11229=ADVANCED_FACE('',(#1375),#620,.T.);
#11230=ADVANCED_FACE('',(#1376,#160),#621,.F.);
#11231=ADVANCED_FACE('',(#1377),#10629,.T.);
#11232=ADVANCED_FACE('',(#1378,#161),#622,.T.);
#11233=ADVANCED_FACE('',(#1379),#10630,.T.);
#11234=ADVANCED_FACE('',(#1380),#623,.T.);
#11235=ADVANCED_FACE('',(#1381),#624,.T.);
#11236=ADVANCED_FACE('',(#1382),#776,.T.);
#11237=ADVANCED_FACE('',(#1383),#625,.T.);
#11238=ADVANCED_FACE('',(#1384),#626,.T.);
#11239=ADVANCED_FACE('',(#1385,#162),#627,.F.);
#11240=ADVANCED_FACE('',(#1386),#628,.F.);
#11241=ADVANCED_FACE('',(#1387),#629,.F.);
#11242=ADVANCED_FACE('',(#1388),#630,.F.);
#11243=ADVANCED_FACE('',(#1389),#631,.F.);
#11244=ADVANCED_FACE('',(#1390),#632,.F.);
#11245=ADVANCED_FACE('',(#1391),#633,.F.);
#11246=ADVANCED_FACE('',(#1392),#634,.F.);
#11247=ADVANCED_FACE('',(#1393),#635,.F.);
#11248=ADVANCED_FACE('',(#1394),#636,.F.);
#11249=ADVANCED_FACE('',(#1395),#637,.F.);
#11250=ADVANCED_FACE('',(#1396),#638,.F.);
#11251=ADVANCED_FACE('',(#1397),#639,.F.);
#11252=ADVANCED_FACE('',(#1398),#640,.F.);
#11253=ADVANCED_FACE('',(#1399),#641,.F.);
#11254=ADVANCED_FACE('',(#1400),#642,.F.);
#11255=ADVANCED_FACE('',(#1401),#643,.F.);
#11256=ADVANCED_FACE('',(#1402),#644,.F.);
#11257=ADVANCED_FACE('',(#1403),#645,.T.);
#11258=ADVANCED_FACE('',(#1404),#646,.F.);
#11259=ADVANCED_FACE('',(#1405),#647,.F.);
#11260=ADVANCED_FACE('',(#1406),#648,.F.);
#11261=ADVANCED_FACE('',(#1407),#649,.F.);
#11262=ADVANCED_FACE('',(#1408),#650,.F.);
#11263=ADVANCED_FACE('',(#1409),#651,.F.);
#11264=ADVANCED_FACE('',(#1410),#652,.F.);
#11265=ADVANCED_FACE('',(#1411),#653,.F.);
#11266=ADVANCED_FACE('',(#1412),#654,.F.);
#11267=ADVANCED_FACE('',(#1413),#655,.F.);
#11268=ADVANCED_FACE('',(#1414),#656,.F.);
#11269=ADVANCED_FACE('',(#1415),#657,.F.);
#11270=ADVANCED_FACE('',(#1416),#658,.F.);
#11271=ADVANCED_FACE('',(#1417),#659,.F.);
#11272=ADVANCED_FACE('',(#1418),#660,.F.);
#11273=ADVANCED_FACE('',(#1419),#661,.F.);
#11274=ADVANCED_FACE('',(#1420),#662,.F.);
#11275=ADVANCED_FACE('',(#1421),#663,.F.);
#11276=ADVANCED_FACE('',(#1422),#664,.F.);
#11277=ADVANCED_FACE('',(#1423),#665,.F.);
#11278=ADVANCED_FACE('',(#1424),#666,.F.);
#11279=ADVANCED_FACE('',(#1425),#667,.F.);
#11280=ADVANCED_FACE('',(#1426),#668,.T.);
#11281=ADVANCED_FACE('',(#1427),#669,.F.);
#11282=ADVANCED_FACE('',(#1428),#670,.F.);
#11283=ADVANCED_FACE('',(#1429),#671,.F.);
#11284=ADVANCED_FACE('',(#1430),#672,.F.);
#11285=ADVANCED_FACE('',(#1431),#673,.F.);
#11286=ADVANCED_FACE('',(#1432),#674,.F.);
#11287=ADVANCED_FACE('',(#1433),#675,.F.);
#11288=ADVANCED_FACE('',(#1434),#676,.F.);
#11289=ADVANCED_FACE('',(#1435),#677,.F.);
#11290=ADVANCED_FACE('',(#1436),#678,.F.);
#11291=ADVANCED_FACE('',(#1437),#679,.F.);
#11292=ADVANCED_FACE('',(#1438),#680,.F.);
#11293=ADVANCED_FACE('',(#1439),#681,.F.);
#11294=ADVANCED_FACE('',(#1440),#682,.F.);
#11295=ADVANCED_FACE('',(#1441),#683,.F.);
#11296=ADVANCED_FACE('',(#1442),#684,.F.);
#11297=ADVANCED_FACE('',(#1443),#685,.F.);
#11298=ADVANCED_FACE('',(#1444),#686,.F.);
#11299=ADVANCED_FACE('',(#1445),#687,.F.);
#11300=ADVANCED_FACE('',(#1446),#688,.F.);
#11301=ADVANCED_FACE('',(#1447),#689,.F.);
#11302=ADVANCED_FACE('',(#1448),#690,.F.);
#11303=ADVANCED_FACE('',(#1449),#691,.T.);
#11304=ADVANCED_FACE('',(#1450),#692,.F.);
#11305=ADVANCED_FACE('',(#1451),#693,.F.);
#11306=ADVANCED_FACE('',(#1452),#694,.F.);
#11307=ADVANCED_FACE('',(#1453),#695,.F.);
#11308=ADVANCED_FACE('',(#1454),#696,.F.);
#11309=CLOSED_SHELL('',(#10631,#10632,#10633,#10634,#10635,#10636,#10637,
#10638,#10639,#10640,#10641,#10642,#10643,#10644,#10645));
#11310=CLOSED_SHELL('',(#10646,#10647,#10648,#10649,#10650,#10651,#10652,
#10653,#10654,#10655,#10656,#10657,#10658,#10659,#10660));
#11311=CLOSED_SHELL('',(#10661,#10662,#10663,#10664,#10665,#10666,#10667,
#10668,#10669,#10670,#10671,#10672,#10673,#10674,#10675));
#11312=CLOSED_SHELL('',(#10676,#10677,#10678,#10679,#10680,#10681,#10682,
#10683,#10684,#10685,#10686,#10687,#10688,#10689,#10690));
#11313=CLOSED_SHELL('',(#10691,#10692,#10693,#10694,#10695,#10696,#10697,
#10698,#10699,#10700,#10701,#10702,#10703,#10704,#10705));
#11314=CLOSED_SHELL('',(#10706,#10707,#10708,#10709,#10710,#10711,#10712,
#10713,#10714,#10715,#10716,#10717,#10718,#10719,#10720));
#11315=CLOSED_SHELL('',(#10721,#10722,#10723,#10724,#10725,#10726,#10727,
#10728,#10729,#10730,#10731,#10732,#10733,#10734,#10735));
#11316=CLOSED_SHELL('',(#10736,#10737,#10738,#10739,#10740,#10741,#10742,
#10743,#10744,#10745,#10746,#10747,#10748,#10749,#10750));
#11317=CLOSED_SHELL('',(#10751,#10752,#10753,#10754,#10755,#10756,#10757,
#10758,#10759,#10760,#10761,#10762,#10763,#10764,#10765,#10766,#10767,#10768,
#10769,#10770,#10771,#10772,#10773,#10774,#10775,#10776,#10777,#10778,#10779,
#10780,#10781));
#11318=CLOSED_SHELL('',(#10782,#10783,#10784,#10785,#10786,#10787,#10788,
#10789,#10790,#10791,#10792,#10793,#10794,#10795,#10796,#10797,#10798,#10799,
#10800,#10801,#10802,#10803,#10804));
#11319=CLOSED_SHELL('',(#10805,#10806,#10807,#10808,#10809,#10810,#10811,
#10812,#10813));
#11320=CLOSED_SHELL('',(#10814,#10815,#10816,#10817,#10818,#10819,#10820,
#10821,#10822,#10823,#10824,#10825,#10826,#10827,#10828));
#11321=CLOSED_SHELL('',(#10829,#10830,#10831,#10832,#10833,#10834,#10835,
#10836,#10837,#10838,#10839,#10840,#10841,#10842,#10843));
#11322=CLOSED_SHELL('',(#10844,#10845,#10846,#10847,#10848,#10849,#10850,
#10851,#10852,#10853,#10854,#10855,#10856,#10857,#10858));
#11323=CLOSED_SHELL('',(#10859,#10860,#10861,#10862,#10863,#10864,#10865,
#10866,#10867,#10868,#10869,#10870,#10871,#10872,#10873));
#11324=CLOSED_SHELL('',(#10874,#10875,#10876,#10877,#10878,#10879,#10880,
#10881,#10882,#10883,#10884,#10885,#10886,#10887,#10888,#10889,#10890,#10891,
#10892,#10893,#10894,#10895,#10896));
#11325=CLOSED_SHELL('',(#10897,#10898,#10899,#10900,#10901,#10902,#10903,
#10904,#10905));
#11326=CLOSED_SHELL('',(#10906,#10907,#10908,#10909,#10910,#10911,#10912,
#10913,#10914,#10915,#10916,#10917,#10918,#10919,#10920,#10921,#10922,#10923,
#10924,#10925,#10926,#10927,#10928,#10929,#10930,#10931,#10932,#10933,#10934,
#10935,#10936));
#11327=CLOSED_SHELL('',(#10937,#10938,#10939,#10940,#10941,#10942,#10943,
#10944,#10945,#10946,#10947,#10948,#10949,#10950,#10951));
#11328=CLOSED_SHELL('',(#10952,#10953,#10954,#10955,#10956,#10957,#10958,
#10959,#10960,#10961,#10962,#10963,#10964,#10965,#10966));
#11329=CLOSED_SHELL('',(#10967,#10968,#10969,#10970,#10971,#10972,#10973,
#10974,#10975,#10976,#10977,#10978,#10979,#10980,#10981));
#11330=CLOSED_SHELL('',(#10982,#10983,#10984,#10985,#10986,#10987,#10988,
#10989,#10990,#10991,#10992,#10993,#10994,#10995,#10996,#10997,#10998,#10999,
#11000,#11001,#11002,#11003,#11004));
#11331=CLOSED_SHELL('',(#11005,#11006,#11007,#11008,#11009,#11010,#11011,
#11012,#11013,#11014,#11015,#11016,#11017,#11018,#11019,#11020,#11021,#11022,
#11023,#11024,#11025,#11026,#11027));
#11332=CLOSED_SHELL('',(#11028,#11029,#11030,#11031,#11032,#11033,#11034,
#11035,#11036,#11037,#11038,#11039,#11040,#11041,#11042,#11043,#11044,#11045,
#11046,#11047,#11048,#11049,#11050));
#11333=CLOSED_SHELL('',(#11051,#11052,#11053,#11054,#11055,#11056,#11057,
#11058,#11059,#11060,#11061,#11062,#11063,#11064,#11065));
#11334=CLOSED_SHELL('',(#11066,#11067,#11068,#11069,#11070,#11071,#11072,
#11073,#11074,#11075,#11076,#11077,#11078,#11079,#11080));
#11335=CLOSED_SHELL('',(#11081,#11082,#11083,#11084,#11085,#11086,#11087,
#11088,#11089,#11090,#11091,#11092,#11093,#11094,#11095));
#11336=CLOSED_SHELL('',(#11096,#11097,#11098,#11099,#11100,#11101,#11102,
#11103,#11104,#11105,#11106,#11107,#11108,#11109,#11110));
#11337=CLOSED_SHELL('',(#11111,#11112,#11113,#11114,#11115,#11116,#11117,
#11118,#11119,#11120,#11121,#11122,#11123,#11124,#11125));
#11338=CLOSED_SHELL('',(#11126,#11127,#11128,#11129,#11130,#11131,#11132,
#11133,#11134,#11135,#11136,#11137,#11138,#11139,#11140));
#11339=CLOSED_SHELL('',(#11141,#11142,#11143,#11144,#11145,#11146,#11147,
#11148,#11149,#11150,#11151,#11152,#11153,#11154,#11155));
#11340=CLOSED_SHELL('',(#11156,#11157,#11158,#11159,#11160,#11161,#11162,
#11163,#11164,#11165,#11166,#11167,#11168,#11169,#11170));
#11341=CLOSED_SHELL('',(#11171,#11172,#11173,#11174,#11175,#11176,#11177,
#11178,#11179,#11180,#11181,#11182,#11183,#11184,#11185));
#11342=CLOSED_SHELL('',(#11186,#11187,#11188,#11189,#11190,#11191,#11192,
#11193,#11194));
#11343=CLOSED_SHELL('',(#11195,#11196,#11197,#11198,#11199,#11200,#11201,
#11202,#11203));
#11344=CLOSED_SHELL('',(#11204,#11205,#11206,#11207,#11208,#11209,#11210,
#11211,#11212));
#11345=CLOSED_SHELL('',(#11213,#11214,#11215,#11216,#11217,#11218,#11219,
#11220,#11221));
#11346=CLOSED_SHELL('',(#11222,#11223,#11224,#11225,#11226,#11227,#11228,
#11229,#11230));
#11347=CLOSED_SHELL('',(#11231,#11232,#11233,#11234,#11235,#11236,#11237,
#11238,#11239));
#11348=CLOSED_SHELL('',(#11240,#11241,#11242,#11243,#11244,#11245,#11246,
#11247,#11248,#11249,#11250,#11251,#11252,#11253,#11254,#11255,#11256,#11257,
#11258,#11259,#11260,#11261,#11262));
#11349=CLOSED_SHELL('',(#11263,#11264,#11265,#11266,#11267,#11268,#11269,
#11270,#11271,#11272,#11273,#11274,#11275,#11276,#11277,#11278,#11279,#11280,
#11281,#11282,#11283,#11284,#11285));
#11350=CLOSED_SHELL('',(#11286,#11287,#11288,#11289,#11290,#11291,#11292,
#11293,#11294,#11295,#11296,#11297,#11298,#11299,#11300,#11301,#11302,#11303,
#11304,#11305,#11306,#11307,#11308));
#11351=DERIVED_UNIT_ELEMENT(#11353,1.);
#11352=DERIVED_UNIT_ELEMENT(#18564,-3.);
#11353=(
MASS_UNIT()
NAMED_UNIT(*)
SI_UNIT(.KILO.,.GRAM.)
);
#11354=DERIVED_UNIT((#11351,#11352));
#11355=MEASURE_REPRESENTATION_ITEM('density measure',
POSITIVE_RATIO_MEASURE(7850.),#11354);
#11356=PROPERTY_DEFINITION_REPRESENTATION(#11361,#11358);
#11357=PROPERTY_DEFINITION_REPRESENTATION(#11362,#11359);
#11358=REPRESENTATION('material name',(#11360),#18561);
#11359=REPRESENTATION('density',(#11355),#18561);
#11360=DESCRIPTIVE_REPRESENTATION_ITEM('Steel','Steel');
#11361=PROPERTY_DEFINITION('material property','material name',#18571);
#11362=PROPERTY_DEFINITION('material property','density of part',#18571);
#11363=AXIS2_PLACEMENT_3D('',#15368,#12266,#12267);
#11364=AXIS2_PLACEMENT_3D('',#15369,#12268,#12269);
#11365=AXIS2_PLACEMENT_3D('',#15373,#12271,#12272);
#11366=AXIS2_PLACEMENT_3D('',#15374,#12273,#12274);
#11367=AXIS2_PLACEMENT_3D('',#15377,#12275,#12276);
#11368=AXIS2_PLACEMENT_3D('',#15381,#12278,#12279);
#11369=AXIS2_PLACEMENT_3D('',#15383,#12281,#12282);
#11370=AXIS2_PLACEMENT_3D('',#15389,#12286,#12287);
#11371=AXIS2_PLACEMENT_3D('',#15393,#12289,#12290);
#11372=AXIS2_PLACEMENT_3D('',#15397,#12293,#12294);
#11373=AXIS2_PLACEMENT_3D('',#15403,#12298,#12299);
#11374=AXIS2_PLACEMENT_3D('',#15407,#12301,#12302);
#11375=AXIS2_PLACEMENT_3D('',#15408,#12303,#12304);
#11376=AXIS2_PLACEMENT_3D('',#15413,#12307,#12308);
#11377=AXIS2_PLACEMENT_3D('',#15414,#12309,#12310);
#11378=AXIS2_PLACEMENT_3D('',#15418,#12313,#12314);
#11379=AXIS2_PLACEMENT_3D('',#15426,#12319,#12320);
#11380=AXIS2_PLACEMENT_3D('',#15430,#12323,#12324);
#11381=AXIS2_PLACEMENT_3D('',#15432,#12325,#12326);
#11382=AXIS2_PLACEMENT_3D('',#15435,#12328,#12329);
#11383=AXIS2_PLACEMENT_3D('',#15436,#12330,#12331);
#11384=AXIS2_PLACEMENT_3D('',#15442,#12335,#12336);
#11385=AXIS2_PLACEMENT_3D('',#15445,#12339,#12340);
#11386=AXIS2_PLACEMENT_3D('',#15446,#12341,#12342);
#11387=AXIS2_PLACEMENT_3D('',#15447,#12343,#12344);
#11388=AXIS2_PLACEMENT_3D('',#15449,#12345,#12346);
#11389=AXIS2_PLACEMENT_3D('',#15452,#12348,#12349);
#11390=AXIS2_PLACEMENT_3D('',#15457,#12351,#12352);
#11391=AXIS2_PLACEMENT_3D('',#15460,#12354,#12355);
#11392=AXIS2_PLACEMENT_3D('',#15461,#12356,#12357);
#11393=AXIS2_PLACEMENT_3D('',#15467,#12361,#12362);
#11394=AXIS2_PLACEMENT_3D('',#15473,#12365,#12366);
#11395=AXIS2_PLACEMENT_3D('',#15475,#12368,#12369);
#11396=AXIS2_PLACEMENT_3D('',#15481,#12373,#12374);
#11397=AXIS2_PLACEMENT_3D('',#15483,#12375,#12376);
#11398=AXIS2_PLACEMENT_3D('',#15486,#12378,#12379);
#11399=AXIS2_PLACEMENT_3D('',#15492,#12383,#12384);
#11400=AXIS2_PLACEMENT_3D('',#15497,#12386,#12387);
#11401=AXIS2_PLACEMENT_3D('',#15500,#12389,#12390);
#11402=AXIS2_PLACEMENT_3D('',#15501,#12391,#12392);
#11403=AXIS2_PLACEMENT_3D('',#15507,#12396,#12397);
#11404=AXIS2_PLACEMENT_3D('',#15510,#12399,#12400);
#11405=AXIS2_PLACEMENT_3D('',#15512,#12402,#12403);
#11406=AXIS2_PLACEMENT_3D('',#15514,#12405,#12406);
#11407=AXIS2_PLACEMENT_3D('',#15520,#12410,#12411);
#11408=AXIS2_PLACEMENT_3D('',#15522,#12413,#12414);
#11409=AXIS2_PLACEMENT_3D('',#15524,#12416,#12417);
#11410=AXIS2_PLACEMENT_3D('',#15525,#12418,#12419);
#11411=AXIS2_PLACEMENT_3D('',#15529,#12421,#12422);
#11412=AXIS2_PLACEMENT_3D('',#15530,#12423,#12424);
#11413=AXIS2_PLACEMENT_3D('',#15533,#12425,#12426);
#11414=AXIS2_PLACEMENT_3D('',#15537,#12428,#12429);
#11415=AXIS2_PLACEMENT_3D('',#15539,#12431,#12432);
#11416=AXIS2_PLACEMENT_3D('',#15545,#12436,#12437);
#11417=AXIS2_PLACEMENT_3D('',#15551,#12440,#12441);
#11418=AXIS2_PLACEMENT_3D('',#15553,#12443,#12444);
#11419=AXIS2_PLACEMENT_3D('',#15559,#12448,#12449);
#11420=AXIS2_PLACEMENT_3D('',#15563,#12451,#12452);
#11421=AXIS2_PLACEMENT_3D('',#15564,#12453,#12454);
#11422=AXIS2_PLACEMENT_3D('',#15568,#12456,#12457);
#11423=AXIS2_PLACEMENT_3D('',#15570,#12459,#12460);
#11424=AXIS2_PLACEMENT_3D('',#15574,#12463,#12464);
#11425=AXIS2_PLACEMENT_3D('',#15582,#12469,#12470);
#11426=AXIS2_PLACEMENT_3D('',#15586,#12473,#12474);
#11427=AXIS2_PLACEMENT_3D('',#15588,#12475,#12476);
#11428=AXIS2_PLACEMENT_3D('',#15590,#12477,#12478);
#11429=AXIS2_PLACEMENT_3D('',#15592,#12480,#12481);
#11430=AXIS2_PLACEMENT_3D('',#15598,#12485,#12486);
#11431=AXIS2_PLACEMENT_3D('',#15601,#12489,#12490);
#11432=AXIS2_PLACEMENT_3D('',#15602,#12491,#12492);
#11433=AXIS2_PLACEMENT_3D('',#15603,#12493,#12494);
#11434=AXIS2_PLACEMENT_3D('',#15605,#12495,#12496);
#11435=AXIS2_PLACEMENT_3D('',#15608,#12498,#12499);
#11436=AXIS2_PLACEMENT_3D('',#15613,#12501,#12502);
#11437=AXIS2_PLACEMENT_3D('',#15616,#12504,#12505);
#11438=AXIS2_PLACEMENT_3D('',#15617,#12506,#12507);
#11439=AXIS2_PLACEMENT_3D('',#15623,#12511,#12512);
#11440=AXIS2_PLACEMENT_3D('',#15627,#12514,#12515);
#11441=AXIS2_PLACEMENT_3D('',#15631,#12518,#12519);
#11442=AXIS2_PLACEMENT_3D('',#15637,#12523,#12524);
#11443=AXIS2_PLACEMENT_3D('',#15639,#12525,#12526);
#11444=AXIS2_PLACEMENT_3D('',#15642,#12528,#12529);
#11445=AXIS2_PLACEMENT_3D('',#15648,#12533,#12534);
#11446=AXIS2_PLACEMENT_3D('',#15653,#12536,#12537);
#11447=AXIS2_PLACEMENT_3D('',#15656,#12539,#12540);
#11448=AXIS2_PLACEMENT_3D('',#15657,#12541,#12542);
#11449=AXIS2_PLACEMENT_3D('',#15663,#12546,#12547);
#11450=AXIS2_PLACEMENT_3D('',#15666,#12549,#12550);
#11451=AXIS2_PLACEMENT_3D('',#15668,#12552,#12553);
#11452=AXIS2_PLACEMENT_3D('',#15670,#12555,#12556);
#11453=AXIS2_PLACEMENT_3D('',#15676,#12560,#12561);
#11454=AXIS2_PLACEMENT_3D('',#15678,#12563,#12564);
#11455=AXIS2_PLACEMENT_3D('',#15680,#12566,#12567);
#11456=AXIS2_PLACEMENT_3D('',#15681,#12568,#12569);
#11457=AXIS2_PLACEMENT_3D('',#15685,#12571,#12572);
#11458=AXIS2_PLACEMENT_3D('',#15686,#12573,#12574);
#11459=AXIS2_PLACEMENT_3D('',#15689,#12575,#12576);
#11460=AXIS2_PLACEMENT_3D('',#15693,#12578,#12579);
#11461=AXIS2_PLACEMENT_3D('',#15695,#12581,#12582);
#11462=AXIS2_PLACEMENT_3D('',#15701,#12586,#12587);
#11463=AXIS2_PLACEMENT_3D('',#15705,#12589,#12590);
#11464=AXIS2_PLACEMENT_3D('',#15709,#12593,#12594);
#11465=AXIS2_PLACEMENT_3D('',#15715,#12598,#12599);
#11466=AXIS2_PLACEMENT_3D('',#15719,#12601,#12602);
#11467=AXIS2_PLACEMENT_3D('',#15720,#12603,#12604);
#11468=AXIS2_PLACEMENT_3D('',#15725,#12607,#12608);
#11469=AXIS2_PLACEMENT_3D('',#15726,#12609,#12610);
#11470=AXIS2_PLACEMENT_3D('',#15730,#12613,#12614);
#11471=AXIS2_PLACEMENT_3D('',#15738,#12619,#12620);
#11472=AXIS2_PLACEMENT_3D('',#15742,#12623,#12624);
#11473=AXIS2_PLACEMENT_3D('',#15744,#12625,#12626);
#11474=AXIS2_PLACEMENT_3D('',#15747,#12628,#12629);
#11475=AXIS2_PLACEMENT_3D('',#15748,#12630,#12631);
#11476=AXIS2_PLACEMENT_3D('',#15754,#12635,#12636);
#11477=AXIS2_PLACEMENT_3D('',#15757,#12639,#12640);
#11478=AXIS2_PLACEMENT_3D('',#15758,#12641,#12642);
#11479=AXIS2_PLACEMENT_3D('',#15759,#12643,#12644);
#11480=AXIS2_PLACEMENT_3D('',#15761,#12645,#12646);
#11481=AXIS2_PLACEMENT_3D('',#15764,#12648,#12649);
#11482=AXIS2_PLACEMENT_3D('',#15769,#12651,#12652);
#11483=AXIS2_PLACEMENT_3D('',#15772,#12654,#12655);
#11484=AXIS2_PLACEMENT_3D('',#15773,#12656,#12657);
#11485=AXIS2_PLACEMENT_3D('',#15779,#12661,#12662);
#11486=AXIS2_PLACEMENT_3D('',#15785,#12665,#12666);
#11487=AXIS2_PLACEMENT_3D('',#15787,#12668,#12669);
#11488=AXIS2_PLACEMENT_3D('',#15793,#12673,#12674);
#11489=AXIS2_PLACEMENT_3D('',#15795,#12675,#12676);
#11490=AXIS2_PLACEMENT_3D('',#15798,#12678,#12679);
#11491=AXIS2_PLACEMENT_3D('',#15804,#12683,#12684);
#11492=AXIS2_PLACEMENT_3D('',#15809,#12686,#12687);
#11493=AXIS2_PLACEMENT_3D('',#15812,#12689,#12690);
#11494=AXIS2_PLACEMENT_3D('',#15813,#12691,#12692);
#11495=AXIS2_PLACEMENT_3D('',#15819,#12696,#12697);
#11496=AXIS2_PLACEMENT_3D('',#15822,#12699,#12700);
#11497=AXIS2_PLACEMENT_3D('',#15824,#12702,#12703);
#11498=AXIS2_PLACEMENT_3D('',#15826,#12705,#12706);
#11499=AXIS2_PLACEMENT_3D('',#15832,#12710,#12711);
#11500=AXIS2_PLACEMENT_3D('',#15834,#12713,#12714);
#11501=AXIS2_PLACEMENT_3D('',#15836,#12716,#12717);
#11502=AXIS2_PLACEMENT_3D('',#15837,#12718,#12719);
#11503=AXIS2_PLACEMENT_3D('',#15841,#12721,#12722);
#11504=AXIS2_PLACEMENT_3D('',#15842,#12723,#12724);
#11505=AXIS2_PLACEMENT_3D('',#15845,#12725,#12726);
#11506=AXIS2_PLACEMENT_3D('',#15849,#12728,#12729);
#11507=AXIS2_PLACEMENT_3D('',#15851,#12731,#12732);
#11508=AXIS2_PLACEMENT_3D('',#15857,#12736,#12737);
#11509=AXIS2_PLACEMENT_3D('',#15863,#12740,#12741);
#11510=AXIS2_PLACEMENT_3D('',#15865,#12743,#12744);
#11511=AXIS2_PLACEMENT_3D('',#15871,#12748,#12749);
#11512=AXIS2_PLACEMENT_3D('',#15875,#12751,#12752);
#11513=AXIS2_PLACEMENT_3D('',#15876,#12753,#12754);
#11514=AXIS2_PLACEMENT_3D('',#15880,#12756,#12757);
#11515=AXIS2_PLACEMENT_3D('',#15882,#12759,#12760);
#11516=AXIS2_PLACEMENT_3D('',#15886,#12763,#12764);
#11517=AXIS2_PLACEMENT_3D('',#15894,#12769,#12770);
#11518=AXIS2_PLACEMENT_3D('',#15898,#12773,#12774);
#11519=AXIS2_PLACEMENT_3D('',#15900,#12775,#12776);
#11520=AXIS2_PLACEMENT_3D('',#15902,#12777,#12778);
#11521=AXIS2_PLACEMENT_3D('',#15904,#12780,#12781);
#11522=AXIS2_PLACEMENT_3D('',#15910,#12785,#12786);
#11523=AXIS2_PLACEMENT_3D('',#15913,#12789,#12790);
#11524=AXIS2_PLACEMENT_3D('',#15914,#12791,#12792);
#11525=AXIS2_PLACEMENT_3D('',#15915,#12793,#12794);
#11526=AXIS2_PLACEMENT_3D('',#15917,#12795,#12796);
#11527=AXIS2_PLACEMENT_3D('',#15920,#12798,#12799);
#11528=AXIS2_PLACEMENT_3D('',#15925,#12801,#12802);
#11529=AXIS2_PLACEMENT_3D('',#15928,#12804,#12805);
#11530=AXIS2_PLACEMENT_3D('',#15929,#12806,#12807);
#11531=AXIS2_PLACEMENT_3D('',#15935,#12811,#12812);
#11532=AXIS2_PLACEMENT_3D('',#15939,#12814,#12815);
#11533=AXIS2_PLACEMENT_3D('',#15943,#12818,#12819);
#11534=AXIS2_PLACEMENT_3D('',#15949,#12823,#12824);
#11535=AXIS2_PLACEMENT_3D('',#15951,#12825,#12826);
#11536=AXIS2_PLACEMENT_3D('',#15954,#12828,#12829);
#11537=AXIS2_PLACEMENT_3D('',#15960,#12833,#12834);
#11538=AXIS2_PLACEMENT_3D('',#15965,#12836,#12837);
#11539=AXIS2_PLACEMENT_3D('',#15968,#12839,#12840);
#11540=AXIS2_PLACEMENT_3D('',#15969,#12841,#12842);
#11541=AXIS2_PLACEMENT_3D('',#15975,#12846,#12847);
#11542=AXIS2_PLACEMENT_3D('',#15978,#12849,#12850);
#11543=AXIS2_PLACEMENT_3D('',#15980,#12852,#12853);
#11544=AXIS2_PLACEMENT_3D('',#15982,#12855,#12856);
#11545=AXIS2_PLACEMENT_3D('',#15988,#12860,#12861);
#11546=AXIS2_PLACEMENT_3D('',#15990,#12863,#12864);
#11547=AXIS2_PLACEMENT_3D('',#15992,#12866,#12867);
#11548=AXIS2_PLACEMENT_3D('',#15993,#12868,#12869);
#11549=AXIS2_PLACEMENT_3D('',#16002,#12874,#12875);
#11550=AXIS2_PLACEMENT_3D('',#16008,#12879,#12880);
#11551=AXIS2_PLACEMENT_3D('',#16014,#12884,#12885);
#11552=AXIS2_PLACEMENT_3D('',#16017,#12888,#12889);
#11553=AXIS2_PLACEMENT_3D('',#16018,#12890,#12891);
#11554=AXIS2_PLACEMENT_3D('',#16025,#12895,#12896);
#11555=AXIS2_PLACEMENT_3D('',#16032,#12900,#12901);
#11556=AXIS2_PLACEMENT_3D('',#16039,#12905,#12906);
#11557=AXIS2_PLACEMENT_3D('',#16046,#12910,#12911);
#11558=AXIS2_PLACEMENT_3D('',#16049,#12914,#12915);
#11559=AXIS2_PLACEMENT_3D('',#16056,#12919,#12920);
#11560=AXIS2_PLACEMENT_3D('',#16059,#12923,#12924);
#11561=AXIS2_PLACEMENT_3D('',#16062,#12927,#12928);
#11562=AXIS2_PLACEMENT_3D('',#16069,#12932,#12933);
#11563=AXIS2_PLACEMENT_3D('',#16072,#12936,#12937);
#11564=AXIS2_PLACEMENT_3D('',#16079,#12941,#12942);
#11565=AXIS2_PLACEMENT_3D('',#16082,#12945,#12946);
#11566=AXIS2_PLACEMENT_3D('',#16085,#12949,#12950);
#11567=AXIS2_PLACEMENT_3D('',#16092,#12954,#12955);
#11568=AXIS2_PLACEMENT_3D('',#16095,#12958,#12959);
#11569=AXIS2_PLACEMENT_3D('',#16098,#12962,#12963);
#11570=AXIS2_PLACEMENT_3D('',#16101,#12966,#12967);
#11571=AXIS2_PLACEMENT_3D('',#16104,#12970,#12971);
#11572=AXIS2_PLACEMENT_3D('',#16107,#12974,#12975);
#11573=AXIS2_PLACEMENT_3D('',#16110,#12978,#12979);
#11574=AXIS2_PLACEMENT_3D('',#16111,#12980,#12981);
#11575=AXIS2_PLACEMENT_3D('',#16112,#12982,#12983);
#11576=AXIS2_PLACEMENT_3D('',#16113,#12984,#12985);
#11577=AXIS2_PLACEMENT_3D('',#16114,#12986,#12987);
#11578=AXIS2_PLACEMENT_3D('',#16115,#12988,#12989);
#11579=AXIS2_PLACEMENT_3D('',#16116,#12990,#12991);
#11580=AXIS2_PLACEMENT_3D('',#16123,#12995,#12996);
#11581=AXIS2_PLACEMENT_3D('',#16131,#13001,#13002);
#11582=AXIS2_PLACEMENT_3D('',#16138,#13006,#13007);
#11583=AXIS2_PLACEMENT_3D('',#16145,#13011,#13012);
#11584=AXIS2_PLACEMENT_3D('',#16148,#13015,#13016);
#11585=AXIS2_PLACEMENT_3D('',#16156,#13021,#13022);
#11586=AXIS2_PLACEMENT_3D('',#16163,#13026,#13027);
#11587=AXIS2_PLACEMENT_3D('',#16166,#13030,#13031);
#11588=AXIS2_PLACEMENT_3D('',#16173,#13035,#13036);
#11589=AXIS2_PLACEMENT_3D('',#16176,#13039,#13040);
#11590=AXIS2_PLACEMENT_3D('',#16179,#13043,#13044);
#11591=AXIS2_PLACEMENT_3D('',#16186,#13048,#13049);
#11592=AXIS2_PLACEMENT_3D('',#16189,#13052,#13053);
#11593=AXIS2_PLACEMENT_3D('',#16192,#13056,#13057);
#11594=AXIS2_PLACEMENT_3D('',#16195,#13060,#13061);
#11595=AXIS2_PLACEMENT_3D('',#16198,#13064,#13065);
#11596=AXIS2_PLACEMENT_3D('',#16201,#13068,#13069);
#11597=AXIS2_PLACEMENT_3D('',#16203,#13071,#13072);
#11598=AXIS2_PLACEMENT_3D('',#16204,#13073,#13074);
#11599=AXIS2_PLACEMENT_3D('',#16205,#13075,#13076);
#11600=AXIS2_PLACEMENT_3D('',#16206,#13077,#13078);
#11601=AXIS2_PLACEMENT_3D('',#16207,#13079,#13080);
#11602=AXIS2_PLACEMENT_3D('',#16208,#13081,#13082);
#11603=AXIS2_PLACEMENT_3D('',#16212,#13084,#13085);
#11604=AXIS2_PLACEMENT_3D('',#16213,#13086,#13087);
#11605=AXIS2_PLACEMENT_3D('',#16216,#13088,#13089);
#11606=AXIS2_PLACEMENT_3D('',#16224,#13094,#13095);
#11607=AXIS2_PLACEMENT_3D('',#16228,#13097,#13098);
#11608=AXIS2_PLACEMENT_3D('',#16229,#13099,#13100);
#11609=AXIS2_PLACEMENT_3D('',#16235,#13104,#13105);
#11610=AXIS2_PLACEMENT_3D('',#16239,#13108,#13109);
#11611=AXIS2_PLACEMENT_3D('',#16242,#13111,#13112);
#11612=AXIS2_PLACEMENT_3D('',#16243,#13113,#13114);
#11613=AXIS2_PLACEMENT_3D('',#16247,#13117,#13118);
#11614=AXIS2_PLACEMENT_3D('',#16249,#13120,#13121);
#11615=AXIS2_PLACEMENT_3D('',#16250,#13122,#13123);
#11616=AXIS2_PLACEMENT_3D('',#16252,#13124,#13125);
#11617=AXIS2_PLACEMENT_3D('',#16255,#13127,#13128);
#11618=AXIS2_PLACEMENT_3D('',#16260,#13130,#13131);
#11619=AXIS2_PLACEMENT_3D('',#16264,#13133,#13134);
#11620=AXIS2_PLACEMENT_3D('',#16268,#13137,#13138);
#11621=AXIS2_PLACEMENT_3D('',#16274,#13142,#13143);
#11622=AXIS2_PLACEMENT_3D('',#16276,#13144,#13145);
#11623=AXIS2_PLACEMENT_3D('',#16278,#13147,#13148);
#11624=AXIS2_PLACEMENT_3D('',#16284,#13152,#13153);
#11625=AXIS2_PLACEMENT_3D('',#16288,#13155,#13156);
#11626=AXIS2_PLACEMENT_3D('',#16290,#13158,#13159);
#11627=AXIS2_PLACEMENT_3D('',#16292,#13160,#13161);
#11628=AXIS2_PLACEMENT_3D('',#16295,#13163,#13164);
#11629=AXIS2_PLACEMENT_3D('',#16299,#13167,#13168);
#11630=AXIS2_PLACEMENT_3D('',#16306,#13172,#13173);
#11631=AXIS2_PLACEMENT_3D('',#16307,#13174,#13175);
#11632=AXIS2_PLACEMENT_3D('',#16313,#13179,#13180);
#11633=AXIS2_PLACEMENT_3D('',#16317,#13183,#13184);
#11634=AXIS2_PLACEMENT_3D('',#16321,#13187,#13188);
#11635=AXIS2_PLACEMENT_3D('',#16325,#13191,#13192);
#11636=AXIS2_PLACEMENT_3D('',#16326,#13193,#13194);
#11637=AXIS2_PLACEMENT_3D('',#16327,#13195,#13196);
#11638=AXIS2_PLACEMENT_3D('',#16328,#13197,#13198);
#11639=AXIS2_PLACEMENT_3D('',#16332,#13200,#13201);
#11640=AXIS2_PLACEMENT_3D('',#16333,#13202,#13203);
#11641=AXIS2_PLACEMENT_3D('',#16336,#13204,#13205);
#11642=AXIS2_PLACEMENT_3D('',#16340,#13207,#13208);
#11643=AXIS2_PLACEMENT_3D('',#16342,#13210,#13211);
#11644=AXIS2_PLACEMENT_3D('',#16348,#13215,#13216);
#11645=AXIS2_PLACEMENT_3D('',#16352,#13218,#13219);
#11646=AXIS2_PLACEMENT_3D('',#16356,#13222,#13223);
#11647=AXIS2_PLACEMENT_3D('',#16362,#13227,#13228);
#11648=AXIS2_PLACEMENT_3D('',#16366,#13230,#13231);
#11649=AXIS2_PLACEMENT_3D('',#16367,#13232,#13233);
#11650=AXIS2_PLACEMENT_3D('',#16372,#13236,#13237);
#11651=AXIS2_PLACEMENT_3D('',#16373,#13238,#13239);
#11652=AXIS2_PLACEMENT_3D('',#16377,#13242,#13243);
#11653=AXIS2_PLACEMENT_3D('',#16385,#13248,#13249);
#11654=AXIS2_PLACEMENT_3D('',#16389,#13252,#13253);
#11655=AXIS2_PLACEMENT_3D('',#16391,#13254,#13255);
#11656=AXIS2_PLACEMENT_3D('',#16394,#13257,#13258);
#11657=AXIS2_PLACEMENT_3D('',#16395,#13259,#13260);
#11658=AXIS2_PLACEMENT_3D('',#16401,#13264,#13265);
#11659=AXIS2_PLACEMENT_3D('',#16404,#13268,#13269);
#11660=AXIS2_PLACEMENT_3D('',#16405,#13270,#13271);
#11661=AXIS2_PLACEMENT_3D('',#16406,#13272,#13273);
#11662=AXIS2_PLACEMENT_3D('',#16408,#13274,#13275);
#11663=AXIS2_PLACEMENT_3D('',#16411,#13277,#13278);
#11664=AXIS2_PLACEMENT_3D('',#16416,#13280,#13281);
#11665=AXIS2_PLACEMENT_3D('',#16419,#13283,#13284);
#11666=AXIS2_PLACEMENT_3D('',#16420,#13285,#13286);
#11667=AXIS2_PLACEMENT_3D('',#16426,#13290,#13291);
#11668=AXIS2_PLACEMENT_3D('',#16432,#13294,#13295);
#11669=AXIS2_PLACEMENT_3D('',#16434,#13297,#13298);
#11670=AXIS2_PLACEMENT_3D('',#16440,#13302,#13303);
#11671=AXIS2_PLACEMENT_3D('',#16442,#13304,#13305);
#11672=AXIS2_PLACEMENT_3D('',#16445,#13307,#13308);
#11673=AXIS2_PLACEMENT_3D('',#16451,#13312,#13313);
#11674=AXIS2_PLACEMENT_3D('',#16456,#13315,#13316);
#11675=AXIS2_PLACEMENT_3D('',#16459,#13318,#13319);
#11676=AXIS2_PLACEMENT_3D('',#16460,#13320,#13321);
#11677=AXIS2_PLACEMENT_3D('',#16466,#13325,#13326);
#11678=AXIS2_PLACEMENT_3D('',#16469,#13328,#13329);
#11679=AXIS2_PLACEMENT_3D('',#16471,#13331,#13332);
#11680=AXIS2_PLACEMENT_3D('',#16473,#13334,#13335);
#11681=AXIS2_PLACEMENT_3D('',#16479,#13339,#13340);
#11682=AXIS2_PLACEMENT_3D('',#16481,#13342,#13343);
#11683=AXIS2_PLACEMENT_3D('',#16483,#13345,#13346);
#11684=AXIS2_PLACEMENT_3D('',#16484,#13347,#13348);
#11685=AXIS2_PLACEMENT_3D('',#16486,#13349,#13350);
#11686=AXIS2_PLACEMENT_3D('',#16489,#13352,#13353);
#11687=AXIS2_PLACEMENT_3D('',#16498,#13357,#13358);
#11688=AXIS2_PLACEMENT_3D('',#16501,#13360,#13361);
#11689=AXIS2_PLACEMENT_3D('',#16502,#13362,#13363);
#11690=AXIS2_PLACEMENT_3D('',#16508,#13367,#13368);
#11691=AXIS2_PLACEMENT_3D('',#16511,#13370,#13371);
#11692=AXIS2_PLACEMENT_3D('',#16512,#13372,#13373);
#11693=AXIS2_PLACEMENT_3D('',#16518,#13377,#13378);
#11694=AXIS2_PLACEMENT_3D('',#16523,#13381,#13382);
#11695=AXIS2_PLACEMENT_3D('',#16524,#13383,#13384);
#11696=AXIS2_PLACEMENT_3D('',#16526,#13385,#13386);
#11697=AXIS2_PLACEMENT_3D('',#16529,#13388,#13389);
#11698=AXIS2_PLACEMENT_3D('',#16533,#13392,#13393);
#11699=AXIS2_PLACEMENT_3D('',#16538,#13395,#13396);
#11700=AXIS2_PLACEMENT_3D('',#16541,#13399,#13400);
#11701=AXIS2_PLACEMENT_3D('',#16547,#13404,#13405);
#11702=AXIS2_PLACEMENT_3D('',#16551,#13408,#13409);
#11703=AXIS2_PLACEMENT_3D('',#16555,#13412,#13413);
#11704=AXIS2_PLACEMENT_3D('',#16559,#13416,#13417);
#11705=AXIS2_PLACEMENT_3D('',#16560,#13418,#13419);
#11706=AXIS2_PLACEMENT_3D('',#16561,#13420,#13421);
#11707=AXIS2_PLACEMENT_3D('',#16562,#13422,#13423);
#11708=AXIS2_PLACEMENT_3D('',#16569,#13427,#13428);
#11709=AXIS2_PLACEMENT_3D('',#16577,#13433,#13434);
#11710=AXIS2_PLACEMENT_3D('',#16584,#13438,#13439);
#11711=AXIS2_PLACEMENT_3D('',#16591,#13443,#13444);
#11712=AXIS2_PLACEMENT_3D('',#16594,#13447,#13448);
#11713=AXIS2_PLACEMENT_3D('',#16602,#13453,#13454);
#11714=AXIS2_PLACEMENT_3D('',#16609,#13458,#13459);
#11715=AXIS2_PLACEMENT_3D('',#16612,#13462,#13463);
#11716=AXIS2_PLACEMENT_3D('',#16619,#13467,#13468);
#11717=AXIS2_PLACEMENT_3D('',#16622,#13471,#13472);
#11718=AXIS2_PLACEMENT_3D('',#16625,#13475,#13476);
#11719=AXIS2_PLACEMENT_3D('',#16632,#13480,#13481);
#11720=AXIS2_PLACEMENT_3D('',#16635,#13484,#13485);
#11721=AXIS2_PLACEMENT_3D('',#16638,#13488,#13489);
#11722=AXIS2_PLACEMENT_3D('',#16641,#13492,#13493);
#11723=AXIS2_PLACEMENT_3D('',#16644,#13496,#13497);
#11724=AXIS2_PLACEMENT_3D('',#16647,#13500,#13501);
#11725=AXIS2_PLACEMENT_3D('',#16649,#13503,#13504);
#11726=AXIS2_PLACEMENT_3D('',#16650,#13505,#13506);
#11727=AXIS2_PLACEMENT_3D('',#16651,#13507,#13508);
#11728=AXIS2_PLACEMENT_3D('',#16652,#13509,#13510);
#11729=AXIS2_PLACEMENT_3D('',#16653,#13511,#13512);
#11730=AXIS2_PLACEMENT_3D('',#16654,#13513,#13514);
#11731=AXIS2_PLACEMENT_3D('',#16658,#13516,#13517);
#11732=AXIS2_PLACEMENT_3D('',#16659,#13518,#13519);
#11733=AXIS2_PLACEMENT_3D('',#16662,#13520,#13521);
#11734=AXIS2_PLACEMENT_3D('',#16670,#13526,#13527);
#11735=AXIS2_PLACEMENT_3D('',#16674,#13529,#13530);
#11736=AXIS2_PLACEMENT_3D('',#16675,#13531,#13532);
#11737=AXIS2_PLACEMENT_3D('',#16681,#13536,#13537);
#11738=AXIS2_PLACEMENT_3D('',#16685,#13540,#13541);
#11739=AXIS2_PLACEMENT_3D('',#16687,#13542,#13543);
#11740=AXIS2_PLACEMENT_3D('',#16689,#13545,#13546);
#11741=AXIS2_PLACEMENT_3D('',#16693,#13549,#13550);
#11742=AXIS2_PLACEMENT_3D('',#16695,#13552,#13553);
#11743=AXIS2_PLACEMENT_3D('',#16696,#13554,#13555);
#11744=AXIS2_PLACEMENT_3D('',#16705,#13560,#13561);
#11745=AXIS2_PLACEMENT_3D('',#16711,#13565,#13566);
#11746=AXIS2_PLACEMENT_3D('',#16717,#13570,#13571);
#11747=AXIS2_PLACEMENT_3D('',#16720,#13574,#13575);
#11748=AXIS2_PLACEMENT_3D('',#16721,#13576,#13577);
#11749=AXIS2_PLACEMENT_3D('',#16728,#13581,#13582);
#11750=AXIS2_PLACEMENT_3D('',#16735,#13586,#13587);
#11751=AXIS2_PLACEMENT_3D('',#16742,#13591,#13592);
#11752=AXIS2_PLACEMENT_3D('',#16749,#13596,#13597);
#11753=AXIS2_PLACEMENT_3D('',#16752,#13600,#13601);
#11754=AXIS2_PLACEMENT_3D('',#16759,#13605,#13606);
#11755=AXIS2_PLACEMENT_3D('',#16762,#13609,#13610);
#11756=AXIS2_PLACEMENT_3D('',#16765,#13613,#13614);
#11757=AXIS2_PLACEMENT_3D('',#16772,#13618,#13619);
#11758=AXIS2_PLACEMENT_3D('',#16775,#13622,#13623);
#11759=AXIS2_PLACEMENT_3D('',#16782,#13627,#13628);
#11760=AXIS2_PLACEMENT_3D('',#16785,#13631,#13632);
#11761=AXIS2_PLACEMENT_3D('',#16788,#13635,#13636);
#11762=AXIS2_PLACEMENT_3D('',#16795,#13640,#13641);
#11763=AXIS2_PLACEMENT_3D('',#16798,#13644,#13645);
#11764=AXIS2_PLACEMENT_3D('',#16801,#13648,#13649);
#11765=AXIS2_PLACEMENT_3D('',#16804,#13652,#13653);
#11766=AXIS2_PLACEMENT_3D('',#16807,#13656,#13657);
#11767=AXIS2_PLACEMENT_3D('',#16810,#13660,#13661);
#11768=AXIS2_PLACEMENT_3D('',#16813,#13664,#13665);
#11769=AXIS2_PLACEMENT_3D('',#16814,#13666,#13667);
#11770=AXIS2_PLACEMENT_3D('',#16815,#13668,#13669);
#11771=AXIS2_PLACEMENT_3D('',#16816,#13670,#13671);
#11772=AXIS2_PLACEMENT_3D('',#16817,#13672,#13673);
#11773=AXIS2_PLACEMENT_3D('',#16818,#13674,#13675);
#11774=AXIS2_PLACEMENT_3D('',#16819,#13676,#13677);
#11775=AXIS2_PLACEMENT_3D('',#16821,#13678,#13679);
#11776=AXIS2_PLACEMENT_3D('',#16824,#13681,#13682);
#11777=AXIS2_PLACEMENT_3D('',#16829,#13684,#13685);
#11778=AXIS2_PLACEMENT_3D('',#16832,#13687,#13688);
#11779=AXIS2_PLACEMENT_3D('',#16833,#13689,#13690);
#11780=AXIS2_PLACEMENT_3D('',#16839,#13694,#13695);
#11781=AXIS2_PLACEMENT_3D('',#16843,#13697,#13698);
#11782=AXIS2_PLACEMENT_3D('',#16847,#13701,#13702);
#11783=AXIS2_PLACEMENT_3D('',#16853,#13706,#13707);
#11784=AXIS2_PLACEMENT_3D('',#16855,#13708,#13709);
#11785=AXIS2_PLACEMENT_3D('',#16858,#13711,#13712);
#11786=AXIS2_PLACEMENT_3D('',#16864,#13716,#13717);
#11787=AXIS2_PLACEMENT_3D('',#16869,#13719,#13720);
#11788=AXIS2_PLACEMENT_3D('',#16872,#13722,#13723);
#11789=AXIS2_PLACEMENT_3D('',#16873,#13724,#13725);
#11790=AXIS2_PLACEMENT_3D('',#16879,#13729,#13730);
#11791=AXIS2_PLACEMENT_3D('',#16882,#13732,#13733);
#11792=AXIS2_PLACEMENT_3D('',#16884,#13735,#13736);
#11793=AXIS2_PLACEMENT_3D('',#16886,#13738,#13739);
#11794=AXIS2_PLACEMENT_3D('',#16892,#13743,#13744);
#11795=AXIS2_PLACEMENT_3D('',#16894,#13746,#13747);
#11796=AXIS2_PLACEMENT_3D('',#16896,#13749,#13750);
#11797=AXIS2_PLACEMENT_3D('',#16897,#13751,#13752);
#11798=AXIS2_PLACEMENT_3D('',#16899,#13753,#13754);
#11799=AXIS2_PLACEMENT_3D('',#16902,#13756,#13757);
#11800=AXIS2_PLACEMENT_3D('',#16907,#13759,#13760);
#11801=AXIS2_PLACEMENT_3D('',#16910,#13762,#13763);
#11802=AXIS2_PLACEMENT_3D('',#16911,#13764,#13765);
#11803=AXIS2_PLACEMENT_3D('',#16917,#13769,#13770);
#11804=AXIS2_PLACEMENT_3D('',#16921,#13772,#13773);
#11805=AXIS2_PLACEMENT_3D('',#16925,#13776,#13777);
#11806=AXIS2_PLACEMENT_3D('',#16931,#13781,#13782);
#11807=AXIS2_PLACEMENT_3D('',#16933,#13783,#13784);
#11808=AXIS2_PLACEMENT_3D('',#16936,#13786,#13787);
#11809=AXIS2_PLACEMENT_3D('',#16942,#13791,#13792);
#11810=AXIS2_PLACEMENT_3D('',#16947,#13794,#13795);
#11811=AXIS2_PLACEMENT_3D('',#16950,#13797,#13798);
#11812=AXIS2_PLACEMENT_3D('',#16951,#13799,#13800);
#11813=AXIS2_PLACEMENT_3D('',#16957,#13804,#13805);
#11814=AXIS2_PLACEMENT_3D('',#16960,#13807,#13808);
#11815=AXIS2_PLACEMENT_3D('',#16962,#13810,#13811);
#11816=AXIS2_PLACEMENT_3D('',#16964,#13813,#13814);
#11817=AXIS2_PLACEMENT_3D('',#16970,#13818,#13819);
#11818=AXIS2_PLACEMENT_3D('',#16972,#13821,#13822);
#11819=AXIS2_PLACEMENT_3D('',#16974,#13824,#13825);
#11820=AXIS2_PLACEMENT_3D('',#16975,#13826,#13827);
#11821=AXIS2_PLACEMENT_3D('',#16977,#13828,#13829);
#11822=AXIS2_PLACEMENT_3D('',#16980,#13831,#13832);
#11823=AXIS2_PLACEMENT_3D('',#16985,#13834,#13835);
#11824=AXIS2_PLACEMENT_3D('',#16988,#13837,#13838);
#11825=AXIS2_PLACEMENT_3D('',#16989,#13839,#13840);
#11826=AXIS2_PLACEMENT_3D('',#16995,#13844,#13845);
#11827=AXIS2_PLACEMENT_3D('',#17001,#13848,#13849);
#11828=AXIS2_PLACEMENT_3D('',#17003,#13851,#13852);
#11829=AXIS2_PLACEMENT_3D('',#17009,#13856,#13857);
#11830=AXIS2_PLACEMENT_3D('',#17011,#13858,#13859);
#11831=AXIS2_PLACEMENT_3D('',#17014,#13861,#13862);
#11832=AXIS2_PLACEMENT_3D('',#17020,#13866,#13867);
#11833=AXIS2_PLACEMENT_3D('',#17025,#13869,#13870);
#11834=AXIS2_PLACEMENT_3D('',#17028,#13872,#13873);
#11835=AXIS2_PLACEMENT_3D('',#17029,#13874,#13875);
#11836=AXIS2_PLACEMENT_3D('',#17035,#13879,#13880);
#11837=AXIS2_PLACEMENT_3D('',#17038,#13882,#13883);
#11838=AXIS2_PLACEMENT_3D('',#17040,#13885,#13886);
#11839=AXIS2_PLACEMENT_3D('',#17042,#13888,#13889);
#11840=AXIS2_PLACEMENT_3D('',#17048,#13893,#13894);
#11841=AXIS2_PLACEMENT_3D('',#17050,#13896,#13897);
#11842=AXIS2_PLACEMENT_3D('',#17052,#13899,#13900);
#11843=AXIS2_PLACEMENT_3D('',#17053,#13901,#13902);
#11844=AXIS2_PLACEMENT_3D('',#17060,#13906,#13907);
#11845=AXIS2_PLACEMENT_3D('',#17068,#13912,#13913);
#11846=AXIS2_PLACEMENT_3D('',#17075,#13917,#13918);
#11847=AXIS2_PLACEMENT_3D('',#17082,#13922,#13923);
#11848=AXIS2_PLACEMENT_3D('',#17085,#13926,#13927);
#11849=AXIS2_PLACEMENT_3D('',#17093,#13932,#13933);
#11850=AXIS2_PLACEMENT_3D('',#17100,#13937,#13938);
#11851=AXIS2_PLACEMENT_3D('',#17103,#13941,#13942);
#11852=AXIS2_PLACEMENT_3D('',#17110,#13946,#13947);
#11853=AXIS2_PLACEMENT_3D('',#17113,#13950,#13951);
#11854=AXIS2_PLACEMENT_3D('',#17116,#13954,#13955);
#11855=AXIS2_PLACEMENT_3D('',#17123,#13959,#13960);
#11856=AXIS2_PLACEMENT_3D('',#17126,#13963,#13964);
#11857=AXIS2_PLACEMENT_3D('',#17129,#13967,#13968);
#11858=AXIS2_PLACEMENT_3D('',#17132,#13971,#13972);
#11859=AXIS2_PLACEMENT_3D('',#17135,#13975,#13976);
#11860=AXIS2_PLACEMENT_3D('',#17138,#13979,#13980);
#11861=AXIS2_PLACEMENT_3D('',#17140,#13982,#13983);
#11862=AXIS2_PLACEMENT_3D('',#17141,#13984,#13985);
#11863=AXIS2_PLACEMENT_3D('',#17142,#13986,#13987);
#11864=AXIS2_PLACEMENT_3D('',#17143,#13988,#13989);
#11865=AXIS2_PLACEMENT_3D('',#17144,#13990,#13991);
#11866=AXIS2_PLACEMENT_3D('',#17145,#13992,#13993);
#11867=AXIS2_PLACEMENT_3D('',#17152,#13997,#13998);
#11868=AXIS2_PLACEMENT_3D('',#17160,#14003,#14004);
#11869=AXIS2_PLACEMENT_3D('',#17167,#14008,#14009);
#11870=AXIS2_PLACEMENT_3D('',#17174,#14013,#14014);
#11871=AXIS2_PLACEMENT_3D('',#17177,#14017,#14018);
#11872=AXIS2_PLACEMENT_3D('',#17185,#14023,#14024);
#11873=AXIS2_PLACEMENT_3D('',#17192,#14028,#14029);
#11874=AXIS2_PLACEMENT_3D('',#17195,#14032,#14033);
#11875=AXIS2_PLACEMENT_3D('',#17202,#14037,#14038);
#11876=AXIS2_PLACEMENT_3D('',#17205,#14041,#14042);
#11877=AXIS2_PLACEMENT_3D('',#17208,#14045,#14046);
#11878=AXIS2_PLACEMENT_3D('',#17215,#14050,#14051);
#11879=AXIS2_PLACEMENT_3D('',#17218,#14054,#14055);
#11880=AXIS2_PLACEMENT_3D('',#17221,#14058,#14059);
#11881=AXIS2_PLACEMENT_3D('',#17224,#14062,#14063);
#11882=AXIS2_PLACEMENT_3D('',#17227,#14066,#14067);
#11883=AXIS2_PLACEMENT_3D('',#17230,#14070,#14071);
#11884=AXIS2_PLACEMENT_3D('',#17232,#14073,#14074);
#11885=AXIS2_PLACEMENT_3D('',#17233,#14075,#14076);
#11886=AXIS2_PLACEMENT_3D('',#17234,#14077,#14078);
#11887=AXIS2_PLACEMENT_3D('',#17235,#14079,#14080);
#11888=AXIS2_PLACEMENT_3D('',#17236,#14081,#14082);
#11889=AXIS2_PLACEMENT_3D('',#17237,#14083,#14084);
#11890=AXIS2_PLACEMENT_3D('',#17244,#14088,#14089);
#11891=AXIS2_PLACEMENT_3D('',#17252,#14094,#14095);
#11892=AXIS2_PLACEMENT_3D('',#17259,#14099,#14100);
#11893=AXIS2_PLACEMENT_3D('',#17266,#14104,#14105);
#11894=AXIS2_PLACEMENT_3D('',#17269,#14108,#14109);
#11895=AXIS2_PLACEMENT_3D('',#17277,#14114,#14115);
#11896=AXIS2_PLACEMENT_3D('',#17284,#14119,#14120);
#11897=AXIS2_PLACEMENT_3D('',#17287,#14123,#14124);
#11898=AXIS2_PLACEMENT_3D('',#17294,#14128,#14129);
#11899=AXIS2_PLACEMENT_3D('',#17297,#14132,#14133);
#11900=AXIS2_PLACEMENT_3D('',#17300,#14136,#14137);
#11901=AXIS2_PLACEMENT_3D('',#17307,#14141,#14142);
#11902=AXIS2_PLACEMENT_3D('',#17310,#14145,#14146);
#11903=AXIS2_PLACEMENT_3D('',#17313,#14149,#14150);
#11904=AXIS2_PLACEMENT_3D('',#17316,#14153,#14154);
#11905=AXIS2_PLACEMENT_3D('',#17319,#14157,#14158);
#11906=AXIS2_PLACEMENT_3D('',#17322,#14161,#14162);
#11907=AXIS2_PLACEMENT_3D('',#17324,#14164,#14165);
#11908=AXIS2_PLACEMENT_3D('',#17325,#14166,#14167);
#11909=AXIS2_PLACEMENT_3D('',#17326,#14168,#14169);
#11910=AXIS2_PLACEMENT_3D('',#17327,#14170,#14171);
#11911=AXIS2_PLACEMENT_3D('',#17328,#14172,#14173);
#11912=AXIS2_PLACEMENT_3D('',#17329,#14174,#14175);
#11913=AXIS2_PLACEMENT_3D('',#17331,#14176,#14177);
#11914=AXIS2_PLACEMENT_3D('',#17334,#14179,#14180);
#11915=AXIS2_PLACEMENT_3D('',#17339,#14182,#14183);
#11916=AXIS2_PLACEMENT_3D('',#17343,#14185,#14186);
#11917=AXIS2_PLACEMENT_3D('',#17347,#14189,#14190);
#11918=AXIS2_PLACEMENT_3D('',#17353,#14194,#14195);
#11919=AXIS2_PLACEMENT_3D('',#17355,#14196,#14197);
#11920=AXIS2_PLACEMENT_3D('',#17357,#14199,#14200);
#11921=AXIS2_PLACEMENT_3D('',#17363,#14204,#14205);
#11922=AXIS2_PLACEMENT_3D('',#17367,#14207,#14208);
#11923=AXIS2_PLACEMENT_3D('',#17369,#14210,#14211);
#11924=AXIS2_PLACEMENT_3D('',#17371,#14212,#14213);
#11925=AXIS2_PLACEMENT_3D('',#17374,#14215,#14216);
#11926=AXIS2_PLACEMENT_3D('',#17378,#14219,#14220);
#11927=AXIS2_PLACEMENT_3D('',#17385,#14224,#14225);
#11928=AXIS2_PLACEMENT_3D('',#17386,#14226,#14227);
#11929=AXIS2_PLACEMENT_3D('',#17392,#14231,#14232);
#11930=AXIS2_PLACEMENT_3D('',#17396,#14235,#14236);
#11931=AXIS2_PLACEMENT_3D('',#17400,#14239,#14240);
#11932=AXIS2_PLACEMENT_3D('',#17404,#14243,#14244);
#11933=AXIS2_PLACEMENT_3D('',#17405,#14245,#14246);
#11934=AXIS2_PLACEMENT_3D('',#17406,#14247,#14248);
#11935=AXIS2_PLACEMENT_3D('',#17407,#14249,#14250);
#11936=AXIS2_PLACEMENT_3D('',#17409,#14251,#14252);
#11937=AXIS2_PLACEMENT_3D('',#17412,#14254,#14255);
#11938=AXIS2_PLACEMENT_3D('',#17417,#14257,#14258);
#11939=AXIS2_PLACEMENT_3D('',#17421,#14260,#14261);
#11940=AXIS2_PLACEMENT_3D('',#17425,#14264,#14265);
#11941=AXIS2_PLACEMENT_3D('',#17431,#14269,#14270);
#11942=AXIS2_PLACEMENT_3D('',#17433,#14271,#14272);
#11943=AXIS2_PLACEMENT_3D('',#17435,#14274,#14275);
#11944=AXIS2_PLACEMENT_3D('',#17441,#14279,#14280);
#11945=AXIS2_PLACEMENT_3D('',#17445,#14282,#14283);
#11946=AXIS2_PLACEMENT_3D('',#17447,#14285,#14286);
#11947=AXIS2_PLACEMENT_3D('',#17449,#14287,#14288);
#11948=AXIS2_PLACEMENT_3D('',#17452,#14290,#14291);
#11949=AXIS2_PLACEMENT_3D('',#17456,#14294,#14295);
#11950=AXIS2_PLACEMENT_3D('',#17463,#14299,#14300);
#11951=AXIS2_PLACEMENT_3D('',#17464,#14301,#14302);
#11952=AXIS2_PLACEMENT_3D('',#17470,#14306,#14307);
#11953=AXIS2_PLACEMENT_3D('',#17474,#14310,#14311);
#11954=AXIS2_PLACEMENT_3D('',#17478,#14314,#14315);
#11955=AXIS2_PLACEMENT_3D('',#17482,#14318,#14319);
#11956=AXIS2_PLACEMENT_3D('',#17483,#14320,#14321);
#11957=AXIS2_PLACEMENT_3D('',#17484,#14322,#14323);
#11958=AXIS2_PLACEMENT_3D('',#17485,#14324,#14325);
#11959=AXIS2_PLACEMENT_3D('',#17487,#14326,#14327);
#11960=AXIS2_PLACEMENT_3D('',#17490,#14329,#14330);
#11961=AXIS2_PLACEMENT_3D('',#17495,#14332,#14333);
#11962=AXIS2_PLACEMENT_3D('',#17499,#14335,#14336);
#11963=AXIS2_PLACEMENT_3D('',#17503,#14339,#14340);
#11964=AXIS2_PLACEMENT_3D('',#17509,#14344,#14345);
#11965=AXIS2_PLACEMENT_3D('',#17511,#14346,#14347);
#11966=AXIS2_PLACEMENT_3D('',#17513,#14349,#14350);
#11967=AXIS2_PLACEMENT_3D('',#17519,#14354,#14355);
#11968=AXIS2_PLACEMENT_3D('',#17523,#14357,#14358);
#11969=AXIS2_PLACEMENT_3D('',#17525,#14360,#14361);
#11970=AXIS2_PLACEMENT_3D('',#17527,#14362,#14363);
#11971=AXIS2_PLACEMENT_3D('',#17530,#14365,#14366);
#11972=AXIS2_PLACEMENT_3D('',#17534,#14369,#14370);
#11973=AXIS2_PLACEMENT_3D('',#17541,#14374,#14375);
#11974=AXIS2_PLACEMENT_3D('',#17542,#14376,#14377);
#11975=AXIS2_PLACEMENT_3D('',#17548,#14381,#14382);
#11976=AXIS2_PLACEMENT_3D('',#17552,#14385,#14386);
#11977=AXIS2_PLACEMENT_3D('',#17556,#14389,#14390);
#11978=AXIS2_PLACEMENT_3D('',#17560,#14393,#14394);
#11979=AXIS2_PLACEMENT_3D('',#17561,#14395,#14396);
#11980=AXIS2_PLACEMENT_3D('',#17562,#14397,#14398);
#11981=AXIS2_PLACEMENT_3D('',#17563,#14399,#14400);
#11982=AXIS2_PLACEMENT_3D('',#17567,#14402,#14403);
#11983=AXIS2_PLACEMENT_3D('',#17568,#14404,#14405);
#11984=AXIS2_PLACEMENT_3D('',#17571,#14406,#14407);
#11985=AXIS2_PLACEMENT_3D('',#17575,#14409,#14410);
#11986=AXIS2_PLACEMENT_3D('',#17577,#14412,#14413);
#11987=AXIS2_PLACEMENT_3D('',#17583,#14417,#14418);
#11988=AXIS2_PLACEMENT_3D('',#17587,#14420,#14421);
#11989=AXIS2_PLACEMENT_3D('',#17591,#14424,#14425);
#11990=AXIS2_PLACEMENT_3D('',#17597,#14429,#14430);
#11991=AXIS2_PLACEMENT_3D('',#17601,#14432,#14433);
#11992=AXIS2_PLACEMENT_3D('',#17602,#14434,#14435);
#11993=AXIS2_PLACEMENT_3D('',#17607,#14438,#14439);
#11994=AXIS2_PLACEMENT_3D('',#17608,#14440,#14441);
#11995=AXIS2_PLACEMENT_3D('',#17612,#14444,#14445);
#11996=AXIS2_PLACEMENT_3D('',#17620,#14450,#14451);
#11997=AXIS2_PLACEMENT_3D('',#17624,#14454,#14455);
#11998=AXIS2_PLACEMENT_3D('',#17626,#14456,#14457);
#11999=AXIS2_PLACEMENT_3D('',#17629,#14459,#14460);
#12000=AXIS2_PLACEMENT_3D('',#17630,#14461,#14462);
#12001=AXIS2_PLACEMENT_3D('',#17636,#14466,#14467);
#12002=AXIS2_PLACEMENT_3D('',#17639,#14470,#14471);
#12003=AXIS2_PLACEMENT_3D('',#17640,#14472,#14473);
#12004=AXIS2_PLACEMENT_3D('',#17641,#14474,#14475);
#12005=AXIS2_PLACEMENT_3D('',#17645,#14477,#14478);
#12006=AXIS2_PLACEMENT_3D('',#17646,#14479,#14480);
#12007=AXIS2_PLACEMENT_3D('',#17649,#14481,#14482);
#12008=AXIS2_PLACEMENT_3D('',#17653,#14484,#14485);
#12009=AXIS2_PLACEMENT_3D('',#17655,#14487,#14488);
#12010=AXIS2_PLACEMENT_3D('',#17661,#14492,#14493);
#12011=AXIS2_PLACEMENT_3D('',#17665,#14495,#14496);
#12012=AXIS2_PLACEMENT_3D('',#17669,#14499,#14500);
#12013=AXIS2_PLACEMENT_3D('',#17675,#14504,#14505);
#12014=AXIS2_PLACEMENT_3D('',#17679,#14507,#14508);
#12015=AXIS2_PLACEMENT_3D('',#17680,#14509,#14510);
#12016=AXIS2_PLACEMENT_3D('',#17685,#14513,#14514);
#12017=AXIS2_PLACEMENT_3D('',#17686,#14515,#14516);
#12018=AXIS2_PLACEMENT_3D('',#17690,#14519,#14520);
#12019=AXIS2_PLACEMENT_3D('',#17698,#14525,#14526);
#12020=AXIS2_PLACEMENT_3D('',#17702,#14529,#14530);
#12021=AXIS2_PLACEMENT_3D('',#17704,#14531,#14532);
#12022=AXIS2_PLACEMENT_3D('',#17707,#14534,#14535);
#12023=AXIS2_PLACEMENT_3D('',#17708,#14536,#14537);
#12024=AXIS2_PLACEMENT_3D('',#17714,#14541,#14542);
#12025=AXIS2_PLACEMENT_3D('',#17717,#14545,#14546);
#12026=AXIS2_PLACEMENT_3D('',#17718,#14547,#14548);
#12027=AXIS2_PLACEMENT_3D('',#17719,#14549,#14550);
#12028=AXIS2_PLACEMENT_3D('',#17723,#14552,#14553);
#12029=AXIS2_PLACEMENT_3D('',#17724,#14554,#14555);
#12030=AXIS2_PLACEMENT_3D('',#17727,#14556,#14557);
#12031=AXIS2_PLACEMENT_3D('',#17731,#14559,#14560);
#12032=AXIS2_PLACEMENT_3D('',#17733,#14562,#14563);
#12033=AXIS2_PLACEMENT_3D('',#17739,#14567,#14568);
#12034=AXIS2_PLACEMENT_3D('',#17743,#14570,#14571);
#12035=AXIS2_PLACEMENT_3D('',#17747,#14574,#14575);
#12036=AXIS2_PLACEMENT_3D('',#17753,#14579,#14580);
#12037=AXIS2_PLACEMENT_3D('',#17757,#14582,#14583);
#12038=AXIS2_PLACEMENT_3D('',#17758,#14584,#14585);
#12039=AXIS2_PLACEMENT_3D('',#17763,#14588,#14589);
#12040=AXIS2_PLACEMENT_3D('',#17764,#14590,#14591);
#12041=AXIS2_PLACEMENT_3D('',#17768,#14594,#14595);
#12042=AXIS2_PLACEMENT_3D('',#17776,#14600,#14601);
#12043=AXIS2_PLACEMENT_3D('',#17780,#14604,#14605);
#12044=AXIS2_PLACEMENT_3D('',#17782,#14606,#14607);
#12045=AXIS2_PLACEMENT_3D('',#17785,#14609,#14610);
#12046=AXIS2_PLACEMENT_3D('',#17786,#14611,#14612);
#12047=AXIS2_PLACEMENT_3D('',#17792,#14616,#14617);
#12048=AXIS2_PLACEMENT_3D('',#17795,#14620,#14621);
#12049=AXIS2_PLACEMENT_3D('',#17796,#14622,#14623);
#12050=AXIS2_PLACEMENT_3D('',#17797,#14624,#14625);
#12051=AXIS2_PLACEMENT_3D('',#17799,#14626,#14627);
#12052=AXIS2_PLACEMENT_3D('',#17802,#14629,#14630);
#12053=AXIS2_PLACEMENT_3D('',#17811,#14634,#14635);
#12054=AXIS2_PLACEMENT_3D('',#17814,#14637,#14638);
#12055=AXIS2_PLACEMENT_3D('',#17815,#14639,#14640);
#12056=AXIS2_PLACEMENT_3D('',#17821,#14644,#14645);
#12057=AXIS2_PLACEMENT_3D('',#17824,#14647,#14648);
#12058=AXIS2_PLACEMENT_3D('',#17825,#14649,#14650);
#12059=AXIS2_PLACEMENT_3D('',#17831,#14654,#14655);
#12060=AXIS2_PLACEMENT_3D('',#17836,#14658,#14659);
#12061=AXIS2_PLACEMENT_3D('',#17837,#14660,#14661);
#12062=AXIS2_PLACEMENT_3D('',#17839,#14662,#14663);
#12063=AXIS2_PLACEMENT_3D('',#17842,#14665,#14666);
#12064=AXIS2_PLACEMENT_3D('',#17846,#14669,#14670);
#12065=AXIS2_PLACEMENT_3D('',#17851,#14672,#14673);
#12066=AXIS2_PLACEMENT_3D('',#17854,#14676,#14677);
#12067=AXIS2_PLACEMENT_3D('',#17860,#14681,#14682);
#12068=AXIS2_PLACEMENT_3D('',#17864,#14685,#14686);
#12069=AXIS2_PLACEMENT_3D('',#17868,#14689,#14690);
#12070=AXIS2_PLACEMENT_3D('',#17872,#14693,#14694);
#12071=AXIS2_PLACEMENT_3D('',#17873,#14695,#14696);
#12072=AXIS2_PLACEMENT_3D('',#17874,#14697,#14698);
#12073=AXIS2_PLACEMENT_3D('',#17875,#14699,#14700);
#12074=AXIS2_PLACEMENT_3D('',#17877,#14701,#14702);
#12075=AXIS2_PLACEMENT_3D('',#17880,#14704,#14705);
#12076=AXIS2_PLACEMENT_3D('',#17889,#14709,#14710);
#12077=AXIS2_PLACEMENT_3D('',#17892,#14712,#14713);
#12078=AXIS2_PLACEMENT_3D('',#17893,#14714,#14715);
#12079=AXIS2_PLACEMENT_3D('',#17899,#14719,#14720);
#12080=AXIS2_PLACEMENT_3D('',#17902,#14722,#14723);
#12081=AXIS2_PLACEMENT_3D('',#17903,#14724,#14725);
#12082=AXIS2_PLACEMENT_3D('',#17909,#14729,#14730);
#12083=AXIS2_PLACEMENT_3D('',#17914,#14733,#14734);
#12084=AXIS2_PLACEMENT_3D('',#17915,#14735,#14736);
#12085=AXIS2_PLACEMENT_3D('',#17917,#14737,#14738);
#12086=AXIS2_PLACEMENT_3D('',#17920,#14740,#14741);
#12087=AXIS2_PLACEMENT_3D('',#17924,#14744,#14745);
#12088=AXIS2_PLACEMENT_3D('',#17929,#14747,#14748);
#12089=AXIS2_PLACEMENT_3D('',#17932,#14751,#14752);
#12090=AXIS2_PLACEMENT_3D('',#17938,#14756,#14757);
#12091=AXIS2_PLACEMENT_3D('',#17942,#14760,#14761);
#12092=AXIS2_PLACEMENT_3D('',#17946,#14764,#14765);
#12093=AXIS2_PLACEMENT_3D('',#17950,#14768,#14769);
#12094=AXIS2_PLACEMENT_3D('',#17951,#14770,#14771);
#12095=AXIS2_PLACEMENT_3D('',#17952,#14772,#14773);
#12096=AXIS2_PLACEMENT_3D('',#17953,#14774,#14775);
#12097=AXIS2_PLACEMENT_3D('',#17955,#14776,#14777);
#12098=AXIS2_PLACEMENT_3D('',#17958,#14779,#14780);
#12099=AXIS2_PLACEMENT_3D('',#17967,#14784,#14785);
#12100=AXIS2_PLACEMENT_3D('',#17970,#14787,#14788);
#12101=AXIS2_PLACEMENT_3D('',#17971,#14789,#14790);
#12102=AXIS2_PLACEMENT_3D('',#17977,#14794,#14795);
#12103=AXIS2_PLACEMENT_3D('',#17980,#14797,#14798);
#12104=AXIS2_PLACEMENT_3D('',#17981,#14799,#14800);
#12105=AXIS2_PLACEMENT_3D('',#17987,#14804,#14805);
#12106=AXIS2_PLACEMENT_3D('',#17992,#14808,#14809);
#12107=AXIS2_PLACEMENT_3D('',#17993,#14810,#14811);
#12108=AXIS2_PLACEMENT_3D('',#17995,#14812,#14813);
#12109=AXIS2_PLACEMENT_3D('',#17998,#14815,#14816);
#12110=AXIS2_PLACEMENT_3D('',#18002,#14819,#14820);
#12111=AXIS2_PLACEMENT_3D('',#18007,#14822,#14823);
#12112=AXIS2_PLACEMENT_3D('',#18010,#14826,#14827);
#12113=AXIS2_PLACEMENT_3D('',#18016,#14831,#14832);
#12114=AXIS2_PLACEMENT_3D('',#18020,#14835,#14836);
#12115=AXIS2_PLACEMENT_3D('',#18024,#14839,#14840);
#12116=AXIS2_PLACEMENT_3D('',#18028,#14843,#14844);
#12117=AXIS2_PLACEMENT_3D('',#18029,#14845,#14846);
#12118=AXIS2_PLACEMENT_3D('',#18030,#14847,#14848);
#12119=AXIS2_PLACEMENT_3D('',#18031,#14849,#14850);
#12120=AXIS2_PLACEMENT_3D('',#18035,#14852,#14853);
#12121=AXIS2_PLACEMENT_3D('',#18036,#14854,#14855);
#12122=AXIS2_PLACEMENT_3D('',#18039,#14856,#14857);
#12123=AXIS2_PLACEMENT_3D('',#18047,#14862,#14863);
#12124=AXIS2_PLACEMENT_3D('',#18051,#14865,#14866);
#12125=AXIS2_PLACEMENT_3D('',#18052,#14867,#14868);
#12126=AXIS2_PLACEMENT_3D('',#18058,#14872,#14873);
#12127=AXIS2_PLACEMENT_3D('',#18062,#14876,#14877);
#12128=AXIS2_PLACEMENT_3D('',#18064,#14878,#14879);
#12129=AXIS2_PLACEMENT_3D('',#18066,#14881,#14882);
#12130=AXIS2_PLACEMENT_3D('',#18070,#14885,#14886);
#12131=AXIS2_PLACEMENT_3D('',#18072,#14888,#14889);
#12132=AXIS2_PLACEMENT_3D('',#18073,#14890,#14891);
#12133=AXIS2_PLACEMENT_3D('',#18077,#14893,#14894);
#12134=AXIS2_PLACEMENT_3D('',#18078,#14895,#14896);
#12135=AXIS2_PLACEMENT_3D('',#18081,#14897,#14898);
#12136=AXIS2_PLACEMENT_3D('',#18089,#14903,#14904);
#12137=AXIS2_PLACEMENT_3D('',#18093,#14906,#14907);
#12138=AXIS2_PLACEMENT_3D('',#18094,#14908,#14909);
#12139=AXIS2_PLACEMENT_3D('',#18100,#14913,#14914);
#12140=AXIS2_PLACEMENT_3D('',#18104,#14917,#14918);
#12141=AXIS2_PLACEMENT_3D('',#18106,#14919,#14920);
#12142=AXIS2_PLACEMENT_3D('',#18108,#14922,#14923);
#12143=AXIS2_PLACEMENT_3D('',#18112,#14926,#14927);
#12144=AXIS2_PLACEMENT_3D('',#18114,#14929,#14930);
#12145=AXIS2_PLACEMENT_3D('',#18115,#14931,#14932);
#12146=AXIS2_PLACEMENT_3D('',#18119,#14934,#14935);
#12147=AXIS2_PLACEMENT_3D('',#18120,#14936,#14937);
#12148=AXIS2_PLACEMENT_3D('',#18123,#14938,#14939);
#12149=AXIS2_PLACEMENT_3D('',#18131,#14944,#14945);
#12150=AXIS2_PLACEMENT_3D('',#18135,#14947,#14948);
#12151=AXIS2_PLACEMENT_3D('',#18136,#14949,#14950);
#12152=AXIS2_PLACEMENT_3D('',#18142,#14954,#14955);
#12153=AXIS2_PLACEMENT_3D('',#18146,#14958,#14959);
#12154=AXIS2_PLACEMENT_3D('',#18148,#14960,#14961);
#12155=AXIS2_PLACEMENT_3D('',#18150,#14963,#14964);
#12156=AXIS2_PLACEMENT_3D('',#18154,#14967,#14968);
#12157=AXIS2_PLACEMENT_3D('',#18156,#14970,#14971);
#12158=AXIS2_PLACEMENT_3D('',#18157,#14972,#14973);
#12159=AXIS2_PLACEMENT_3D('',#18161,#14975,#14976);
#12160=AXIS2_PLACEMENT_3D('',#18162,#14977,#14978);
#12161=AXIS2_PLACEMENT_3D('',#18165,#14979,#14980);
#12162=AXIS2_PLACEMENT_3D('',#18173,#14985,#14986);
#12163=AXIS2_PLACEMENT_3D('',#18177,#14988,#14989);
#12164=AXIS2_PLACEMENT_3D('',#18178,#14990,#14991);
#12165=AXIS2_PLACEMENT_3D('',#18184,#14995,#14996);
#12166=AXIS2_PLACEMENT_3D('',#18188,#14999,#15000);
#12167=AXIS2_PLACEMENT_3D('',#18191,#15002,#15003);
#12168=AXIS2_PLACEMENT_3D('',#18192,#15004,#15005);
#12169=AXIS2_PLACEMENT_3D('',#18196,#15008,#15009);
#12170=AXIS2_PLACEMENT_3D('',#18198,#15011,#15012);
#12171=AXIS2_PLACEMENT_3D('',#18199,#15013,#15014);
#12172=AXIS2_PLACEMENT_3D('',#18203,#15016,#15017);
#12173=AXIS2_PLACEMENT_3D('',#18204,#15018,#15019);
#12174=AXIS2_PLACEMENT_3D('',#18207,#15020,#15021);
#12175=AXIS2_PLACEMENT_3D('',#18215,#15026,#15027);
#12176=AXIS2_PLACEMENT_3D('',#18219,#15029,#15030);
#12177=AXIS2_PLACEMENT_3D('',#18220,#15031,#15032);
#12178=AXIS2_PLACEMENT_3D('',#18226,#15036,#15037);
#12179=AXIS2_PLACEMENT_3D('',#18230,#15040,#15041);
#12180=AXIS2_PLACEMENT_3D('',#18233,#15043,#15044);
#12181=AXIS2_PLACEMENT_3D('',#18234,#15045,#15046);
#12182=AXIS2_PLACEMENT_3D('',#18238,#15049,#15050);
#12183=AXIS2_PLACEMENT_3D('',#18240,#15052,#15053);
#12184=AXIS2_PLACEMENT_3D('',#18241,#15054,#15055);
#12185=AXIS2_PLACEMENT_3D('',#18245,#15057,#15058);
#12186=AXIS2_PLACEMENT_3D('',#18246,#15059,#15060);
#12187=AXIS2_PLACEMENT_3D('',#18249,#15061,#15062);
#12188=AXIS2_PLACEMENT_3D('',#18257,#15067,#15068);
#12189=AXIS2_PLACEMENT_3D('',#18261,#15070,#15071);
#12190=AXIS2_PLACEMENT_3D('',#18262,#15072,#15073);
#12191=AXIS2_PLACEMENT_3D('',#18268,#15077,#15078);
#12192=AXIS2_PLACEMENT_3D('',#18272,#15081,#15082);
#12193=AXIS2_PLACEMENT_3D('',#18275,#15084,#15085);
#12194=AXIS2_PLACEMENT_3D('',#18276,#15086,#15087);
#12195=AXIS2_PLACEMENT_3D('',#18280,#15090,#15091);
#12196=AXIS2_PLACEMENT_3D('',#18282,#15093,#15094);
#12197=AXIS2_PLACEMENT_3D('',#18283,#15095,#15096);
#12198=AXIS2_PLACEMENT_3D('',#18290,#15100,#15101);
#12199=AXIS2_PLACEMENT_3D('',#18298,#15106,#15107);
#12200=AXIS2_PLACEMENT_3D('',#18305,#15111,#15112);
#12201=AXIS2_PLACEMENT_3D('',#18312,#15116,#15117);
#12202=AXIS2_PLACEMENT_3D('',#18315,#15120,#15121);
#12203=AXIS2_PLACEMENT_3D('',#18323,#15126,#15127);
#12204=AXIS2_PLACEMENT_3D('',#18330,#15131,#15132);
#12205=AXIS2_PLACEMENT_3D('',#18333,#15135,#15136);
#12206=AXIS2_PLACEMENT_3D('',#18340,#15140,#15141);
#12207=AXIS2_PLACEMENT_3D('',#18343,#15144,#15145);
#12208=AXIS2_PLACEMENT_3D('',#18346,#15148,#15149);
#12209=AXIS2_PLACEMENT_3D('',#18353,#15153,#15154);
#12210=AXIS2_PLACEMENT_3D('',#18356,#15157,#15158);
#12211=AXIS2_PLACEMENT_3D('',#18359,#15161,#15162);
#12212=AXIS2_PLACEMENT_3D('',#18362,#15165,#15166);
#12213=AXIS2_PLACEMENT_3D('',#18365,#15169,#15170);
#12214=AXIS2_PLACEMENT_3D('',#18368,#15173,#15174);
#12215=AXIS2_PLACEMENT_3D('',#18370,#15176,#15177);
#12216=AXIS2_PLACEMENT_3D('',#18371,#15178,#15179);
#12217=AXIS2_PLACEMENT_3D('',#18372,#15180,#15181);
#12218=AXIS2_PLACEMENT_3D('',#18373,#15182,#15183);
#12219=AXIS2_PLACEMENT_3D('',#18374,#15184,#15185);
#12220=AXIS2_PLACEMENT_3D('',#18375,#15186,#15187);
#12221=AXIS2_PLACEMENT_3D('',#18382,#15191,#15192);
#12222=AXIS2_PLACEMENT_3D('',#18390,#15197,#15198);
#12223=AXIS2_PLACEMENT_3D('',#18397,#15202,#15203);
#12224=AXIS2_PLACEMENT_3D('',#18404,#15207,#15208);
#12225=AXIS2_PLACEMENT_3D('',#18407,#15211,#15212);
#12226=AXIS2_PLACEMENT_3D('',#18415,#15217,#15218);
#12227=AXIS2_PLACEMENT_3D('',#18422,#15222,#15223);
#12228=AXIS2_PLACEMENT_3D('',#18425,#15226,#15227);
#12229=AXIS2_PLACEMENT_3D('',#18432,#15231,#15232);
#12230=AXIS2_PLACEMENT_3D('',#18435,#15235,#15236);
#12231=AXIS2_PLACEMENT_3D('',#18438,#15239,#15240);
#12232=AXIS2_PLACEMENT_3D('',#18445,#15244,#15245);
#12233=AXIS2_PLACEMENT_3D('',#18448,#15248,#15249);
#12234=AXIS2_PLACEMENT_3D('',#18451,#15252,#15253);
#12235=AXIS2_PLACEMENT_3D('',#18454,#15256,#15257);
#12236=AXIS2_PLACEMENT_3D('',#18457,#15260,#15261);
#12237=AXIS2_PLACEMENT_3D('',#18460,#15264,#15265);
#12238=AXIS2_PLACEMENT_3D('',#18462,#15267,#15268);
#12239=AXIS2_PLACEMENT_3D('',#18463,#15269,#15270);
#12240=AXIS2_PLACEMENT_3D('',#18464,#15271,#15272);
#12241=AXIS2_PLACEMENT_3D('',#18465,#15273,#15274);
#12242=AXIS2_PLACEMENT_3D('',#18466,#15275,#15276);
#12243=AXIS2_PLACEMENT_3D('',#18467,#15277,#15278);
#12244=AXIS2_PLACEMENT_3D('',#18474,#15282,#15283);
#12245=AXIS2_PLACEMENT_3D('',#18482,#15288,#15289);
#12246=AXIS2_PLACEMENT_3D('',#18489,#15293,#15294);
#12247=AXIS2_PLACEMENT_3D('',#18496,#15298,#15299);
#12248=AXIS2_PLACEMENT_3D('',#18499,#15302,#15303);
#12249=AXIS2_PLACEMENT_3D('',#18507,#15308,#15309);
#12250=AXIS2_PLACEMENT_3D('',#18514,#15313,#15314);
#12251=AXIS2_PLACEMENT_3D('',#18517,#15317,#15318);
#12252=AXIS2_PLACEMENT_3D('',#18524,#15322,#15323);
#12253=AXIS2_PLACEMENT_3D('',#18527,#15326,#15327);
#12254=AXIS2_PLACEMENT_3D('',#18530,#15330,#15331);
#12255=AXIS2_PLACEMENT_3D('',#18537,#15335,#15336);
#12256=AXIS2_PLACEMENT_3D('',#18540,#15339,#15340);
#12257=AXIS2_PLACEMENT_3D('',#18543,#15343,#15344);
#12258=AXIS2_PLACEMENT_3D('',#18546,#15347,#15348);
#12259=AXIS2_PLACEMENT_3D('',#18549,#15351,#15352);
#12260=AXIS2_PLACEMENT_3D('',#18552,#15355,#15356);
#12261=AXIS2_PLACEMENT_3D('',#18554,#15358,#15359);
#12262=AXIS2_PLACEMENT_3D('',#18555,#15360,#15361);
#12263=AXIS2_PLACEMENT_3D('',#18556,#15362,#15363);
#12264=AXIS2_PLACEMENT_3D('',#18557,#15364,#15365);
#12265=AXIS2_PLACEMENT_3D('',#18558,#15366,#15367);
#12266=DIRECTION('axis',(0.,0.,1.));
#12267=DIRECTION('refdir',(1.,0.,0.));
#12268=DIRECTION('center_axis',(0.,1.,0.));
#12269=DIRECTION('ref_axis',(-1.,0.,0.));
#12270=DIRECTION('',(0.573576436351046,0.819152044288992,-7.02428546843654E-17));
#12271=DIRECTION('center_axis',(0.,-1.,0.));
#12272=DIRECTION('ref_axis',(-1.,0.,0.));
#12273=DIRECTION('center_axis',(0.,1.,0.));
#12274=DIRECTION('ref_axis',(1.,0.,0.));
#12275=DIRECTION('center_axis',(0.,1.,0.));
#12276=DIRECTION('ref_axis',(1.,0.,0.));
#12277=DIRECTION('',(0.,1.,0.));
#12278=DIRECTION('center_axis',(0.,1.,0.));
#12279=DIRECTION('ref_axis',(1.,0.,0.));
#12280=DIRECTION('',(0.,-1.,0.));
#12281=DIRECTION('center_axis',(-0.705253264120892,0.,0.708955452371182));
#12282=DIRECTION('ref_axis',(-0.708955452371182,0.,-0.705253264120892));
#12283=DIRECTION('',(-0.708955452371182,0.,-0.705253264120892));
#12284=DIRECTION('',(-0.708955452371182,0.,-0.705253264120892));
#12285=DIRECTION('',(0.,-1.,0.));
#12286=DIRECTION('center_axis',(0.,1.,0.));
#12287=DIRECTION('ref_axis',(1.,0.,0.));
#12288=DIRECTION('',(-1.,0.,0.));
#12289=DIRECTION('center_axis',(0.,-1.,0.));
#12290=DIRECTION('ref_axis',(1.,0.,0.));
#12291=DIRECTION('',(0.708955452371235,0.,-0.705253264120838));
#12292=DIRECTION('',(-1.,0.,0.));
#12293=DIRECTION('center_axis',(0.,1.,0.));
#12294=DIRECTION('ref_axis',(1.,0.,0.));
#12295=DIRECTION('',(1.,0.,0.));
#12296=DIRECTION('',(0.,0.,1.));
#12297=DIRECTION('',(-1.,0.,0.));
#12298=DIRECTION('center_axis',(0.,-1.,0.));
#12299=DIRECTION('ref_axis',(-1.,0.,0.));
#12300=DIRECTION('',(0.573576436351046,-0.819152044288992,-7.02428546843654E-17));
#12301=DIRECTION('center_axis',(0.,-1.,0.));
#12302=DIRECTION('ref_axis',(-1.,0.,0.));
#12303=DIRECTION('center_axis',(0.,1.,0.));
#12304=DIRECTION('ref_axis',(1.,0.,0.));
#12305=DIRECTION('',(0.,1.,0.));
#12306=DIRECTION('',(0.,-1.,0.));
#12307=DIRECTION('center_axis',(0.,-1.,0.));
#12308=DIRECTION('ref_axis',(1.,0.,0.));
#12309=DIRECTION('center_axis',(0.705253264120838,0.,0.708955452371236));
#12310=DIRECTION('ref_axis',(0.708955452371235,0.,-0.705253264120838));
#12311=DIRECTION('',(0.708955452371235,0.,-0.705253264120838));
#12312=DIRECTION('',(0.,1.,0.));
#12313=DIRECTION('center_axis',(0.,0.,1.));
#12314=DIRECTION('ref_axis',(1.,0.,0.));
#12315=DIRECTION('',(-1.,0.,0.));
#12316=DIRECTION('',(0.,-1.,0.));
#12317=DIRECTION('',(-1.,0.,0.));
#12318=DIRECTION('',(0.,1.,0.));
#12319=DIRECTION('center_axis',(-1.,0.,0.));
#12320=DIRECTION('ref_axis',(0.,0.,1.));
#12321=DIRECTION('',(0.,0.,1.));
#12322=DIRECTION('',(0.,1.,0.));
#12323=DIRECTION('center_axis',(0.,1.,0.));
#12324=DIRECTION('ref_axis',(1.,0.,0.));
#12325=DIRECTION('center_axis',(0.,1.,0.));
#12326=DIRECTION('ref_axis',(1.,0.,0.));
#12327=DIRECTION('',(0.,1.,0.));
#12328=DIRECTION('center_axis',(0.,1.,0.));
#12329=DIRECTION('ref_axis',(1.,0.,0.));
#12330=DIRECTION('center_axis',(0.,0.,-1.));
#12331=DIRECTION('ref_axis',(-1.,0.,0.));
#12332=DIRECTION('',(1.,0.,0.));
#12333=DIRECTION('',(-1.,0.,0.));
#12334=DIRECTION('',(0.,1.,0.));
#12335=DIRECTION('center_axis',(0.705253264120892,0.,-0.708955452371182));
#12336=DIRECTION('ref_axis',(-0.708955452371182,0.,-0.705253264120892));
#12337=DIRECTION('',(-0.708955452371182,0.,-0.705253264120892));
#12338=DIRECTION('',(-0.708955452371182,0.,-0.705253264120892));
#12339=DIRECTION('center_axis',(0.,1.,0.));
#12340=DIRECTION('ref_axis',(1.,0.,0.));
#12341=DIRECTION('center_axis',(0.,1.,0.));
#12342=DIRECTION('ref_axis',(1.,0.,0.));
#12343=DIRECTION('center_axis',(0.,1.,0.));
#12344=DIRECTION('ref_axis',(-1.,0.,0.));
#12345=DIRECTION('center_axis',(0.,-1.,0.));
#12346=DIRECTION('ref_axis',(-1.,0.,0.));
#12347=DIRECTION('',(-0.573576436351046,-0.819152044288992,7.02428546843654E-17));
#12348=DIRECTION('center_axis',(0.,1.,0.));
#12349=DIRECTION('ref_axis',(1.,0.,0.));
#12350=DIRECTION('',(0.,1.,0.));
#12351=DIRECTION('center_axis',(0.,-1.,0.));
#12352=DIRECTION('ref_axis',(1.,0.,0.));
#12353=DIRECTION('',(0.,-1.,0.));
#12354=DIRECTION('center_axis',(0.,-1.,0.));
#12355=DIRECTION('ref_axis',(1.,0.,0.));
#12356=DIRECTION('center_axis',(-0.705253264120892,0.,0.708955452371182));
#12357=DIRECTION('ref_axis',(-0.708955452371182,0.,-0.705253264120892));
#12358=DIRECTION('',(0.708955452371182,0.,0.705253264120892));
#12359=DIRECTION('',(0.,-1.,0.));
#12360=DIRECTION('',(0.708955452371182,0.,0.705253264120892));
#12361=DIRECTION('center_axis',(0.,1.,0.));
#12362=DIRECTION('ref_axis',(1.,0.,0.));
#12363=DIRECTION('',(-1.,0.,0.));
#12364=DIRECTION('',(-0.708955452371235,0.,0.705253264120838));
#12365=DIRECTION('center_axis',(0.,1.,0.));
#12366=DIRECTION('ref_axis',(1.,0.,0.));
#12367=DIRECTION('',(1.,0.,0.));
#12368=DIRECTION('center_axis',(0.,1.,0.));
#12369=DIRECTION('ref_axis',(1.,0.,0.));
#12370=DIRECTION('',(-1.,0.,0.));
#12371=DIRECTION('',(0.,0.,1.));
#12372=DIRECTION('',(1.,0.,0.));
#12373=DIRECTION('center_axis',(0.,-1.,0.));
#12374=DIRECTION('ref_axis',(-1.,0.,0.));
#12375=DIRECTION('center_axis',(0.,-1.,0.));
#12376=DIRECTION('ref_axis',(-1.,0.,0.));
#12377=DIRECTION('',(-0.573576436351046,0.819152044288992,7.02428546843654E-17));
#12378=DIRECTION('center_axis',(0.705253264120838,0.,0.708955452371236));
#12379=DIRECTION('ref_axis',(0.708955452371235,0.,-0.705253264120838));
#12380=DIRECTION('',(-0.708955452371235,0.,0.705253264120838));
#12381=DIRECTION('',(0.,1.,0.));
#12382=DIRECTION('',(0.,1.,0.));
#12383=DIRECTION('center_axis',(0.,1.,0.));
#12384=DIRECTION('ref_axis',(1.,0.,0.));
#12385=DIRECTION('',(0.,-1.,0.));
#12386=DIRECTION('center_axis',(0.,-1.,0.));
#12387=DIRECTION('ref_axis',(1.,0.,0.));
#12388=DIRECTION('',(0.,1.,0.));
#12389=DIRECTION('center_axis',(0.,-1.,0.));
#12390=DIRECTION('ref_axis',(1.,0.,0.));
#12391=DIRECTION('center_axis',(0.705253264120892,0.,-0.708955452371182));
#12392=DIRECTION('ref_axis',(-0.708955452371182,0.,-0.705253264120892));
#12393=DIRECTION('',(0.708955452371182,0.,0.705253264120892));
#12394=DIRECTION('',(0.708955452371182,0.,0.705253264120892));
#12395=DIRECTION('',(0.,1.,0.));
#12396=DIRECTION('center_axis',(0.,1.,0.));
#12397=DIRECTION('ref_axis',(1.,0.,0.));
#12398=DIRECTION('',(1.,0.,0.));
#12399=DIRECTION('center_axis',(0.,1.,0.));
#12400=DIRECTION('ref_axis',(1.,0.,0.));
#12401=DIRECTION('',(-1.,0.,0.));
#12402=DIRECTION('center_axis',(0.,1.,0.));
#12403=DIRECTION('ref_axis',(-0.383892391093605,0.,0.923377838189998));
#12404=DIRECTION('',(0.,1.,0.));
#12405=DIRECTION('center_axis',(1.,0.,0.));
#12406=DIRECTION('ref_axis',(0.,0.,-1.));
#12407=DIRECTION('',(0.,0.,1.));
#12408=DIRECTION('',(0.,1.,0.));
#12409=DIRECTION('',(0.,1.,0.));
#12410=DIRECTION('center_axis',(0.,0.,1.));
#12411=DIRECTION('ref_axis',(1.,0.,0.));
#12412=DIRECTION('',(-1.,0.,0.));
#12413=DIRECTION('center_axis',(0.,0.,-1.));
#12414=DIRECTION('ref_axis',(-1.,0.,0.));
#12415=DIRECTION('',(1.,0.,0.));
#12416=DIRECTION('center_axis',(0.,1.,0.));
#12417=DIRECTION('ref_axis',(1.,0.,0.));
#12418=DIRECTION('center_axis',(0.,1.,0.));
#12419=DIRECTION('ref_axis',(1.,0.,0.));
#12420=DIRECTION('',(-0.573576436351046,0.819152044288992,-7.02428546843654E-17));
#12421=DIRECTION('center_axis',(0.,1.,0.));
#12422=DIRECTION('ref_axis',(1.,0.,0.));
#12423=DIRECTION('center_axis',(0.,-1.,0.));
#12424=DIRECTION('ref_axis',(-1.,0.,0.));
#12425=DIRECTION('center_axis',(0.,-1.,0.));
#12426=DIRECTION('ref_axis',(-1.,0.,0.));
#12427=DIRECTION('',(0.,-1.,0.));
#12428=DIRECTION('center_axis',(0.,-1.,0.));
#12429=DIRECTION('ref_axis',(-1.,0.,0.));
#12430=DIRECTION('',(0.,1.,0.));
#12431=DIRECTION('center_axis',(-0.705253264120892,0.,-0.708955452371182));
#12432=DIRECTION('ref_axis',(0.708955452371182,0.,-0.705253264120892));
#12433=DIRECTION('',(0.708955452371182,0.,-0.705253264120892));
#12434=DIRECTION('',(0.,-1.,0.));
#12435=DIRECTION('',(0.708955452371182,0.,-0.705253264120892));
#12436=DIRECTION('center_axis',(0.,-1.,0.));
#12437=DIRECTION('ref_axis',(-1.,0.,0.));
#12438=DIRECTION('',(1.,0.,0.));
#12439=DIRECTION('',(-0.708955452371235,0.,-0.705253264120838));
#12440=DIRECTION('center_axis',(0.,1.,0.));
#12441=DIRECTION('ref_axis',(-1.,0.,0.));
#12442=DIRECTION('',(1.,0.,0.));
#12443=DIRECTION('center_axis',(0.,-1.,0.));
#12444=DIRECTION('ref_axis',(-1.,0.,0.));
#12445=DIRECTION('',(1.,0.,0.));
#12446=DIRECTION('',(0.,0.,1.));
#12447=DIRECTION('',(-1.,0.,0.));
#12448=DIRECTION('center_axis',(0.,-1.,0.));
#12449=DIRECTION('ref_axis',(1.,0.,0.));
#12450=DIRECTION('',(-0.573576436351046,-0.819152044288992,-7.02428546843654E-17));
#12451=DIRECTION('center_axis',(0.,1.,0.));
#12452=DIRECTION('ref_axis',(1.,0.,0.));
#12453=DIRECTION('center_axis',(0.,-1.,0.));
#12454=DIRECTION('ref_axis',(-1.,0.,0.));
#12455=DIRECTION('',(0.,1.,0.));
#12456=DIRECTION('center_axis',(0.,1.,0.));
#12457=DIRECTION('ref_axis',(-1.,0.,0.));
#12458=DIRECTION('',(0.,-1.,0.));
#12459=DIRECTION('center_axis',(0.705253264120838,0.,-0.708955452371236));
#12460=DIRECTION('ref_axis',(-0.708955452371235,0.,-0.705253264120838));
#12461=DIRECTION('',(-0.708955452371235,0.,-0.705253264120838));
#12462=DIRECTION('',(0.,1.,0.));
#12463=DIRECTION('center_axis',(0.,0.,-1.));
#12464=DIRECTION('ref_axis',(-1.,0.,0.));
#12465=DIRECTION('',(1.,0.,0.));
#12466=DIRECTION('',(0.,1.,0.));
#12467=DIRECTION('',(1.,0.,0.));
#12468=DIRECTION('',(0.,-1.,0.));
#12469=DIRECTION('center_axis',(-1.,0.,0.));
#12470=DIRECTION('ref_axis',(0.,0.,1.));
#12471=DIRECTION('',(0.,0.,1.));
#12472=DIRECTION('',(0.,1.,0.));
#12473=DIRECTION('center_axis',(0.,-1.,0.));
#12474=DIRECTION('ref_axis',(-1.,0.,0.));
#12475=DIRECTION('center_axis',(0.,-1.,0.));
#12476=DIRECTION('ref_axis',(-1.,0.,0.));
#12477=DIRECTION('center_axis',(0.,-1.,0.));
#12478=DIRECTION('ref_axis',(-1.,0.,0.));
#12479=DIRECTION('',(0.,1.,0.));
#12480=DIRECTION('center_axis',(0.,0.,1.));
#12481=DIRECTION('ref_axis',(1.,0.,0.));
#12482=DIRECTION('',(-1.,0.,0.));
#12483=DIRECTION('',(0.,1.,0.));
#12484=DIRECTION('',(1.,0.,0.));
#12485=DIRECTION('center_axis',(0.705253264120892,0.,0.708955452371182));
#12486=DIRECTION('ref_axis',(0.708955452371182,0.,-0.705253264120892));
#12487=DIRECTION('',(0.708955452371182,0.,-0.705253264120892));
#12488=DIRECTION('',(0.708955452371182,0.,-0.705253264120892));
#12489=DIRECTION('center_axis',(0.,-1.,0.));
#12490=DIRECTION('ref_axis',(-1.,0.,0.));
#12491=DIRECTION('center_axis',(0.,-1.,0.));
#12492=DIRECTION('ref_axis',(-1.,0.,0.));
#12493=DIRECTION('center_axis',(0.,1.,0.));
#12494=DIRECTION('ref_axis',(1.,0.,0.));
#12495=DIRECTION('center_axis',(0.,1.,0.));
#12496=DIRECTION('ref_axis',(1.,0.,0.));
#12497=DIRECTION('',(0.573576436351046,-0.819152044288992,7.02428546843654E-17));
#12498=DIRECTION('center_axis',(0.,-1.,0.));
#12499=DIRECTION('ref_axis',(-1.,0.,0.));
#12500=DIRECTION('',(0.,1.,0.));
#12501=DIRECTION('center_axis',(0.,1.,0.));
#12502=DIRECTION('ref_axis',(-1.,0.,0.));
#12503=DIRECTION('',(0.,-1.,0.));
#12504=DIRECTION('center_axis',(0.,1.,0.));
#12505=DIRECTION('ref_axis',(-1.,0.,0.));
#12506=DIRECTION('center_axis',(-0.705253264120892,0.,-0.708955452371182));
#12507=DIRECTION('ref_axis',(0.708955452371182,0.,-0.705253264120892));
#12508=DIRECTION('',(-0.708955452371182,0.,0.705253264120892));
#12509=DIRECTION('',(-0.708955452371182,0.,0.705253264120892));
#12510=DIRECTION('',(0.,-1.,0.));
#12511=DIRECTION('center_axis',(0.,-1.,0.));
#12512=DIRECTION('ref_axis',(-1.,0.,0.));
#12513=DIRECTION('',(-1.,0.,0.));
#12514=DIRECTION('center_axis',(0.,-1.,0.));
#12515=DIRECTION('ref_axis',(-1.,0.,0.));
#12516=DIRECTION('',(0.708955452371235,0.,0.705253264120838));
#12517=DIRECTION('',(1.,0.,0.));
#12518=DIRECTION('center_axis',(0.,-1.,0.));
#12519=DIRECTION('ref_axis',(-1.,0.,0.));
#12520=DIRECTION('',(-1.,0.,0.));
#12521=DIRECTION('',(0.,0.,1.));
#12522=DIRECTION('',(1.,0.,0.));
#12523=DIRECTION('center_axis',(0.,-1.,0.));
#12524=DIRECTION('ref_axis',(1.,0.,0.));
#12525=DIRECTION('center_axis',(0.,1.,0.));
#12526=DIRECTION('ref_axis',(1.,0.,0.));
#12527=DIRECTION('',(0.573576436351046,0.819152044288992,7.02428546843654E-17));
#12528=DIRECTION('center_axis',(0.705253264120838,0.,-0.708955452371236));
#12529=DIRECTION('ref_axis',(-0.708955452371235,0.,-0.705253264120838));
#12530=DIRECTION('',(0.708955452371235,0.,0.705253264120838));
#12531=DIRECTION('',(0.,1.,0.));
#12532=DIRECTION('',(0.,1.,0.));
#12533=DIRECTION('center_axis',(0.,-1.,0.));
#12534=DIRECTION('ref_axis',(-1.,0.,0.));
#12535=DIRECTION('',(0.,-1.,0.));
#12536=DIRECTION('center_axis',(0.,1.,0.));
#12537=DIRECTION('ref_axis',(-1.,0.,0.));
#12538=DIRECTION('',(0.,1.,0.));
#12539=DIRECTION('center_axis',(0.,1.,0.));
#12540=DIRECTION('ref_axis',(-1.,0.,0.));
#12541=DIRECTION('center_axis',(0.705253264120892,0.,0.708955452371182));
#12542=DIRECTION('ref_axis',(0.708955452371182,0.,-0.705253264120892));
#12543=DIRECTION('',(-0.708955452371182,0.,0.705253264120892));
#12544=DIRECTION('',(0.,1.,0.));
#12545=DIRECTION('',(-0.708955452371182,0.,0.705253264120892));
#12546=DIRECTION('center_axis',(0.,-1.,0.));
#12547=DIRECTION('ref_axis',(-1.,0.,0.));
#12548=DIRECTION('',(1.,0.,0.));
#12549=DIRECTION('center_axis',(0.,-1.,0.));
#12550=DIRECTION('ref_axis',(-1.,0.,0.));
#12551=DIRECTION('',(-1.,0.,0.));
#12552=DIRECTION('center_axis',(0.,-1.,0.));
#12553=DIRECTION('ref_axis',(0.383892391093605,0.,0.923377838189998));
#12554=DIRECTION('',(0.,1.,0.));
#12555=DIRECTION('center_axis',(1.,0.,0.));
#12556=DIRECTION('ref_axis',(0.,0.,-1.));
#12557=DIRECTION('',(0.,0.,1.));
#12558=DIRECTION('',(0.,1.,0.));
#12559=DIRECTION('',(0.,1.,0.));
#12560=DIRECTION('center_axis',(0.,0.,-1.));
#12561=DIRECTION('ref_axis',(-1.,0.,0.));
#12562=DIRECTION('',(1.,0.,0.));
#12563=DIRECTION('center_axis',(0.,0.,1.));
#12564=DIRECTION('ref_axis',(1.,0.,0.));
#12565=DIRECTION('',(-1.,0.,0.));
#12566=DIRECTION('center_axis',(0.,-1.,0.));
#12567=DIRECTION('ref_axis',(-1.,0.,0.));
#12568=DIRECTION('center_axis',(-1.,2.22044604925031E-16,0.));
#12569=DIRECTION('ref_axis',(-2.22044604925031E-16,-1.,0.));
#12570=DIRECTION('',(-0.819152044288992,0.573576436351046,-7.02428546843654E-17));
#12571=DIRECTION('center_axis',(1.,-2.22044604925031E-16,0.));
#12572=DIRECTION('ref_axis',(-2.22044604925031E-16,-1.,0.));
#12573=DIRECTION('center_axis',(-1.,2.22044604925031E-16,0.));
#12574=DIRECTION('ref_axis',(2.22044604925031E-16,1.,0.));
#12575=DIRECTION('center_axis',(-1.,2.22044604925031E-16,0.));
#12576=DIRECTION('ref_axis',(2.22044604925031E-16,1.,0.));
#12577=DIRECTION('',(-1.,2.22044604925031E-16,0.));
#12578=DIRECTION('center_axis',(-1.,2.22044604925031E-16,0.));
#12579=DIRECTION('ref_axis',(2.22044604925031E-16,1.,0.));
#12580=DIRECTION('',(1.,-2.22044604925031E-16,0.));
#12581=DIRECTION('center_axis',(-1.56597682403812E-16,-0.705253264120892,
0.708955452371182));
#12582=DIRECTION('ref_axis',(-1.57419733331206E-16,-0.708955452371182,-0.705253264120892));
#12583=DIRECTION('',(-1.57419733331206E-16,-0.708955452371182,-0.705253264120892));
#12584=DIRECTION('',(-1.57419733331206E-16,-0.708955452371182,-0.705253264120892));
#12585=DIRECTION('',(1.,-2.22044604925031E-16,0.));
#12586=DIRECTION('center_axis',(-1.,2.22044604925031E-16,0.));
#12587=DIRECTION('ref_axis',(2.22044604925031E-16,1.,0.));
#12588=DIRECTION('',(-2.22044604925031E-16,-1.,0.));
#12589=DIRECTION('center_axis',(1.,-2.22044604925031E-16,0.));
#12590=DIRECTION('ref_axis',(2.22044604925031E-16,1.,0.));
#12591=DIRECTION('',(1.57419733331218E-16,0.708955452371235,-0.705253264120838));
#12592=DIRECTION('',(-2.22044604925031E-16,-1.,0.));
#12593=DIRECTION('center_axis',(-1.,2.22044604925031E-16,0.));
#12594=DIRECTION('ref_axis',(2.22044604925031E-16,1.,0.));
#12595=DIRECTION('',(2.22044604925031E-16,1.,0.));
#12596=DIRECTION('',(0.,0.,1.));
#12597=DIRECTION('',(-2.22044604925031E-16,-1.,0.));
#12598=DIRECTION('center_axis',(1.,-2.22044604925031E-16,0.));
#12599=DIRECTION('ref_axis',(-2.22044604925031E-16,-1.,0.));
#12600=DIRECTION('',(0.819152044288992,0.573576436351046,-7.02428546843654E-17));
#12601=DIRECTION('center_axis',(1.,-2.22044604925031E-16,0.));
#12602=DIRECTION('ref_axis',(-2.22044604925031E-16,-1.,0.));
#12603=DIRECTION('center_axis',(-1.,2.22044604925031E-16,0.));
#12604=DIRECTION('ref_axis',(2.22044604925031E-16,1.,0.));
#12605=DIRECTION('',(-1.,2.22044604925031E-16,0.));
#12606=DIRECTION('',(1.,-2.22044604925031E-16,0.));
#12607=DIRECTION('center_axis',(1.,-2.22044604925031E-16,0.));
#12608=DIRECTION('ref_axis',(2.22044604925031E-16,1.,0.));
#12609=DIRECTION('center_axis',(1.565976824038E-16,0.705253264120838,0.708955452371236));
#12610=DIRECTION('ref_axis',(1.57419733331218E-16,0.708955452371235,-0.705253264120838));
#12611=DIRECTION('',(1.57419733331218E-16,0.708955452371235,-0.705253264120838));
#12612=DIRECTION('',(-1.,2.22044604925031E-16,0.));
#12613=DIRECTION('center_axis',(0.,0.,1.));
#12614=DIRECTION('ref_axis',(2.22044604925031E-16,1.,0.));
#12615=DIRECTION('',(-2.22044604925031E-16,-1.,0.));
#12616=DIRECTION('',(1.,-2.22044604925031E-16,0.));
#12617=DIRECTION('',(-2.22044604925031E-16,-1.,0.));
#12618=DIRECTION('',(-1.,2.22044604925031E-16,0.));
#12619=DIRECTION('center_axis',(-2.22044604925031E-16,-1.,0.));
#12620=DIRECTION('ref_axis',(0.,0.,1.));
#12621=DIRECTION('',(0.,0.,1.));
#12622=DIRECTION('',(-1.,2.22044604925031E-16,0.));
#12623=DIRECTION('center_axis',(-1.,2.22044604925031E-16,0.));
#12624=DIRECTION('ref_axis',(2.22044604925031E-16,1.,0.));
#12625=DIRECTION('center_axis',(-1.,2.22044604925031E-16,0.));
#12626=DIRECTION('ref_axis',(2.22044604925031E-16,1.,0.));
#12627=DIRECTION('',(-1.,2.22044604925031E-16,0.));
#12628=DIRECTION('center_axis',(-1.,2.22044604925031E-16,0.));
#12629=DIRECTION('ref_axis',(2.22044604925031E-16,1.,0.));
#12630=DIRECTION('center_axis',(0.,0.,-1.));
#12631=DIRECTION('ref_axis',(-2.22044604925031E-16,-1.,0.));
#12632=DIRECTION('',(2.22044604925031E-16,1.,0.));
#12633=DIRECTION('',(-2.22044604925031E-16,-1.,0.));
#12634=DIRECTION('',(-1.,2.22044604925031E-16,0.));
#12635=DIRECTION('center_axis',(1.56597682403812E-16,0.705253264120892,
-0.708955452371182));
#12636=DIRECTION('ref_axis',(-1.57419733331206E-16,-0.708955452371182,-0.705253264120892));
#12637=DIRECTION('',(-1.57419733331206E-16,-0.708955452371182,-0.705253264120892));
#12638=DIRECTION('',(-1.57419733331206E-16,-0.708955452371182,-0.705253264120892));
#12639=DIRECTION('center_axis',(-1.,2.22044604925031E-16,0.));
#12640=DIRECTION('ref_axis',(2.22044604925031E-16,1.,0.));
#12641=DIRECTION('center_axis',(-1.,2.22044604925031E-16,0.));
#12642=DIRECTION('ref_axis',(2.22044604925031E-16,1.,0.));
#12643=DIRECTION('center_axis',(-1.,2.22044604925031E-16,0.));
#12644=DIRECTION('ref_axis',(-2.22044604925031E-16,-1.,0.));
#12645=DIRECTION('center_axis',(1.,-2.22044604925031E-16,0.));
#12646=DIRECTION('ref_axis',(-2.22044604925031E-16,-1.,0.));
#12647=DIRECTION('',(0.819152044288992,-0.573576436351046,7.02428546843654E-17));
#12648=DIRECTION('center_axis',(-1.,2.22044604925031E-16,0.));
#12649=DIRECTION('ref_axis',(2.22044604925031E-16,1.,0.));
#12650=DIRECTION('',(-1.,2.22044604925031E-16,0.));
#12651=DIRECTION('center_axis',(1.,-2.22044604925031E-16,0.));
#12652=DIRECTION('ref_axis',(2.22044604925031E-16,1.,0.));
#12653=DIRECTION('',(1.,-2.22044604925031E-16,0.));
#12654=DIRECTION('center_axis',(1.,-2.22044604925031E-16,0.));
#12655=DIRECTION('ref_axis',(2.22044604925031E-16,1.,0.));
#12656=DIRECTION('center_axis',(-1.56597682403812E-16,-0.705253264120892,
0.708955452371182));
#12657=DIRECTION('ref_axis',(-1.57419733331206E-16,-0.708955452371182,-0.705253264120892));
#12658=DIRECTION('',(1.57419733331206E-16,0.708955452371182,0.705253264120892));
#12659=DIRECTION('',(1.,-2.22044604925031E-16,0.));
#12660=DIRECTION('',(1.57419733331206E-16,0.708955452371182,0.705253264120892));
#12661=DIRECTION('center_axis',(-1.,2.22044604925031E-16,0.));
#12662=DIRECTION('ref_axis',(2.22044604925031E-16,1.,0.));
#12663=DIRECTION('',(-2.22044604925031E-16,-1.,0.));
#12664=DIRECTION('',(-1.57419733331218E-16,-0.708955452371235,0.705253264120838));
#12665=DIRECTION('center_axis',(-1.,2.22044604925031E-16,0.));
#12666=DIRECTION('ref_axis',(2.22044604925031E-16,1.,0.));
#12667=DIRECTION('',(2.22044604925031E-16,1.,0.));
#12668=DIRECTION('center_axis',(-1.,2.22044604925031E-16,0.));
#12669=DIRECTION('ref_axis',(2.22044604925031E-16,1.,0.));
#12670=DIRECTION('',(-2.22044604925031E-16,-1.,0.));
#12671=DIRECTION('',(0.,0.,1.));
#12672=DIRECTION('',(2.22044604925031E-16,1.,0.));
#12673=DIRECTION('center_axis',(1.,-2.22044604925031E-16,0.));
#12674=DIRECTION('ref_axis',(-2.22044604925031E-16,-1.,0.));
#12675=DIRECTION('center_axis',(1.,-2.22044604925031E-16,0.));
#12676=DIRECTION('ref_axis',(-2.22044604925031E-16,-1.,0.));
#12677=DIRECTION('',(-0.819152044288992,-0.573576436351046,7.02428546843654E-17));
#12678=DIRECTION('center_axis',(1.565976824038E-16,0.705253264120838,0.708955452371236));
#12679=DIRECTION('ref_axis',(1.57419733331218E-16,0.708955452371235,-0.705253264120838));
#12680=DIRECTION('',(-1.57419733331218E-16,-0.708955452371235,0.705253264120838));
#12681=DIRECTION('',(-1.,2.22044604925031E-16,0.));
#12682=DIRECTION('',(-1.,2.22044604925031E-16,0.));
#12683=DIRECTION('center_axis',(-1.,2.22044604925031E-16,0.));
#12684=DIRECTION('ref_axis',(2.22044604925031E-16,1.,0.));
#12685=DIRECTION('',(1.,-2.22044604925031E-16,0.));
#12686=DIRECTION('center_axis',(1.,-2.22044604925031E-16,0.));
#12687=DIRECTION('ref_axis',(2.22044604925031E-16,1.,0.));
#12688=DIRECTION('',(-1.,2.22044604925031E-16,0.));
#12689=DIRECTION('center_axis',(1.,-2.22044604925031E-16,0.));
#12690=DIRECTION('ref_axis',(2.22044604925031E-16,1.,0.));
#12691=DIRECTION('center_axis',(1.56597682403812E-16,0.705253264120892,
-0.708955452371182));
#12692=DIRECTION('ref_axis',(-1.57419733331206E-16,-0.708955452371182,-0.705253264120892));
#12693=DIRECTION('',(1.57419733331206E-16,0.708955452371182,0.705253264120892));
#12694=DIRECTION('',(1.57419733331206E-16,0.708955452371182,0.705253264120892));
#12695=DIRECTION('',(-1.,2.22044604925031E-16,0.));
#12696=DIRECTION('center_axis',(-1.,2.22044604925031E-16,0.));
#12697=DIRECTION('ref_axis',(2.22044604925031E-16,1.,0.));
#12698=DIRECTION('',(2.22044604925031E-16,1.,0.));
#12699=DIRECTION('center_axis',(-1.,2.22044604925031E-16,0.));
#12700=DIRECTION('ref_axis',(2.22044604925031E-16,1.,0.));
#12701=DIRECTION('',(-2.22044604925031E-16,-1.,0.));
#12702=DIRECTION('center_axis',(-1.,2.22044604925031E-16,0.));
#12703=DIRECTION('ref_axis',(-8.52412343141052E-17,-0.383892391093605,0.923377838189998));
#12704=DIRECTION('',(-1.,2.22044604925031E-16,0.));
#12705=DIRECTION('center_axis',(2.22044604925031E-16,1.,0.));
#12706=DIRECTION('ref_axis',(0.,0.,-1.));
#12707=DIRECTION('',(0.,0.,1.));
#12708=DIRECTION('',(-1.,2.22044604925031E-16,0.));
#12709=DIRECTION('',(-1.,2.22044604925031E-16,0.));
#12710=DIRECTION('center_axis',(0.,0.,1.));
#12711=DIRECTION('ref_axis',(2.22044604925031E-16,1.,0.));
#12712=DIRECTION('',(-2.22044604925031E-16,-1.,0.));
#12713=DIRECTION('center_axis',(0.,0.,-1.));
#12714=DIRECTION('ref_axis',(-2.22044604925031E-16,-1.,0.));
#12715=DIRECTION('',(2.22044604925031E-16,1.,0.));
#12716=DIRECTION('center_axis',(-1.,2.22044604925031E-16,0.));
#12717=DIRECTION('ref_axis',(2.22044604925031E-16,1.,0.));
#12718=DIRECTION('center_axis',(-1.,2.22044604925031E-16,0.));
#12719=DIRECTION('ref_axis',(2.22044604925031E-16,1.,0.));
#12720=DIRECTION('',(-0.819152044288992,-0.573576436351046,-7.02428546843654E-17));
#12721=DIRECTION('center_axis',(-1.,2.22044604925031E-16,0.));
#12722=DIRECTION('ref_axis',(2.22044604925031E-16,1.,0.));
#12723=DIRECTION('center_axis',(1.,-2.22044604925031E-16,0.));
#12724=DIRECTION('ref_axis',(-2.22044604925031E-16,-1.,0.));
#12725=DIRECTION('center_axis',(1.,-2.22044604925031E-16,0.));
#12726=DIRECTION('ref_axis',(-2.22044604925031E-16,-1.,0.));
#12727=DIRECTION('',(1.,-2.22044604925031E-16,0.));
#12728=DIRECTION('center_axis',(1.,-2.22044604925031E-16,0.));
#12729=DIRECTION('ref_axis',(-2.22044604925031E-16,-1.,0.));
#12730=DIRECTION('',(-1.,2.22044604925031E-16,0.));
#12731=DIRECTION('center_axis',(-1.56597682403812E-16,-0.705253264120892,
-0.708955452371182));
#12732=DIRECTION('ref_axis',(1.57419733331206E-16,0.708955452371182,-0.705253264120892));
#12733=DIRECTION('',(1.57419733331206E-16,0.708955452371182,-0.705253264120892));
#12734=DIRECTION('',(1.,-2.22044604925031E-16,0.));
#12735=DIRECTION('',(1.57419733331206E-16,0.708955452371182,-0.705253264120892));
#12736=DIRECTION('center_axis',(1.,-2.22044604925031E-16,0.));
#12737=DIRECTION('ref_axis',(-2.22044604925031E-16,-1.,0.));
#12738=DIRECTION('',(2.22044604925031E-16,1.,0.));
#12739=DIRECTION('',(-1.57419733331218E-16,-0.708955452371235,-0.705253264120838));
#12740=DIRECTION('center_axis',(-1.,2.22044604925031E-16,0.));
#12741=DIRECTION('ref_axis',(-2.22044604925031E-16,-1.,0.));
#12742=DIRECTION('',(2.22044604925031E-16,1.,0.));
#12743=DIRECTION('center_axis',(1.,-2.22044604925031E-16,0.));
#12744=DIRECTION('ref_axis',(-2.22044604925031E-16,-1.,0.));
#12745=DIRECTION('',(2.22044604925031E-16,1.,0.));
#12746=DIRECTION('',(0.,0.,1.));
#12747=DIRECTION('',(-2.22044604925031E-16,-1.,0.));
#12748=DIRECTION('center_axis',(1.,-2.22044604925031E-16,0.));
#12749=DIRECTION('ref_axis',(2.22044604925031E-16,1.,0.));
#12750=DIRECTION('',(0.819152044288992,-0.573576436351046,-7.02428546843654E-17));
#12751=DIRECTION('center_axis',(-1.,2.22044604925031E-16,0.));
#12752=DIRECTION('ref_axis',(2.22044604925031E-16,1.,0.));
#12753=DIRECTION('center_axis',(1.,-2.22044604925031E-16,0.));
#12754=DIRECTION('ref_axis',(-2.22044604925031E-16,-1.,0.));
#12755=DIRECTION('',(-1.,2.22044604925031E-16,0.));
#12756=DIRECTION('center_axis',(-1.,2.22044604925031E-16,0.));
#12757=DIRECTION('ref_axis',(-2.22044604925031E-16,-1.,0.));
#12758=DIRECTION('',(1.,-2.22044604925031E-16,0.));
#12759=DIRECTION('center_axis',(1.565976824038E-16,0.705253264120838,-0.708955452371236));
#12760=DIRECTION('ref_axis',(-1.57419733331218E-16,-0.708955452371235,-0.705253264120838));
#12761=DIRECTION('',(-1.57419733331218E-16,-0.708955452371235,-0.705253264120838));
#12762=DIRECTION('',(-1.,2.22044604925031E-16,0.));
#12763=DIRECTION('center_axis',(0.,0.,-1.));
#12764=DIRECTION('ref_axis',(-2.22044604925031E-16,-1.,0.));
#12765=DIRECTION('',(2.22044604925031E-16,1.,0.));
#12766=DIRECTION('',(-1.,2.22044604925031E-16,0.));
#12767=DIRECTION('',(2.22044604925031E-16,1.,0.));
#12768=DIRECTION('',(1.,-2.22044604925031E-16,0.));
#12769=DIRECTION('center_axis',(-2.22044604925031E-16,-1.,0.));
#12770=DIRECTION('ref_axis',(0.,0.,1.));
#12771=DIRECTION('',(0.,0.,1.));
#12772=DIRECTION('',(-1.,2.22044604925031E-16,0.));
#12773=DIRECTION('center_axis',(1.,-2.22044604925031E-16,0.));
#12774=DIRECTION('ref_axis',(-2.22044604925031E-16,-1.,0.));
#12775=DIRECTION('center_axis',(1.,-2.22044604925031E-16,0.));
#12776=DIRECTION('ref_axis',(-2.22044604925031E-16,-1.,0.));
#12777=DIRECTION('center_axis',(1.,-2.22044604925031E-16,0.));
#12778=DIRECTION('ref_axis',(-2.22044604925031E-16,-1.,0.));
#12779=DIRECTION('',(-1.,2.22044604925031E-16,0.));
#12780=DIRECTION('center_axis',(0.,0.,1.));
#12781=DIRECTION('ref_axis',(2.22044604925031E-16,1.,0.));
#12782=DIRECTION('',(-2.22044604925031E-16,-1.,0.));
#12783=DIRECTION('',(-1.,2.22044604925031E-16,0.));
#12784=DIRECTION('',(2.22044604925031E-16,1.,0.));
#12785=DIRECTION('center_axis',(1.56597682403812E-16,0.705253264120892,
0.708955452371182));
#12786=DIRECTION('ref_axis',(1.57419733331206E-16,0.708955452371182,-0.705253264120892));
#12787=DIRECTION('',(1.57419733331206E-16,0.708955452371182,-0.705253264120892));
#12788=DIRECTION('',(1.57419733331206E-16,0.708955452371182,-0.705253264120892));
#12789=DIRECTION('center_axis',(1.,-2.22044604925031E-16,0.));
#12790=DIRECTION('ref_axis',(-2.22044604925031E-16,-1.,0.));
#12791=DIRECTION('center_axis',(1.,-2.22044604925031E-16,0.));
#12792=DIRECTION('ref_axis',(-2.22044604925031E-16,-1.,0.));
#12793=DIRECTION('center_axis',(-1.,2.22044604925031E-16,0.));
#12794=DIRECTION('ref_axis',(2.22044604925031E-16,1.,0.));
#12795=DIRECTION('center_axis',(-1.,2.22044604925031E-16,0.));
#12796=DIRECTION('ref_axis',(2.22044604925031E-16,1.,0.));
#12797=DIRECTION('',(0.819152044288992,0.573576436351046,7.02428546843654E-17));
#12798=DIRECTION('center_axis',(1.,-2.22044604925031E-16,0.));
#12799=DIRECTION('ref_axis',(-2.22044604925031E-16,-1.,0.));
#12800=DIRECTION('',(-1.,2.22044604925031E-16,0.));
#12801=DIRECTION('center_axis',(-1.,2.22044604925031E-16,0.));
#12802=DIRECTION('ref_axis',(-2.22044604925031E-16,-1.,0.));
#12803=DIRECTION('',(1.,-2.22044604925031E-16,0.));
#12804=DIRECTION('center_axis',(-1.,2.22044604925031E-16,0.));
#12805=DIRECTION('ref_axis',(-2.22044604925031E-16,-1.,0.));
#12806=DIRECTION('center_axis',(-1.56597682403812E-16,-0.705253264120892,
-0.708955452371182));
#12807=DIRECTION('ref_axis',(1.57419733331206E-16,0.708955452371182,-0.705253264120892));
#12808=DIRECTION('',(-1.57419733331206E-16,-0.708955452371182,0.705253264120892));
#12809=DIRECTION('',(-1.57419733331206E-16,-0.708955452371182,0.705253264120892));
#12810=DIRECTION('',(1.,-2.22044604925031E-16,0.));
#12811=DIRECTION('center_axis',(1.,-2.22044604925031E-16,0.));
#12812=DIRECTION('ref_axis',(-2.22044604925031E-16,-1.,0.));
#12813=DIRECTION('',(-2.22044604925031E-16,-1.,0.));
#12814=DIRECTION('center_axis',(1.,-2.22044604925031E-16,0.));
#12815=DIRECTION('ref_axis',(-2.22044604925031E-16,-1.,0.));
#12816=DIRECTION('',(1.57419733331218E-16,0.708955452371235,0.705253264120838));
#12817=DIRECTION('',(2.22044604925031E-16,1.,0.));
#12818=DIRECTION('center_axis',(1.,-2.22044604925031E-16,0.));
#12819=DIRECTION('ref_axis',(-2.22044604925031E-16,-1.,0.));
#12820=DIRECTION('',(-2.22044604925031E-16,-1.,0.));
#12821=DIRECTION('',(0.,0.,1.));
#12822=DIRECTION('',(2.22044604925031E-16,1.,0.));
#12823=DIRECTION('center_axis',(1.,-2.22044604925031E-16,0.));
#12824=DIRECTION('ref_axis',(2.22044604925031E-16,1.,0.));
#12825=DIRECTION('center_axis',(-1.,2.22044604925031E-16,0.));
#12826=DIRECTION('ref_axis',(2.22044604925031E-16,1.,0.));
#12827=DIRECTION('',(-0.819152044288992,0.573576436351046,7.02428546843654E-17));
#12828=DIRECTION('center_axis',(1.565976824038E-16,0.705253264120838,-0.708955452371236));
#12829=DIRECTION('ref_axis',(-1.57419733331218E-16,-0.708955452371235,-0.705253264120838));
#12830=DIRECTION('',(1.57419733331218E-16,0.708955452371235,0.705253264120838));
#12831=DIRECTION('',(-1.,2.22044604925031E-16,0.));
#12832=DIRECTION('',(-1.,2.22044604925031E-16,0.));
#12833=DIRECTION('center_axis',(1.,-2.22044604925031E-16,0.));
#12834=DIRECTION('ref_axis',(-2.22044604925031E-16,-1.,0.));
#12835=DIRECTION('',(1.,-2.22044604925031E-16,0.));
#12836=DIRECTION('center_axis',(-1.,2.22044604925031E-16,0.));
#12837=DIRECTION('ref_axis',(-2.22044604925031E-16,-1.,0.));
#12838=DIRECTION('',(-1.,2.22044604925031E-16,0.));
#12839=DIRECTION('center_axis',(-1.,2.22044604925031E-16,0.));
#12840=DIRECTION('ref_axis',(-2.22044604925031E-16,-1.,0.));
#12841=DIRECTION('center_axis',(1.56597682403812E-16,0.705253264120892,
0.708955452371182));
#12842=DIRECTION('ref_axis',(1.57419733331206E-16,0.708955452371182,-0.705253264120892));
#12843=DIRECTION('',(-1.57419733331206E-16,-0.708955452371182,0.705253264120892));
#12844=DIRECTION('',(-1.,2.22044604925031E-16,0.));
#12845=DIRECTION('',(-1.57419733331206E-16,-0.708955452371182,0.705253264120892));
#12846=DIRECTION('center_axis',(1.,-2.22044604925031E-16,0.));
#12847=DIRECTION('ref_axis',(-2.22044604925031E-16,-1.,0.));
#12848=DIRECTION('',(2.22044604925031E-16,1.,0.));
#12849=DIRECTION('center_axis',(1.,-2.22044604925031E-16,0.));
#12850=DIRECTION('ref_axis',(-2.22044604925031E-16,-1.,0.));
#12851=DIRECTION('',(-2.22044604925031E-16,-1.,0.));
#12852=DIRECTION('center_axis',(1.,-2.22044604925031E-16,0.));
#12853=DIRECTION('ref_axis',(8.52412343141052E-17,0.383892391093605,0.923377838189998));
#12854=DIRECTION('',(-1.,2.22044604925031E-16,0.));
#12855=DIRECTION('center_axis',(2.22044604925031E-16,1.,0.));
#12856=DIRECTION('ref_axis',(0.,0.,-1.));
#12857=DIRECTION('',(0.,0.,1.));
#12858=DIRECTION('',(-1.,2.22044604925031E-16,0.));
#12859=DIRECTION('',(-1.,2.22044604925031E-16,0.));
#12860=DIRECTION('center_axis',(0.,0.,-1.));
#12861=DIRECTION('ref_axis',(-2.22044604925031E-16,-1.,0.));
#12862=DIRECTION('',(2.22044604925031E-16,1.,0.));
#12863=DIRECTION('center_axis',(0.,0.,1.));
#12864=DIRECTION('ref_axis',(2.22044604925031E-16,1.,0.));
#12865=DIRECTION('',(-2.22044604925031E-16,-1.,0.));
#12866=DIRECTION('center_axis',(1.,-2.22044604925031E-16,0.));
#12867=DIRECTION('ref_axis',(-2.22044604925031E-16,-1.,0.));
#12868=DIRECTION('center_axis',(0.,-1.,0.));
#12869=DIRECTION('ref_axis',(1.,0.,0.));
#12870=DIRECTION('',(-1.,0.,0.));
#12871=DIRECTION('',(0.,0.,1.));
#12872=DIRECTION('',(1.,0.,0.));
#12873=DIRECTION('',(0.,0.,1.));
#12874=DIRECTION('center_axis',(1.,0.,0.));
#12875=DIRECTION('ref_axis',(0.,1.,0.));
#12876=DIRECTION('',(0.,-1.,0.));
#12877=DIRECTION('',(0.,0.,1.));
#12878=DIRECTION('',(0.,1.,0.));
#12879=DIRECTION('center_axis',(-1.,0.,0.));
#12880=DIRECTION('ref_axis',(0.,-1.,0.));
#12881=DIRECTION('',(0.,1.,0.));
#12882=DIRECTION('',(0.,-1.,0.));
#12883=DIRECTION('',(0.,0.,1.));
#12884=DIRECTION('center_axis',(0.,1.,0.));
#12885=DIRECTION('ref_axis',(-1.,0.,0.));
#12886=DIRECTION('',(1.,0.,0.));
#12887=DIRECTION('',(-1.,0.,0.));
#12888=DIRECTION('center_axis',(0.,0.,1.));
#12889=DIRECTION('ref_axis',(1.,0.,0.));
#12890=DIRECTION('center_axis',(-0.577350269189626,0.577350269189626,-0.577350269189626));
#12891=DIRECTION('ref_axis',(-0.707106781186548,0.,0.707106781186547));
#12892=DIRECTION('',(-0.707106781186548,-0.707106781186548,0.));
#12893=DIRECTION('',(0.,0.707106781186548,0.707106781186547));
#12894=DIRECTION('',(0.707106781186548,0.,-0.707106781186547));
#12895=DIRECTION('center_axis',(-0.577350269189626,-0.577350269189626,-0.577350269189626));
#12896=DIRECTION('ref_axis',(-0.707106781186548,0.,0.707106781186547));
#12897=DIRECTION('',(-0.707106781186548,0.,0.707106781186547));
#12898=DIRECTION('',(0.,0.707106781186548,-0.707106781186547));
#12899=DIRECTION('',(0.707106781186548,-0.707106781186548,0.));
#12900=DIRECTION('center_axis',(0.577350269189626,0.577350269189626,-0.577350269189626));
#12901=DIRECTION('ref_axis',(-0.707106781186548,0.,-0.707106781186547));
#12902=DIRECTION('',(-0.707106781186548,0.707106781186548,0.));
#12903=DIRECTION('',(0.707106781186548,0.,0.707106781186547));
#12904=DIRECTION('',(0.,-0.707106781186548,-0.707106781186547));
#12905=DIRECTION('center_axis',(-0.577350269189626,0.577350269189626,0.577350269189626));
#12906=DIRECTION('ref_axis',(0.707106781186547,0.,0.707106781186547));
#12907=DIRECTION('',(0.,-0.707106781186548,0.707106781186548));
#12908=DIRECTION('',(0.707106781186548,0.707106781186548,0.));
#12909=DIRECTION('',(-0.707106781186548,0.,-0.707106781186548));
#12910=DIRECTION('center_axis',(-0.707106781186548,0.707106781186548,0.));
#12911=DIRECTION('ref_axis',(0.,0.,1.));
#12912=DIRECTION('',(0.,0.,-1.));
#12913=DIRECTION('',(0.,0.,1.));
#12914=DIRECTION('center_axis',(0.577350269189626,-0.577350269189626,-0.577350269189626));
#12915=DIRECTION('ref_axis',(-0.707106781186548,0.,-0.707106781186547));
#12916=DIRECTION('',(0.707106781186548,0.707106781186548,0.));
#12917=DIRECTION('',(0.,-0.707106781186548,0.707106781186547));
#12918=DIRECTION('',(-0.707106781186548,0.,-0.707106781186547));
#12919=DIRECTION('center_axis',(0.,-0.707106781186547,-0.707106781186548));
#12920=DIRECTION('ref_axis',(-1.,0.,0.));
#12921=DIRECTION('',(1.,0.,0.));
#12922=DIRECTION('',(-1.,0.,0.));
#12923=DIRECTION('center_axis',(0.707106781186547,0.,-0.707106781186548));
#12924=DIRECTION('ref_axis',(-0.707106781186548,0.,-0.707106781186547));
#12925=DIRECTION('',(0.,1.,0.));
#12926=DIRECTION('',(0.,-1.,0.));
#12927=DIRECTION('center_axis',(-0.577350269189626,-0.577350269189626,0.577350269189626));
#12928=DIRECTION('ref_axis',(0.707106781186547,0.,0.707106781186547));
#12929=DIRECTION('',(0.707106781186548,0.,0.707106781186548));
#12930=DIRECTION('',(-0.707106781186548,0.707106781186548,0.));
#12931=DIRECTION('',(0.,-0.707106781186548,-0.707106781186548));
#12932=DIRECTION('center_axis',(-0.707106781186548,-0.707106781186548,0.));
#12933=DIRECTION('ref_axis',(0.,0.,1.));
#12934=DIRECTION('',(0.,0.,-1.));
#12935=DIRECTION('',(0.,0.,1.));
#12936=DIRECTION('center_axis',(0.577350269189626,0.577350269189626,0.577350269189626));
#12937=DIRECTION('ref_axis',(0.707106781186547,0.,-0.707106781186547));
#12938=DIRECTION('',(-0.707106781186548,0.,0.707106781186548));
#12939=DIRECTION('',(0.707106781186548,-0.707106781186548,0.));
#12940=DIRECTION('',(0.,0.707106781186548,-0.707106781186548));
#12941=DIRECTION('center_axis',(0.707106781186548,0.707106781186548,0.));
#12942=DIRECTION('ref_axis',(0.,0.,-1.));
#12943=DIRECTION('',(0.,0.,-1.));
#12944=DIRECTION('',(0.,0.,1.));
#12945=DIRECTION('center_axis',(0.,0.707106781186548,0.707106781186548));
#12946=DIRECTION('ref_axis',(1.,0.,0.));
#12947=DIRECTION('',(1.,0.,0.));
#12948=DIRECTION('',(-1.,0.,0.));
#12949=DIRECTION('center_axis',(0.577350269189626,-0.577350269189626,0.577350269189626));
#12950=DIRECTION('ref_axis',(0.707106781186547,0.,-0.707106781186547));
#12951=DIRECTION('',(0.,0.707106781186548,0.707106781186548));
#12952=DIRECTION('',(-0.707106781186548,-0.707106781186548,0.));
#12953=DIRECTION('',(0.707106781186548,0.,-0.707106781186548));
#12954=DIRECTION('center_axis',(0.707106781186548,-0.707106781186548,0.));
#12955=DIRECTION('ref_axis',(0.,0.,-1.));
#12956=DIRECTION('',(0.,0.,-1.));
#12957=DIRECTION('',(0.,0.,1.));
#12958=DIRECTION('center_axis',(0.707106781186548,0.,0.707106781186548));
#12959=DIRECTION('ref_axis',(0.707106781186548,0.,-0.707106781186548));
#12960=DIRECTION('',(0.,-1.,0.));
#12961=DIRECTION('',(0.,1.,0.));
#12962=DIRECTION('center_axis',(0.,-0.707106781186548,0.707106781186548));
#12963=DIRECTION('ref_axis',(1.,0.,0.));
#12964=DIRECTION('',(-1.,0.,0.));
#12965=DIRECTION('',(1.,0.,0.));
#12966=DIRECTION('center_axis',(-0.707106781186548,0.,0.707106781186548));
#12967=DIRECTION('ref_axis',(0.707106781186548,0.,0.707106781186548));
#12968=DIRECTION('',(0.,1.,0.));
#12969=DIRECTION('',(0.,-1.,0.));
#12970=DIRECTION('center_axis',(0.,0.707106781186547,-0.707106781186548));
#12971=DIRECTION('ref_axis',(-1.,0.,0.));
#12972=DIRECTION('',(-1.,0.,0.));
#12973=DIRECTION('',(1.,0.,0.));
#12974=DIRECTION('center_axis',(-0.707106781186547,0.,-0.707106781186548));
#12975=DIRECTION('ref_axis',(-0.707106781186548,0.,0.707106781186547));
#12976=DIRECTION('',(0.,-1.,0.));
#12977=DIRECTION('',(0.,1.,0.));
#12978=DIRECTION('center_axis',(0.,-1.,0.));
#12979=DIRECTION('ref_axis',(1.,0.,0.));
#12980=DIRECTION('center_axis',(0.,0.,1.));
#12981=DIRECTION('ref_axis',(1.,0.,0.));
#12982=DIRECTION('center_axis',(1.,0.,0.));
#12983=DIRECTION('ref_axis',(0.,1.,0.));
#12984=DIRECTION('center_axis',(-1.,0.,0.));
#12985=DIRECTION('ref_axis',(0.,-1.,0.));
#12986=DIRECTION('center_axis',(0.,1.,0.));
#12987=DIRECTION('ref_axis',(-1.,0.,0.));
#12988=DIRECTION('center_axis',(0.,0.,1.));
#12989=DIRECTION('ref_axis',(1.,0.,0.));
#12990=DIRECTION('center_axis',(0.510006595435364,0.600204119827634,-0.616156057467882));
#12991=DIRECTION('ref_axis',(-0.77034252556941,0.,-0.637630295154915));
#12992=DIRECTION('',(0.701641596008152,0.124089248133257,0.701641596008144));
#12993=DIRECTION('',(-0.00920166838265124,-0.712470631008827,-0.701641596008147));
#12994=DIRECTION('',(-0.762043879424127,0.647525386245379,0.));
#12995=DIRECTION('center_axis',(-0.11414241287906,0.697833439713337,-0.707106781186547));
#12996=DIRECTION('ref_axis',(-0.987220716401389,0.,0.159358894034593));
#12997=DIRECTION('',(0.986885514720067,0.161421748335556,0.));
#12998=DIRECTION('',(-0.986885514720067,-0.161421748335556,0.));
#12999=DIRECTION('',(0.,0.711758551985599,0.70242420493272));
#13000=DIRECTION('',(0.543527299317876,0.639653148036052,0.543527299317877));
#13001=DIRECTION('center_axis',(0.510006595435365,-0.600204119827633,-0.616156057467883));
#13002=DIRECTION('ref_axis',(-0.770342525569409,0.,-0.637630295154915));
#13003=DIRECTION('',(0.762043879424127,0.647525386245379,0.));
#13004=DIRECTION('',(0.00920166838265122,-0.712470631008828,0.701641596008146));
#13005=DIRECTION('',(-0.701641596008152,0.124089248133263,-0.701641596008144));
#13006=DIRECTION('center_axis',(0.510006595435367,0.600204119827637,0.616156057467878));
#13007=DIRECTION('ref_axis',(0.770342525569406,0.,-0.637630295154919));
#13008=DIRECTION('',(-0.701641596008148,-0.124089248133261,0.701641596008148));
#13009=DIRECTION('',(0.762043879424127,-0.647525386245379,0.));
#13010=DIRECTION('',(0.00920166838264345,0.712470631008826,-0.701641596008148));
#13011=DIRECTION('center_axis',(0.647525386245379,0.762043879424127,0.));
#13012=DIRECTION('ref_axis',(0.,0.,-1.));
#13013=DIRECTION('',(0.,0.,-1.));
#13014=DIRECTION('',(0.,0.,1.));
#13015=DIRECTION('center_axis',(-0.11414241287906,-0.697833439713336,-0.707106781186548));
#13016=DIRECTION('ref_axis',(-0.987220716401389,0.,0.159358894034592));
#13017=DIRECTION('',(0.986885514720067,-0.161421748335556,0.));
#13018=DIRECTION('',(-0.986885514720067,0.161421748335556,0.));
#13019=DIRECTION('',(-0.543527299317867,0.639653148036055,-0.543527299317882));
#13020=DIRECTION('',(0.,0.7117585519856,-0.702424204932719));
#13021=DIRECTION('center_axis',(-0.634624056236215,0.539253969791742,0.55358600353526));
#13022=DIRECTION('ref_axis',(0.657353771548097,0.,0.753582124941596));
#13023=DIRECTION('',(0.00922142460428646,-0.710983685381327,0.703148038786893));
#13024=DIRECTION('',(0.647525386245375,0.76204387942413,0.));
#13025=DIRECTION('',(-0.703148038786891,-0.10566773916526,-0.703148038786891));
#13026=DIRECTION('center_axis',(-0.76204387942413,0.647525386245375,0.));
#13027=DIRECTION('ref_axis',(0.,0.,1.));
#13028=DIRECTION('',(0.,0.,1.));
#13029=DIRECTION('',(0.,0.,-1.));
#13030=DIRECTION('center_axis',(0.510006595435367,-0.600204119827637,0.616156057467878));
#13031=DIRECTION('ref_axis',(0.770342525569406,0.,-0.63763029515492));
#13032=DIRECTION('',(-0.00920166838264344,0.712470631008827,0.701641596008148));
#13033=DIRECTION('',(-0.762043879424127,-0.647525386245379,0.));
#13034=DIRECTION('',(0.701641596008148,-0.124089248133261,-0.701641596008148));
#13035=DIRECTION('center_axis',(0.647525386245379,-0.762043879424127,0.));
#13036=DIRECTION('ref_axis',(0.,0.,-1.));
#13037=DIRECTION('',(0.,0.,-1.));
#13038=DIRECTION('',(0.,0.,1.));
#13039=DIRECTION('center_axis',(0.707106781186548,0.,0.707106781186548));
#13040=DIRECTION('ref_axis',(0.707106781186548,0.,-0.707106781186548));
#13041=DIRECTION('',(0.,-1.,0.));
#13042=DIRECTION('',(0.,1.,0.));
#13043=DIRECTION('center_axis',(-0.634624056236219,-0.539253969791734,0.553586003535263));
#13044=DIRECTION('ref_axis',(0.657353771548096,0.,0.753582124941597));
#13045=DIRECTION('',(0.703148038786891,-0.105667739165264,0.703148038786891));
#13046=DIRECTION('',(-0.647525386245367,0.762043879424137,0.));
#13047=DIRECTION('',(-0.00922142460429817,-0.710983685381327,-0.703148038786893));
#13048=DIRECTION('center_axis',(-0.762043879424137,-0.647525386245367,0.));
#13049=DIRECTION('ref_axis',(0.,0.,1.));
#13050=DIRECTION('',(0.,0.,1.));
#13051=DIRECTION('',(0.,0.,-1.));
#13052=DIRECTION('center_axis',(-0.11414241287906,-0.697833439713336,0.707106781186547));
#13053=DIRECTION('ref_axis',(0.987220716401389,0.,0.159358894034592));
#13054=DIRECTION('',(-0.986885514720067,0.161421748335556,0.));
#13055=DIRECTION('',(0.986885514720067,-0.161421748335556,0.));
#13056=DIRECTION('center_axis',(-0.707106781186548,0.,0.707106781186548));
#13057=DIRECTION('ref_axis',(0.707106781186548,0.,0.707106781186548));
#13058=DIRECTION('',(0.,1.,0.));
#13059=DIRECTION('',(0.,-1.,0.));
#13060=DIRECTION('center_axis',(-0.11414241287906,0.697833439713337,0.707106781186546));
#13061=DIRECTION('ref_axis',(0.987220716401389,0.,0.159358894034593));
#13062=DIRECTION('',(0.986885514720067,0.161421748335556,0.));
#13063=DIRECTION('',(-0.986885514720067,-0.161421748335556,0.));
#13064=DIRECTION('center_axis',(0.707106781186543,0.,-0.707106781186552));
#13065=DIRECTION('ref_axis',(-0.707106781186552,0.,-0.707106781186543));
#13066=DIRECTION('',(0.,-1.,0.));
#13067=DIRECTION('',(0.,1.,0.));
#13068=DIRECTION('center_axis',(0.,0.,1.));
#13069=DIRECTION('ref_axis',(1.,0.,0.));
#13070=DIRECTION('',(0.,1.,0.));
#13071=DIRECTION('center_axis',(-0.161421748335556,0.986885514720067,0.));
#13072=DIRECTION('ref_axis',(-0.986885514720067,-0.161421748335556,0.));
#13073=DIRECTION('center_axis',(-0.161421748335556,-0.986885514720067,0.));
#13074=DIRECTION('ref_axis',(0.986885514720067,-0.161421748335556,0.));
#13075=DIRECTION('center_axis',(1.,0.,0.));
#13076=DIRECTION('ref_axis',(0.,1.,0.));
#13077=DIRECTION('center_axis',(0.,0.,1.));
#13078=DIRECTION('ref_axis',(1.,0.,0.));
#13079=DIRECTION('center_axis',(-1.,0.,0.));
#13080=DIRECTION('ref_axis',(0.,-1.,0.));
#13081=DIRECTION('center_axis',(0.,-1.,0.));
#13082=DIRECTION('ref_axis',(1.,0.,0.));
#13083=DIRECTION('',(-0.573576436351046,-0.819152044288992,-7.02428546843654E-17));
#13084=DIRECTION('center_axis',(0.,-1.,0.));
#13085=DIRECTION('ref_axis',(1.,0.,0.));
#13086=DIRECTION('center_axis',(0.,1.,0.));
#13087=DIRECTION('ref_axis',(1.,0.,0.));
#13088=DIRECTION('center_axis',(0.,1.,0.));
#13089=DIRECTION('ref_axis',(1.,0.,0.));
#13090=DIRECTION('',(1.,0.,-9.25185853854297E-17));
#13091=DIRECTION('',(0.,0.,-1.));
#13092=DIRECTION('',(-1.,0.,0.));
#13093=DIRECTION('',(-0.706943586194719,0.,0.707269938522874));
#13094=DIRECTION('center_axis',(0.,1.,0.));
#13095=DIRECTION('ref_axis',(1.,0.,0.));
#13096=DIRECTION('',(-0.573576436351046,0.819152044288992,-7.02428546843654E-17));
#13097=DIRECTION('center_axis',(0.,-1.,0.));
#13098=DIRECTION('ref_axis',(1.,0.,0.));
#13099=DIRECTION('center_axis',(1.,0.,0.));
#13100=DIRECTION('ref_axis',(0.,0.,1.));
#13101=DIRECTION('',(0.,-1.,0.));
#13102=DIRECTION('',(0.,0.,1.));
#13103=DIRECTION('',(0.,1.,0.));
#13104=DIRECTION('center_axis',(9.25185853854297E-17,0.,1.));
#13105=DIRECTION('ref_axis',(-1.,0.,9.25185853854297E-17));
#13106=DIRECTION('',(0.,1.,0.));
#13107=DIRECTION('',(1.,0.,-9.25185853854297E-17));
#13108=DIRECTION('center_axis',(0.,-1.,0.));
#13109=DIRECTION('ref_axis',(-0.382576829850602,0.,0.923923681513502));
#13110=DIRECTION('',(0.,-1.,0.));
#13111=DIRECTION('center_axis',(0.,1.,0.));
#13112=DIRECTION('ref_axis',(1.,0.,0.));
#13113=DIRECTION('center_axis',(0.,0.,-1.));
#13114=DIRECTION('ref_axis',(1.,0.,0.));
#13115=DIRECTION('',(-1.,0.,0.));
#13116=DIRECTION('',(0.,1.,0.));
#13117=DIRECTION('center_axis',(-0.707269938522874,0.,-0.706943586194719));
#13118=DIRECTION('ref_axis',(0.706943586194719,0.,-0.707269938522874));
#13119=DIRECTION('',(-0.706943586194719,0.,0.707269938522874));
#13120=DIRECTION('center_axis',(0.,1.,0.));
#13121=DIRECTION('ref_axis',(1.,0.,0.));
#13122=DIRECTION('center_axis',(0.,-1.,0.));
#13123=DIRECTION('ref_axis',(1.,0.,0.));
#13124=DIRECTION('center_axis',(0.,1.,0.));
#13125=DIRECTION('ref_axis',(1.,0.,0.));
#13126=DIRECTION('',(0.573576436351046,0.819152044288992,7.02428546843654E-17));
#13127=DIRECTION('center_axis',(0.,1.,0.));
#13128=DIRECTION('ref_axis',(1.,0.,0.));
#13129=DIRECTION('',(0.706943586194719,0.,0.707269938522874));
#13130=DIRECTION('center_axis',(0.,-1.,0.));
#13131=DIRECTION('ref_axis',(1.,0.,0.));
#13132=DIRECTION('',(-1.,0.,9.25185853854297E-17));
#13133=DIRECTION('center_axis',(0.,-1.,0.));
#13134=DIRECTION('ref_axis',(1.,0.,0.));
#13135=DIRECTION('',(0.706943586194719,0.,-0.707269938522874));
#13136=DIRECTION('',(1.,0.,0.));
#13137=DIRECTION('center_axis',(-0.707269938522874,0.,0.706943586194719));
#13138=DIRECTION('ref_axis',(0.706943586194719,0.,0.707269938522874));
#13139=DIRECTION('',(0.,1.,0.));
#13140=DIRECTION('',(0.706943586194719,0.,0.707269938522874));
#13141=DIRECTION('',(0.,1.,0.));
#13142=DIRECTION('center_axis',(0.,-1.,0.));
#13143=DIRECTION('ref_axis',(1.,0.,0.));
#13144=DIRECTION('center_axis',(0.,-1.,0.));
#13145=DIRECTION('ref_axis',(1.,0.,0.));
#13146=DIRECTION('',(0.,1.,0.));
#13147=DIRECTION('center_axis',(0.,1.,0.));
#13148=DIRECTION('ref_axis',(1.,0.,0.));
#13149=DIRECTION('',(1.,0.,0.));
#13150=DIRECTION('',(0.,0.,-1.));
#13151=DIRECTION('',(-1.,0.,9.25185853854297E-17));
#13152=DIRECTION('center_axis',(0.,-1.,0.));
#13153=DIRECTION('ref_axis',(1.,0.,0.));
#13154=DIRECTION('',(0.,1.,0.));
#13155=DIRECTION('center_axis',(0.,-1.,0.));
#13156=DIRECTION('ref_axis',(1.,0.,0.));
#13157=DIRECTION('',(0.,1.,0.));
#13158=DIRECTION('center_axis',(0.,1.,0.));
#13159=DIRECTION('ref_axis',(1.,0.,0.));
#13160=DIRECTION('center_axis',(0.,1.,0.));
#13161=DIRECTION('ref_axis',(1.,0.,0.));
#13162=DIRECTION('',(0.573576436351046,-0.819152044288992,7.02428546843654E-17));
#13163=DIRECTION('center_axis',(-0.707269938522874,0.,-0.706943586194719));
#13164=DIRECTION('ref_axis',(0.706943586194719,0.,-0.707269938522874));
#13165=DIRECTION('',(0.706943586194719,0.,-0.707269938522874));
#13166=DIRECTION('',(0.,1.,0.));
#13167=DIRECTION('center_axis',(0.,1.,0.));
#13168=DIRECTION('ref_axis',(1.,0.,0.));
#13169=DIRECTION('',(0.706943586194719,0.,0.707269938522874));
#13170=DIRECTION('',(1.,0.,0.));
#13171=DIRECTION('',(-1.,0.,9.25185853854297E-17));
#13172=DIRECTION('center_axis',(0.,-1.,0.));
#13173=DIRECTION('ref_axis',(1.,0.,0.));
#13174=DIRECTION('center_axis',(0.,0.,-1.));
#13175=DIRECTION('ref_axis',(1.,0.,0.));
#13176=DIRECTION('',(0.,-1.,0.));
#13177=DIRECTION('',(1.,0.,0.));
#13178=DIRECTION('',(0.,1.,0.));
#13179=DIRECTION('center_axis',(0.707269938522874,0.,-0.706943586194719));
#13180=DIRECTION('ref_axis',(0.706943586194719,0.,0.707269938522874));
#13181=DIRECTION('',(0.,-1.,0.));
#13182=DIRECTION('',(0.706943586194719,0.,0.707269938522874));
#13183=DIRECTION('center_axis',(-1.,0.,0.));
#13184=DIRECTION('ref_axis',(0.,0.,-1.));
#13185=DIRECTION('',(0.,0.,-1.));
#13186=DIRECTION('',(0.,1.,0.));
#13187=DIRECTION('center_axis',(9.25185853854297E-17,0.,1.));
#13188=DIRECTION('ref_axis',(-1.,0.,9.25185853854297E-17));
#13189=DIRECTION('',(-1.,0.,9.25185853854297E-17));
#13190=DIRECTION('',(0.,-1.,0.));
#13191=DIRECTION('center_axis',(0.,-1.,0.));
#13192=DIRECTION('ref_axis',(1.,0.,0.));
#13193=DIRECTION('center_axis',(0.,-1.,0.));
#13194=DIRECTION('ref_axis',(1.,0.,0.));
#13195=DIRECTION('center_axis',(0.,1.,0.));
#13196=DIRECTION('ref_axis',(1.,0.,0.));
#13197=DIRECTION('center_axis',(0.,1.,0.));
#13198=DIRECTION('ref_axis',(-1.,0.,0.));
#13199=DIRECTION('',(0.573576436351046,0.819152044288992,-7.02428546843654E-17));
#13200=DIRECTION('center_axis',(0.,-1.,0.));
#13201=DIRECTION('ref_axis',(-1.,0.,0.));
#13202=DIRECTION('center_axis',(0.,1.,0.));
#13203=DIRECTION('ref_axis',(1.,0.,0.));
#13204=DIRECTION('center_axis',(0.,1.,0.));
#13205=DIRECTION('ref_axis',(1.,0.,0.));
#13206=DIRECTION('',(0.,1.,0.));
#13207=DIRECTION('center_axis',(0.,1.,0.));
#13208=DIRECTION('ref_axis',(1.,0.,0.));
#13209=DIRECTION('',(0.,-1.,0.));
#13210=DIRECTION('center_axis',(-0.705253264120892,0.,0.708955452371182));
#13211=DIRECTION('ref_axis',(-0.708955452371182,0.,-0.705253264120892));
#13212=DIRECTION('',(-0.708955452371182,0.,-0.705253264120892));
#13213=DIRECTION('',(-0.708955452371182,0.,-0.705253264120892));
#13214=DIRECTION('',(0.,-1.,0.));
#13215=DIRECTION('center_axis',(0.,1.,0.));
#13216=DIRECTION('ref_axis',(1.,0.,0.));
#13217=DIRECTION('',(-1.,0.,0.));
#13218=DIRECTION('center_axis',(0.,-1.,0.));
#13219=DIRECTION('ref_axis',(1.,0.,0.));
#13220=DIRECTION('',(0.708955452371235,0.,-0.705253264120838));
#13221=DIRECTION('',(-1.,0.,0.));
#13222=DIRECTION('center_axis',(0.,1.,0.));
#13223=DIRECTION('ref_axis',(1.,0.,0.));
#13224=DIRECTION('',(1.,0.,0.));
#13225=DIRECTION('',(0.,0.,1.));
#13226=DIRECTION('',(-1.,0.,0.));
#13227=DIRECTION('center_axis',(0.,-1.,0.));
#13228=DIRECTION('ref_axis',(-1.,0.,0.));
#13229=DIRECTION('',(0.573576436351046,-0.819152044288992,-7.02428546843654E-17));
#13230=DIRECTION('center_axis',(0.,-1.,0.));
#13231=DIRECTION('ref_axis',(-1.,0.,0.));
#13232=DIRECTION('center_axis',(0.,1.,0.));
#13233=DIRECTION('ref_axis',(1.,0.,0.));
#13234=DIRECTION('',(0.,1.,0.));
#13235=DIRECTION('',(0.,-1.,0.));
#13236=DIRECTION('center_axis',(0.,-1.,0.));
#13237=DIRECTION('ref_axis',(1.,0.,0.));
#13238=DIRECTION('center_axis',(0.705253264120838,0.,0.708955452371236));
#13239=DIRECTION('ref_axis',(0.708955452371235,0.,-0.705253264120838));
#13240=DIRECTION('',(0.708955452371235,0.,-0.705253264120838));
#13241=DIRECTION('',(0.,1.,0.));
#13242=DIRECTION('center_axis',(0.,0.,1.));
#13243=DIRECTION('ref_axis',(1.,0.,0.));
#13244=DIRECTION('',(-1.,0.,0.));
#13245=DIRECTION('',(0.,-1.,0.));
#13246=DIRECTION('',(-1.,0.,0.));
#13247=DIRECTION('',(0.,1.,0.));
#13248=DIRECTION('center_axis',(-1.,0.,0.));
#13249=DIRECTION('ref_axis',(0.,0.,1.));
#13250=DIRECTION('',(0.,0.,1.));
#13251=DIRECTION('',(0.,1.,0.));
#13252=DIRECTION('center_axis',(0.,1.,0.));
#13253=DIRECTION('ref_axis',(1.,0.,0.));
#13254=DIRECTION('center_axis',(0.,1.,0.));
#13255=DIRECTION('ref_axis',(1.,0.,0.));
#13256=DIRECTION('',(0.,1.,0.));
#13257=DIRECTION('center_axis',(0.,1.,0.));
#13258=DIRECTION('ref_axis',(1.,0.,0.));
#13259=DIRECTION('center_axis',(0.,0.,-1.));
#13260=DIRECTION('ref_axis',(-1.,0.,0.));
#13261=DIRECTION('',(1.,0.,0.));
#13262=DIRECTION('',(-1.,0.,0.));
#13263=DIRECTION('',(0.,1.,0.));
#13264=DIRECTION('center_axis',(0.705253264120892,0.,-0.708955452371182));
#13265=DIRECTION('ref_axis',(-0.708955452371182,0.,-0.705253264120892));
#13266=DIRECTION('',(-0.708955452371182,0.,-0.705253264120892));
#13267=DIRECTION('',(-0.708955452371182,0.,-0.705253264120892));
#13268=DIRECTION('center_axis',(0.,1.,0.));
#13269=DIRECTION('ref_axis',(1.,0.,0.));
#13270=DIRECTION('center_axis',(0.,1.,0.));
#13271=DIRECTION('ref_axis',(1.,0.,0.));
#13272=DIRECTION('center_axis',(0.,1.,0.));
#13273=DIRECTION('ref_axis',(-1.,0.,0.));
#13274=DIRECTION('center_axis',(0.,-1.,0.));
#13275=DIRECTION('ref_axis',(-1.,0.,0.));
#13276=DIRECTION('',(-0.573576436351046,-0.819152044288992,7.02428546843654E-17));
#13277=DIRECTION('center_axis',(0.,1.,0.));
#13278=DIRECTION('ref_axis',(1.,0.,0.));
#13279=DIRECTION('',(0.,1.,0.));
#13280=DIRECTION('center_axis',(0.,-1.,0.));
#13281=DIRECTION('ref_axis',(1.,0.,0.));
#13282=DIRECTION('',(0.,-1.,0.));
#13283=DIRECTION('center_axis',(0.,-1.,0.));
#13284=DIRECTION('ref_axis',(1.,0.,0.));
#13285=DIRECTION('center_axis',(-0.705253264120892,0.,0.708955452371182));
#13286=DIRECTION('ref_axis',(-0.708955452371182,0.,-0.705253264120892));
#13287=DIRECTION('',(0.708955452371182,0.,0.705253264120892));
#13288=DIRECTION('',(0.,-1.,0.));
#13289=DIRECTION('',(0.708955452371182,0.,0.705253264120892));
#13290=DIRECTION('center_axis',(0.,1.,0.));
#13291=DIRECTION('ref_axis',(1.,0.,0.));
#13292=DIRECTION('',(-1.,0.,0.));
#13293=DIRECTION('',(-0.708955452371235,0.,0.705253264120838));
#13294=DIRECTION('center_axis',(0.,1.,0.));
#13295=DIRECTION('ref_axis',(1.,0.,0.));
#13296=DIRECTION('',(1.,0.,0.));
#13297=DIRECTION('center_axis',(0.,1.,0.));
#13298=DIRECTION('ref_axis',(1.,0.,0.));
#13299=DIRECTION('',(-1.,0.,0.));
#13300=DIRECTION('',(0.,0.,1.));
#13301=DIRECTION('',(1.,0.,0.));
#13302=DIRECTION('center_axis',(0.,-1.,0.));
#13303=DIRECTION('ref_axis',(-1.,0.,0.));
#13304=DIRECTION('center_axis',(0.,-1.,0.));
#13305=DIRECTION('ref_axis',(-1.,0.,0.));
#13306=DIRECTION('',(-0.573576436351046,0.819152044288992,7.02428546843654E-17));
#13307=DIRECTION('center_axis',(0.705253264120838,0.,0.708955452371236));
#13308=DIRECTION('ref_axis',(0.708955452371235,0.,-0.705253264120838));
#13309=DIRECTION('',(-0.708955452371235,0.,0.705253264120838));
#13310=DIRECTION('',(0.,1.,0.));
#13311=DIRECTION('',(0.,1.,0.));
#13312=DIRECTION('center_axis',(0.,1.,0.));
#13313=DIRECTION('ref_axis',(1.,0.,0.));
#13314=DIRECTION('',(0.,-1.,0.));
#13315=DIRECTION('center_axis',(0.,-1.,0.));
#13316=DIRECTION('ref_axis',(1.,0.,0.));
#13317=DIRECTION('',(0.,1.,0.));
#13318=DIRECTION('center_axis',(0.,-1.,0.));
#13319=DIRECTION('ref_axis',(1.,0.,0.));
#13320=DIRECTION('center_axis',(0.705253264120892,0.,-0.708955452371182));
#13321=DIRECTION('ref_axis',(-0.708955452371182,0.,-0.705253264120892));
#13322=DIRECTION('',(0.708955452371182,0.,0.705253264120892));
#13323=DIRECTION('',(0.708955452371182,0.,0.705253264120892));
#13324=DIRECTION('',(0.,1.,0.));
#13325=DIRECTION('center_axis',(0.,1.,0.));
#13326=DIRECTION('ref_axis',(1.,0.,0.));
#13327=DIRECTION('',(1.,0.,0.));
#13328=DIRECTION('center_axis',(0.,1.,0.));
#13329=DIRECTION('ref_axis',(1.,0.,0.));
#13330=DIRECTION('',(-1.,0.,0.));
#13331=DIRECTION('center_axis',(0.,1.,0.));
#13332=DIRECTION('ref_axis',(-0.383892391093604,0.,0.923377838189999));
#13333=DIRECTION('',(0.,1.,0.));
#13334=DIRECTION('center_axis',(1.,0.,0.));
#13335=DIRECTION('ref_axis',(0.,0.,-1.));
#13336=DIRECTION('',(0.,0.,1.));
#13337=DIRECTION('',(0.,1.,0.));
#13338=DIRECTION('',(0.,1.,0.));
#13339=DIRECTION('center_axis',(0.,0.,1.));
#13340=DIRECTION('ref_axis',(1.,0.,0.));
#13341=DIRECTION('',(-1.,0.,0.));
#13342=DIRECTION('center_axis',(0.,0.,-1.));
#13343=DIRECTION('ref_axis',(-1.,0.,0.));
#13344=DIRECTION('',(1.,0.,0.));
#13345=DIRECTION('center_axis',(0.,1.,0.));
#13346=DIRECTION('ref_axis',(1.,0.,0.));
#13347=DIRECTION('center_axis',(0.,-1.,0.));
#13348=DIRECTION('ref_axis',(-1.,0.,0.));
#13349=DIRECTION('center_axis',(0.,-1.,0.));
#13350=DIRECTION('ref_axis',(-1.,0.,0.));
#13351=DIRECTION('',(-0.573576436351046,0.819152044288992,7.02428546843654E-17));
#13352=DIRECTION('center_axis',(0.,-1.,0.));
#13353=DIRECTION('ref_axis',(-1.,0.,0.));
#13354=DIRECTION('',(-0.706943586194719,0.,0.707269938522874));
#13355=DIRECTION('',(-1.,0.,0.));
#13356=DIRECTION('',(-0.706943586194719,0.,-0.707269938522874));
#13357=DIRECTION('center_axis',(0.,1.,0.));
#13358=DIRECTION('ref_axis',(-1.,0.,0.));
#13359=DIRECTION('',(1.,0.,9.25185853854297E-17));
#13360=DIRECTION('center_axis',(0.,1.,0.));
#13361=DIRECTION('ref_axis',(-1.,0.,0.));
#13362=DIRECTION('center_axis',(-0.707269938522874,0.,-0.706943586194719));
#13363=DIRECTION('ref_axis',(-0.706943586194719,0.,0.707269938522874));
#13364=DIRECTION('',(0.,1.,0.));
#13365=DIRECTION('',(-0.706943586194719,0.,0.707269938522874));
#13366=DIRECTION('',(0.,1.,0.));
#13367=DIRECTION('center_axis',(0.,1.,0.));
#13368=DIRECTION('ref_axis',(-1.,0.,0.));
#13369=DIRECTION('',(0.,1.,0.));
#13370=DIRECTION('center_axis',(0.,1.,0.));
#13371=DIRECTION('ref_axis',(-1.,0.,0.));
#13372=DIRECTION('center_axis',(0.,-1.,0.));
#13373=DIRECTION('ref_axis',(-1.,0.,0.));
#13374=DIRECTION('',(1.,0.,9.25185853854297E-17));
#13375=DIRECTION('',(0.,0.,-1.));
#13376=DIRECTION('',(-1.,0.,0.));
#13377=DIRECTION('center_axis',(0.,1.,0.));
#13378=DIRECTION('ref_axis',(-1.,0.,0.));
#13379=DIRECTION('',(0.,1.,0.));
#13380=DIRECTION('',(0.,1.,0.));
#13381=DIRECTION('center_axis',(0.,1.,0.));
#13382=DIRECTION('ref_axis',(-1.,0.,0.));
#13383=DIRECTION('center_axis',(0.,1.,0.));
#13384=DIRECTION('ref_axis',(-1.,0.,0.));
#13385=DIRECTION('center_axis',(0.,-1.,0.));
#13386=DIRECTION('ref_axis',(-1.,0.,0.));
#13387=DIRECTION('',(-0.573576436351046,-0.819152044288992,7.02428546843654E-17));
#13388=DIRECTION('center_axis',(-0.707269938522874,0.,0.706943586194719));
#13389=DIRECTION('ref_axis',(-0.706943586194719,0.,-0.707269938522874));
#13390=DIRECTION('',(0.,1.,0.));
#13391=DIRECTION('',(-0.706943586194719,0.,-0.707269938522874));
#13392=DIRECTION('center_axis',(0.,-1.,0.));
#13393=DIRECTION('ref_axis',(-1.,0.,0.));
#13394=DIRECTION('',(-0.706943586194719,0.,0.707269938522874));
#13395=DIRECTION('center_axis',(0.,1.,0.));
#13396=DIRECTION('ref_axis',(-1.,0.,0.));
#13397=DIRECTION('',(1.,0.,9.25185853854297E-17));
#13398=DIRECTION('',(-1.,0.,0.));
#13399=DIRECTION('center_axis',(0.,0.,1.));
#13400=DIRECTION('ref_axis',(-1.,0.,0.));
#13401=DIRECTION('',(0.,1.,0.));
#13402=DIRECTION('',(-1.,0.,0.));
#13403=DIRECTION('',(0.,-1.,0.));
#13404=DIRECTION('center_axis',(0.707269938522874,0.,0.706943586194719));
#13405=DIRECTION('ref_axis',(-0.706943586194719,0.,0.707269938522874));
#13406=DIRECTION('',(-0.706943586194719,0.,0.707269938522874));
#13407=DIRECTION('',(0.,-1.,0.));
#13408=DIRECTION('center_axis',(-1.,0.,0.));
#13409=DIRECTION('ref_axis',(0.,0.,-1.));
#13410=DIRECTION('',(0.,1.,0.));
#13411=DIRECTION('',(0.,0.,-1.));
#13412=DIRECTION('center_axis',(9.25185853854297E-17,0.,-1.));
#13413=DIRECTION('ref_axis',(1.,0.,9.25185853854297E-17));
#13414=DIRECTION('',(0.,-1.,0.));
#13415=DIRECTION('',(1.,0.,9.25185853854297E-17));
#13416=DIRECTION('center_axis',(0.,1.,0.));
#13417=DIRECTION('ref_axis',(-1.,0.,0.));
#13418=DIRECTION('center_axis',(0.,1.,0.));
#13419=DIRECTION('ref_axis',(-1.,0.,0.));
#13420=DIRECTION('center_axis',(0.,-1.,0.));
#13421=DIRECTION('ref_axis',(-1.,0.,0.));
#13422=DIRECTION('center_axis',(0.510006595435364,-0.600204119827634,0.616156057467882));
#13423=DIRECTION('ref_axis',(0.77034252556941,0.,-0.637630295154915));
#13424=DIRECTION('',(-0.701641596008152,0.124089248133257,0.701641596008144));
#13425=DIRECTION('',(0.762043879424127,0.647525386245379,0.));
#13426=DIRECTION('',(0.00920166838265124,-0.712470631008827,-0.701641596008147));
#13427=DIRECTION('center_axis',(-0.11414241287906,-0.697833439713337,0.707106781186547));
#13428=DIRECTION('ref_axis',(0.987220716401389,0.,0.159358894034593));
#13429=DIRECTION('',(-0.986885514720067,0.161421748335556,0.));
#13430=DIRECTION('',(-0.543527299317876,0.639653148036052,0.543527299317877));
#13431=DIRECTION('',(0.,0.711758551985599,0.70242420493272));
#13432=DIRECTION('',(0.986885514720067,-0.161421748335556,0.));
#13433=DIRECTION('center_axis',(0.510006595435365,0.600204119827633,0.616156057467883));
#13434=DIRECTION('ref_axis',(0.770342525569409,0.,-0.637630295154915));
#13435=DIRECTION('',(-0.762043879424127,0.647525386245379,0.));
#13436=DIRECTION('',(0.701641596008152,0.124089248133263,-0.701641596008144));
#13437=DIRECTION('',(-0.00920166838265122,-0.712470631008828,0.701641596008146));
#13438=DIRECTION('center_axis',(0.510006595435367,-0.600204119827637,-0.616156057467878));
#13439=DIRECTION('ref_axis',(-0.770342525569406,0.,-0.637630295154919));
#13440=DIRECTION('',(0.701641596008148,-0.124089248133261,0.701641596008148));
#13441=DIRECTION('',(-0.00920166838264345,0.712470631008826,-0.701641596008148));
#13442=DIRECTION('',(-0.762043879424127,-0.647525386245379,0.));
#13443=DIRECTION('center_axis',(0.647525386245379,-0.762043879424127,0.));
#13444=DIRECTION('ref_axis',(0.,0.,-1.));
#13445=DIRECTION('',(0.,0.,1.));
#13446=DIRECTION('',(0.,0.,-1.));
#13447=DIRECTION('center_axis',(-0.11414241287906,0.697833439713336,0.707106781186548));
#13448=DIRECTION('ref_axis',(0.987220716401389,0.,0.159358894034592));
#13449=DIRECTION('',(-0.986885514720067,-0.161421748335556,0.));
#13450=DIRECTION('',(0.,0.7117585519856,-0.702424204932719));
#13451=DIRECTION('',(0.543527299317867,0.639653148036055,-0.543527299317882));
#13452=DIRECTION('',(0.986885514720067,0.161421748335556,0.));
#13453=DIRECTION('center_axis',(-0.634624056236215,-0.539253969791742,-0.55358600353526));
#13454=DIRECTION('ref_axis',(-0.657353771548097,0.,0.753582124941596));
#13455=DIRECTION('',(-0.00922142460428646,-0.710983685381327,0.703148038786893));
#13456=DIRECTION('',(0.703148038786891,-0.10566773916526,-0.703148038786891));
#13457=DIRECTION('',(-0.647525386245375,0.76204387942413,0.));
#13458=DIRECTION('center_axis',(-0.76204387942413,-0.647525386245375,0.));
#13459=DIRECTION('ref_axis',(0.,0.,1.));
#13460=DIRECTION('',(0.,0.,1.));
#13461=DIRECTION('',(0.,0.,-1.));
#13462=DIRECTION('center_axis',(0.510006595435367,0.600204119827637,-0.616156057467878));
#13463=DIRECTION('ref_axis',(-0.770342525569406,0.,-0.63763029515492));
#13464=DIRECTION('',(0.00920166838264344,0.712470631008827,0.701641596008148));
#13465=DIRECTION('',(-0.701641596008148,-0.124089248133261,-0.701641596008148));
#13466=DIRECTION('',(0.762043879424127,-0.647525386245379,0.));
#13467=DIRECTION('center_axis',(0.647525386245379,0.762043879424127,0.));
#13468=DIRECTION('ref_axis',(0.,0.,-1.));
#13469=DIRECTION('',(0.,0.,1.));
#13470=DIRECTION('',(0.,0.,-1.));
#13471=DIRECTION('center_axis',(0.707106781186548,0.,-0.707106781186548));
#13472=DIRECTION('ref_axis',(-0.707106781186548,0.,-0.707106781186548));
#13473=DIRECTION('',(0.,1.,0.));
#13474=DIRECTION('',(0.,-1.,0.));
#13475=DIRECTION('center_axis',(-0.634624056236219,0.539253969791734,-0.553586003535263));
#13476=DIRECTION('ref_axis',(-0.657353771548096,0.,0.753582124941597));
#13477=DIRECTION('',(-0.703148038786891,-0.105667739165264,0.703148038786891));
#13478=DIRECTION('',(0.00922142460429817,-0.710983685381327,-0.703148038786893));
#13479=DIRECTION('',(0.647525386245367,0.762043879424137,0.));
#13480=DIRECTION('center_axis',(-0.762043879424137,0.647525386245367,0.));
#13481=DIRECTION('ref_axis',(0.,0.,1.));
#13482=DIRECTION('',(0.,0.,1.));
#13483=DIRECTION('',(0.,0.,-1.));
#13484=DIRECTION('center_axis',(-0.11414241287906,0.697833439713336,-0.707106781186547));
#13485=DIRECTION('ref_axis',(-0.987220716401389,0.,0.159358894034592));
#13486=DIRECTION('',(-0.986885514720067,-0.161421748335556,0.));
#13487=DIRECTION('',(0.986885514720067,0.161421748335556,0.));
#13488=DIRECTION('center_axis',(-0.707106781186548,0.,-0.707106781186548));
#13489=DIRECTION('ref_axis',(-0.707106781186548,0.,0.707106781186548));
#13490=DIRECTION('',(0.,-1.,0.));
#13491=DIRECTION('',(0.,1.,0.));
#13492=DIRECTION('center_axis',(-0.11414241287906,-0.697833439713337,-0.707106781186546));
#13493=DIRECTION('ref_axis',(-0.987220716401389,0.,0.159358894034593));
#13494=DIRECTION('',(0.986885514720067,-0.161421748335556,0.));
#13495=DIRECTION('',(-0.986885514720067,0.161421748335556,0.));
#13496=DIRECTION('center_axis',(0.707106781186543,0.,0.707106781186552));
#13497=DIRECTION('ref_axis',(0.707106781186552,0.,-0.707106781186543));
#13498=DIRECTION('',(0.,1.,0.));
#13499=DIRECTION('',(0.,-1.,0.));
#13500=DIRECTION('center_axis',(0.,0.,-1.));
#13501=DIRECTION('ref_axis',(-1.,0.,0.));
#13502=DIRECTION('',(0.,1.,0.));
#13503=DIRECTION('center_axis',(-0.161421748335556,-0.986885514720067,0.));
#13504=DIRECTION('ref_axis',(0.986885514720067,-0.161421748335556,0.));
#13505=DIRECTION('center_axis',(-0.161421748335556,0.986885514720067,0.));
#13506=DIRECTION('ref_axis',(-0.986885514720067,-0.161421748335556,0.));
#13507=DIRECTION('center_axis',(1.,0.,0.));
#13508=DIRECTION('ref_axis',(0.,1.,0.));
#13509=DIRECTION('center_axis',(0.,0.,-1.));
#13510=DIRECTION('ref_axis',(-1.,0.,0.));
#13511=DIRECTION('center_axis',(-1.,0.,0.));
#13512=DIRECTION('ref_axis',(0.,-1.,0.));
#13513=DIRECTION('center_axis',(0.,-1.,0.));
#13514=DIRECTION('ref_axis',(-1.,0.,0.));
#13515=DIRECTION('',(0.573576436351046,-0.819152044288992,-7.02428546843654E-17));
#13516=DIRECTION('center_axis',(0.,1.,0.));
#13517=DIRECTION('ref_axis',(-1.,0.,0.));
#13518=DIRECTION('center_axis',(0.,-1.,0.));
#13519=DIRECTION('ref_axis',(-1.,0.,0.));
#13520=DIRECTION('center_axis',(0.,-1.,0.));
#13521=DIRECTION('ref_axis',(-1.,0.,0.));
#13522=DIRECTION('',(0.706943586194719,0.,0.707269938522874));
#13523=DIRECTION('',(1.,0.,0.));
#13524=DIRECTION('',(0.,0.,-1.));
#13525=DIRECTION('',(-1.,0.,-9.25185853854297E-17));
#13526=DIRECTION('center_axis',(0.,1.,0.));
#13527=DIRECTION('ref_axis',(-1.,0.,0.));
#13528=DIRECTION('',(0.573576436351046,0.819152044288992,-7.02428546843654E-17));
#13529=DIRECTION('center_axis',(0.,1.,0.));
#13530=DIRECTION('ref_axis',(-1.,0.,0.));
#13531=DIRECTION('center_axis',(1.,0.,0.));
#13532=DIRECTION('ref_axis',(0.,0.,1.));
#13533=DIRECTION('',(0.,-1.,0.));
#13534=DIRECTION('',(0.,1.,0.));
#13535=DIRECTION('',(0.,0.,1.));
#13536=DIRECTION('center_axis',(9.25185853854297E-17,0.,-1.));
#13537=DIRECTION('ref_axis',(1.,0.,9.25185853854297E-17));
#13538=DIRECTION('',(0.,1.,0.));
#13539=DIRECTION('',(-1.,0.,-9.25185853854297E-17));
#13540=DIRECTION('center_axis',(0.,1.,0.));
#13541=DIRECTION('ref_axis',(0.382576829850602,0.,0.923923681513502));
#13542=DIRECTION('center_axis',(0.,-1.,0.));
#13543=DIRECTION('ref_axis',(-1.,0.,0.));
#13544=DIRECTION('',(0.,-1.,0.));
#13545=DIRECTION('center_axis',(0.,0.,1.));
#13546=DIRECTION('ref_axis',(-1.,0.,0.));
#13547=DIRECTION('',(0.,1.,0.));
#13548=DIRECTION('',(1.,0.,0.));
#13549=DIRECTION('center_axis',(-0.707269938522874,0.,0.706943586194719));
#13550=DIRECTION('ref_axis',(-0.706943586194719,0.,-0.707269938522874));
#13551=DIRECTION('',(0.706943586194719,0.,0.707269938522874));
#13552=DIRECTION('center_axis',(0.,-1.,0.));
#13553=DIRECTION('ref_axis',(-1.,0.,0.));
#13554=DIRECTION('center_axis',(0.,-1.,0.));
#13555=DIRECTION('ref_axis',(1.,0.,0.));
#13556=DIRECTION('',(-1.,0.,0.));
#13557=DIRECTION('',(0.,0.,1.));
#13558=DIRECTION('',(1.,0.,0.));
#13559=DIRECTION('',(0.,0.,1.));
#13560=DIRECTION('center_axis',(1.,0.,0.));
#13561=DIRECTION('ref_axis',(0.,1.,0.));
#13562=DIRECTION('',(0.,-1.,0.));
#13563=DIRECTION('',(0.,0.,1.));
#13564=DIRECTION('',(0.,1.,0.));
#13565=DIRECTION('center_axis',(-1.,0.,0.));
#13566=DIRECTION('ref_axis',(0.,-1.,0.));
#13567=DIRECTION('',(0.,1.,0.));
#13568=DIRECTION('',(0.,-1.,0.));
#13569=DIRECTION('',(0.,0.,1.));
#13570=DIRECTION('center_axis',(0.,1.,0.));
#13571=DIRECTION('ref_axis',(-1.,0.,0.));
#13572=DIRECTION('',(1.,0.,0.));
#13573=DIRECTION('',(-1.,0.,0.));
#13574=DIRECTION('center_axis',(0.,0.,1.));
#13575=DIRECTION('ref_axis',(1.,0.,0.));
#13576=DIRECTION('center_axis',(-0.577350269189626,0.577350269189626,-0.577350269189626));
#13577=DIRECTION('ref_axis',(-0.707106781186548,0.,0.707106781186547));
#13578=DIRECTION('',(-0.707106781186548,-0.707106781186548,0.));
#13579=DIRECTION('',(0.,0.707106781186548,0.707106781186547));
#13580=DIRECTION('',(0.707106781186548,0.,-0.707106781186547));
#13581=DIRECTION('center_axis',(-0.577350269189626,-0.577350269189626,-0.577350269189626));
#13582=DIRECTION('ref_axis',(-0.707106781186548,0.,0.707106781186547));
#13583=DIRECTION('',(-0.707106781186548,0.,0.707106781186547));
#13584=DIRECTION('',(0.,0.707106781186548,-0.707106781186547));
#13585=DIRECTION('',(0.707106781186548,-0.707106781186548,0.));
#13586=DIRECTION('center_axis',(0.577350269189626,0.577350269189626,-0.577350269189626));
#13587=DIRECTION('ref_axis',(-0.707106781186548,0.,-0.707106781186547));
#13588=DIRECTION('',(-0.707106781186548,0.707106781186548,0.));
#13589=DIRECTION('',(0.707106781186548,0.,0.707106781186547));
#13590=DIRECTION('',(0.,-0.707106781186548,-0.707106781186547));
#13591=DIRECTION('center_axis',(-0.577350269189626,0.577350269189626,0.577350269189626));
#13592=DIRECTION('ref_axis',(0.707106781186547,0.,0.707106781186547));
#13593=DIRECTION('',(0.,-0.707106781186548,0.707106781186548));
#13594=DIRECTION('',(0.707106781186548,0.707106781186548,0.));
#13595=DIRECTION('',(-0.707106781186548,0.,-0.707106781186548));
#13596=DIRECTION('center_axis',(-0.707106781186548,0.707106781186548,0.));
#13597=DIRECTION('ref_axis',(0.,0.,1.));
#13598=DIRECTION('',(0.,0.,-1.));
#13599=DIRECTION('',(0.,0.,1.));
#13600=DIRECTION('center_axis',(0.577350269189626,-0.577350269189626,-0.577350269189626));
#13601=DIRECTION('ref_axis',(-0.707106781186548,0.,-0.707106781186547));
#13602=DIRECTION('',(0.707106781186548,0.707106781186548,0.));
#13603=DIRECTION('',(0.,-0.707106781186548,0.707106781186547));
#13604=DIRECTION('',(-0.707106781186548,0.,-0.707106781186547));
#13605=DIRECTION('center_axis',(0.,-0.707106781186547,-0.707106781186548));
#13606=DIRECTION('ref_axis',(-1.,0.,0.));
#13607=DIRECTION('',(1.,0.,0.));
#13608=DIRECTION('',(-1.,0.,0.));
#13609=DIRECTION('center_axis',(0.707106781186547,0.,-0.707106781186548));
#13610=DIRECTION('ref_axis',(-0.707106781186548,0.,-0.707106781186547));
#13611=DIRECTION('',(0.,1.,0.));
#13612=DIRECTION('',(0.,-1.,0.));
#13613=DIRECTION('center_axis',(-0.577350269189626,-0.577350269189626,0.577350269189626));
#13614=DIRECTION('ref_axis',(0.707106781186547,0.,0.707106781186547));
#13615=DIRECTION('',(0.707106781186548,0.,0.707106781186548));
#13616=DIRECTION('',(-0.707106781186548,0.707106781186548,0.));
#13617=DIRECTION('',(0.,-0.707106781186548,-0.707106781186548));
#13618=DIRECTION('center_axis',(-0.707106781186548,-0.707106781186548,0.));
#13619=DIRECTION('ref_axis',(0.,0.,1.));
#13620=DIRECTION('',(0.,0.,-1.));
#13621=DIRECTION('',(0.,0.,1.));
#13622=DIRECTION('center_axis',(0.577350269189626,0.577350269189626,0.577350269189626));
#13623=DIRECTION('ref_axis',(0.707106781186547,0.,-0.707106781186547));
#13624=DIRECTION('',(-0.707106781186548,0.,0.707106781186548));
#13625=DIRECTION('',(0.707106781186548,-0.707106781186548,0.));
#13626=DIRECTION('',(0.,0.707106781186548,-0.707106781186548));
#13627=DIRECTION('center_axis',(0.707106781186548,0.707106781186548,0.));
#13628=DIRECTION('ref_axis',(0.,0.,-1.));
#13629=DIRECTION('',(0.,0.,-1.));
#13630=DIRECTION('',(0.,0.,1.));
#13631=DIRECTION('center_axis',(0.,0.707106781186548,0.707106781186548));
#13632=DIRECTION('ref_axis',(1.,0.,0.));
#13633=DIRECTION('',(1.,0.,0.));
#13634=DIRECTION('',(-1.,0.,0.));
#13635=DIRECTION('center_axis',(0.577350269189626,-0.577350269189626,0.577350269189626));
#13636=DIRECTION('ref_axis',(0.707106781186547,0.,-0.707106781186547));
#13637=DIRECTION('',(0.,0.707106781186548,0.707106781186548));
#13638=DIRECTION('',(-0.707106781186548,-0.707106781186548,0.));
#13639=DIRECTION('',(0.707106781186548,0.,-0.707106781186548));
#13640=DIRECTION('center_axis',(0.707106781186548,-0.707106781186548,0.));
#13641=DIRECTION('ref_axis',(0.,0.,-1.));
#13642=DIRECTION('',(0.,0.,-1.));
#13643=DIRECTION('',(0.,0.,1.));
#13644=DIRECTION('center_axis',(0.707106781186548,0.,0.707106781186548));
#13645=DIRECTION('ref_axis',(0.707106781186548,0.,-0.707106781186548));
#13646=DIRECTION('',(0.,-1.,0.));
#13647=DIRECTION('',(0.,1.,0.));
#13648=DIRECTION('center_axis',(0.,-0.707106781186548,0.707106781186548));
#13649=DIRECTION('ref_axis',(1.,0.,0.));
#13650=DIRECTION('',(-1.,0.,0.));
#13651=DIRECTION('',(1.,0.,0.));
#13652=DIRECTION('center_axis',(-0.707106781186548,0.,0.707106781186548));
#13653=DIRECTION('ref_axis',(0.707106781186548,0.,0.707106781186548));
#13654=DIRECTION('',(0.,1.,0.));
#13655=DIRECTION('',(0.,-1.,0.));
#13656=DIRECTION('center_axis',(0.,0.707106781186547,-0.707106781186548));
#13657=DIRECTION('ref_axis',(-1.,0.,0.));
#13658=DIRECTION('',(-1.,0.,0.));
#13659=DIRECTION('',(1.,0.,0.));
#13660=DIRECTION('center_axis',(-0.707106781186547,0.,-0.707106781186548));
#13661=DIRECTION('ref_axis',(-0.707106781186548,0.,0.707106781186547));
#13662=DIRECTION('',(0.,-1.,0.));
#13663=DIRECTION('',(0.,1.,0.));
#13664=DIRECTION('center_axis',(0.,-1.,0.));
#13665=DIRECTION('ref_axis',(1.,0.,0.));
#13666=DIRECTION('center_axis',(0.,0.,1.));
#13667=DIRECTION('ref_axis',(1.,0.,0.));
#13668=DIRECTION('center_axis',(1.,0.,0.));
#13669=DIRECTION('ref_axis',(0.,1.,0.));
#13670=DIRECTION('center_axis',(-1.,0.,0.));
#13671=DIRECTION('ref_axis',(0.,-1.,0.));
#13672=DIRECTION('center_axis',(0.,1.,0.));
#13673=DIRECTION('ref_axis',(-1.,0.,0.));
#13674=DIRECTION('center_axis',(0.,0.,1.));
#13675=DIRECTION('ref_axis',(1.,0.,0.));
#13676=DIRECTION('center_axis',(0.,1.,0.));
#13677=DIRECTION('ref_axis',(1.,0.,0.));
#13678=DIRECTION('center_axis',(0.,1.,0.));
#13679=DIRECTION('ref_axis',(1.,0.,0.));
#13680=DIRECTION('',(0.573576436351046,-0.819152044288992,7.02428546843654E-17));
#13681=DIRECTION('center_axis',(0.,-1.,0.));
#13682=DIRECTION('ref_axis',(-1.,0.,0.));
#13683=DIRECTION('',(0.,1.,0.));
#13684=DIRECTION('center_axis',(0.,1.,0.));
#13685=DIRECTION('ref_axis',(-1.,0.,0.));
#13686=DIRECTION('',(0.,-1.,0.));
#13687=DIRECTION('center_axis',(0.,1.,0.));
#13688=DIRECTION('ref_axis',(-1.,0.,0.));
#13689=DIRECTION('center_axis',(-0.705253264120892,0.,-0.708955452371182));
#13690=DIRECTION('ref_axis',(0.708955452371182,0.,-0.705253264120892));
#13691=DIRECTION('',(-0.708955452371182,0.,0.705253264120892));
#13692=DIRECTION('',(-0.708955452371182,0.,0.705253264120892));
#13693=DIRECTION('',(0.,-1.,0.));
#13694=DIRECTION('center_axis',(0.,-1.,0.));
#13695=DIRECTION('ref_axis',(-1.,0.,0.));
#13696=DIRECTION('',(-1.,0.,0.));
#13697=DIRECTION('center_axis',(0.,-1.,0.));
#13698=DIRECTION('ref_axis',(-1.,0.,0.));
#13699=DIRECTION('',(0.708955452371235,0.,0.705253264120838));
#13700=DIRECTION('',(1.,0.,0.));
#13701=DIRECTION('center_axis',(0.,-1.,0.));
#13702=DIRECTION('ref_axis',(-1.,0.,0.));
#13703=DIRECTION('',(-1.,0.,0.));
#13704=DIRECTION('',(0.,0.,1.));
#13705=DIRECTION('',(1.,0.,0.));
#13706=DIRECTION('center_axis',(0.,-1.,0.));
#13707=DIRECTION('ref_axis',(1.,0.,0.));
#13708=DIRECTION('center_axis',(0.,1.,0.));
#13709=DIRECTION('ref_axis',(1.,0.,0.));
#13710=DIRECTION('',(0.573576436351046,0.819152044288992,7.02428546843654E-17));
#13711=DIRECTION('center_axis',(0.705253264120838,0.,-0.708955452371236));
#13712=DIRECTION('ref_axis',(-0.708955452371235,0.,-0.705253264120838));
#13713=DIRECTION('',(0.708955452371235,0.,0.705253264120838));
#13714=DIRECTION('',(0.,1.,0.));
#13715=DIRECTION('',(0.,1.,0.));
#13716=DIRECTION('center_axis',(0.,-1.,0.));
#13717=DIRECTION('ref_axis',(-1.,0.,0.));
#13718=DIRECTION('',(0.,-1.,0.));
#13719=DIRECTION('center_axis',(0.,1.,0.));
#13720=DIRECTION('ref_axis',(-1.,0.,0.));
#13721=DIRECTION('',(0.,1.,0.));
#13722=DIRECTION('center_axis',(0.,1.,0.));
#13723=DIRECTION('ref_axis',(-1.,0.,0.));
#13724=DIRECTION('center_axis',(0.705253264120892,0.,0.708955452371182));
#13725=DIRECTION('ref_axis',(0.708955452371182,0.,-0.705253264120892));
#13726=DIRECTION('',(-0.708955452371182,0.,0.705253264120892));
#13727=DIRECTION('',(0.,1.,0.));
#13728=DIRECTION('',(-0.708955452371182,0.,0.705253264120892));
#13729=DIRECTION('center_axis',(0.,-1.,0.));
#13730=DIRECTION('ref_axis',(-1.,0.,0.));
#13731=DIRECTION('',(1.,0.,0.));
#13732=DIRECTION('center_axis',(0.,-1.,0.));
#13733=DIRECTION('ref_axis',(-1.,0.,0.));
#13734=DIRECTION('',(-1.,0.,0.));
#13735=DIRECTION('center_axis',(0.,-1.,0.));
#13736=DIRECTION('ref_axis',(0.383892391093604,0.,0.923377838189999));
#13737=DIRECTION('',(0.,1.,0.));
#13738=DIRECTION('center_axis',(1.,0.,0.));
#13739=DIRECTION('ref_axis',(0.,0.,-1.));
#13740=DIRECTION('',(0.,0.,1.));
#13741=DIRECTION('',(0.,1.,0.));
#13742=DIRECTION('',(0.,1.,0.));
#13743=DIRECTION('center_axis',(0.,0.,-1.));
#13744=DIRECTION('ref_axis',(-1.,0.,0.));
#13745=DIRECTION('',(1.,0.,0.));
#13746=DIRECTION('center_axis',(0.,0.,1.));
#13747=DIRECTION('ref_axis',(1.,0.,0.));
#13748=DIRECTION('',(-1.,0.,0.));
#13749=DIRECTION('center_axis',(0.,-1.,0.));
#13750=DIRECTION('ref_axis',(-1.,0.,0.));
#13751=DIRECTION('center_axis',(-1.,2.22044604925031E-16,0.));
#13752=DIRECTION('ref_axis',(2.22044604925031E-16,1.,0.));
#13753=DIRECTION('center_axis',(-1.,2.22044604925031E-16,0.));
#13754=DIRECTION('ref_axis',(2.22044604925031E-16,1.,0.));
#13755=DIRECTION('',(0.819152044288992,0.573576436351046,7.02428546843654E-17));
#13756=DIRECTION('center_axis',(1.,-2.22044604925031E-16,0.));
#13757=DIRECTION('ref_axis',(-2.22044604925031E-16,-1.,0.));
#13758=DIRECTION('',(-1.,2.22044604925031E-16,0.));
#13759=DIRECTION('center_axis',(-1.,2.22044604925031E-16,0.));
#13760=DIRECTION('ref_axis',(-2.22044604925031E-16,-1.,0.));
#13761=DIRECTION('',(1.,-2.22044604925031E-16,0.));
#13762=DIRECTION('center_axis',(-1.,2.22044604925031E-16,0.));
#13763=DIRECTION('ref_axis',(-2.22044604925031E-16,-1.,0.));
#13764=DIRECTION('center_axis',(-1.56597682403812E-16,-0.705253264120892,
-0.708955452371182));
#13765=DIRECTION('ref_axis',(1.57419733331206E-16,0.708955452371182,-0.705253264120892));
#13766=DIRECTION('',(-1.57419733331206E-16,-0.708955452371182,0.705253264120892));
#13767=DIRECTION('',(-1.57419733331206E-16,-0.708955452371182,0.705253264120892));
#13768=DIRECTION('',(1.,-2.22044604925031E-16,0.));
#13769=DIRECTION('center_axis',(1.,-2.22044604925031E-16,0.));
#13770=DIRECTION('ref_axis',(-2.22044604925031E-16,-1.,0.));
#13771=DIRECTION('',(-2.22044604925031E-16,-1.,0.));
#13772=DIRECTION('center_axis',(1.,-2.22044604925031E-16,0.));
#13773=DIRECTION('ref_axis',(-2.22044604925031E-16,-1.,0.));
#13774=DIRECTION('',(1.57419733331218E-16,0.708955452371235,0.705253264120838));
#13775=DIRECTION('',(2.22044604925031E-16,1.,0.));
#13776=DIRECTION('center_axis',(1.,-2.22044604925031E-16,0.));
#13777=DIRECTION('ref_axis',(-2.22044604925031E-16,-1.,0.));
#13778=DIRECTION('',(-2.22044604925031E-16,-1.,0.));
#13779=DIRECTION('',(0.,0.,1.));
#13780=DIRECTION('',(2.22044604925031E-16,1.,0.));
#13781=DIRECTION('center_axis',(1.,-2.22044604925031E-16,0.));
#13782=DIRECTION('ref_axis',(2.22044604925031E-16,1.,0.));
#13783=DIRECTION('center_axis',(-1.,2.22044604925031E-16,0.));
#13784=DIRECTION('ref_axis',(2.22044604925031E-16,1.,0.));
#13785=DIRECTION('',(-0.819152044288992,0.573576436351046,7.02428546843654E-17));
#13786=DIRECTION('center_axis',(1.565976824038E-16,0.705253264120838,-0.708955452371236));
#13787=DIRECTION('ref_axis',(-1.57419733331218E-16,-0.708955452371235,-0.705253264120838));
#13788=DIRECTION('',(1.57419733331218E-16,0.708955452371235,0.705253264120838));
#13789=DIRECTION('',(-1.,2.22044604925031E-16,0.));
#13790=DIRECTION('',(-1.,2.22044604925031E-16,0.));
#13791=DIRECTION('center_axis',(1.,-2.22044604925031E-16,0.));
#13792=DIRECTION('ref_axis',(-2.22044604925031E-16,-1.,0.));
#13793=DIRECTION('',(1.,-2.22044604925031E-16,0.));
#13794=DIRECTION('center_axis',(-1.,2.22044604925031E-16,0.));
#13795=DIRECTION('ref_axis',(-2.22044604925031E-16,-1.,0.));
#13796=DIRECTION('',(-1.,2.22044604925031E-16,0.));
#13797=DIRECTION('center_axis',(-1.,2.22044604925031E-16,0.));
#13798=DIRECTION('ref_axis',(-2.22044604925031E-16,-1.,0.));
#13799=DIRECTION('center_axis',(1.56597682403812E-16,0.705253264120892,
0.708955452371182));
#13800=DIRECTION('ref_axis',(1.57419733331206E-16,0.708955452371182,-0.705253264120892));
#13801=DIRECTION('',(-1.57419733331206E-16,-0.708955452371182,0.705253264120892));
#13802=DIRECTION('',(-1.,2.22044604925031E-16,0.));
#13803=DIRECTION('',(-1.57419733331206E-16,-0.708955452371182,0.705253264120892));
#13804=DIRECTION('center_axis',(1.,-2.22044604925031E-16,0.));
#13805=DIRECTION('ref_axis',(-2.22044604925031E-16,-1.,0.));
#13806=DIRECTION('',(2.22044604925031E-16,1.,0.));
#13807=DIRECTION('center_axis',(1.,-2.22044604925031E-16,0.));
#13808=DIRECTION('ref_axis',(-2.22044604925031E-16,-1.,0.));
#13809=DIRECTION('',(-2.22044604925031E-16,-1.,0.));
#13810=DIRECTION('center_axis',(1.,-2.22044604925031E-16,0.));
#13811=DIRECTION('ref_axis',(8.52412343141052E-17,0.383892391093605,0.923377838189998));
#13812=DIRECTION('',(-1.,2.22044604925031E-16,0.));
#13813=DIRECTION('center_axis',(2.22044604925031E-16,1.,0.));
#13814=DIRECTION('ref_axis',(0.,0.,-1.));
#13815=DIRECTION('',(0.,0.,1.));
#13816=DIRECTION('',(-1.,2.22044604925031E-16,0.));
#13817=DIRECTION('',(-1.,2.22044604925031E-16,0.));
#13818=DIRECTION('center_axis',(0.,0.,-1.));
#13819=DIRECTION('ref_axis',(-2.22044604925031E-16,-1.,0.));
#13820=DIRECTION('',(2.22044604925031E-16,1.,0.));
#13821=DIRECTION('center_axis',(0.,0.,1.));
#13822=DIRECTION('ref_axis',(2.22044604925031E-16,1.,0.));
#13823=DIRECTION('',(-2.22044604925031E-16,-1.,0.));
#13824=DIRECTION('center_axis',(1.,-2.22044604925031E-16,0.));
#13825=DIRECTION('ref_axis',(-2.22044604925031E-16,-1.,0.));
#13826=DIRECTION('center_axis',(-1.,2.22044604925031E-16,0.));
#13827=DIRECTION('ref_axis',(-2.22044604925031E-16,-1.,0.));
#13828=DIRECTION('center_axis',(1.,-2.22044604925031E-16,0.));
#13829=DIRECTION('ref_axis',(-2.22044604925031E-16,-1.,0.));
#13830=DIRECTION('',(0.819152044288992,-0.573576436351046,7.02428546843654E-17));
#13831=DIRECTION('center_axis',(-1.,2.22044604925031E-16,0.));
#13832=DIRECTION('ref_axis',(2.22044604925031E-16,1.,0.));
#13833=DIRECTION('',(-1.,2.22044604925031E-16,0.));
#13834=DIRECTION('center_axis',(1.,-2.22044604925031E-16,0.));
#13835=DIRECTION('ref_axis',(2.22044604925031E-16,1.,0.));
#13836=DIRECTION('',(1.,-2.22044604925031E-16,0.));
#13837=DIRECTION('center_axis',(1.,-2.22044604925031E-16,0.));
#13838=DIRECTION('ref_axis',(2.22044604925031E-16,1.,0.));
#13839=DIRECTION('center_axis',(-1.56597682403812E-16,-0.705253264120892,
0.708955452371182));
#13840=DIRECTION('ref_axis',(-1.57419733331206E-16,-0.708955452371182,-0.705253264120892));
#13841=DIRECTION('',(1.57419733331206E-16,0.708955452371182,0.705253264120892));
#13842=DIRECTION('',(1.,-2.22044604925031E-16,0.));
#13843=DIRECTION('',(1.57419733331206E-16,0.708955452371182,0.705253264120892));
#13844=DIRECTION('center_axis',(-1.,2.22044604925031E-16,0.));
#13845=DIRECTION('ref_axis',(2.22044604925031E-16,1.,0.));
#13846=DIRECTION('',(-2.22044604925031E-16,-1.,0.));
#13847=DIRECTION('',(-1.57419733331218E-16,-0.708955452371235,0.705253264120838));
#13848=DIRECTION('center_axis',(-1.,2.22044604925031E-16,0.));
#13849=DIRECTION('ref_axis',(2.22044604925031E-16,1.,0.));
#13850=DIRECTION('',(2.22044604925031E-16,1.,0.));
#13851=DIRECTION('center_axis',(-1.,2.22044604925031E-16,0.));
#13852=DIRECTION('ref_axis',(2.22044604925031E-16,1.,0.));
#13853=DIRECTION('',(-2.22044604925031E-16,-1.,0.));
#13854=DIRECTION('',(0.,0.,1.));
#13855=DIRECTION('',(2.22044604925031E-16,1.,0.));
#13856=DIRECTION('center_axis',(1.,-2.22044604925031E-16,0.));
#13857=DIRECTION('ref_axis',(-2.22044604925031E-16,-1.,0.));
#13858=DIRECTION('center_axis',(1.,-2.22044604925031E-16,0.));
#13859=DIRECTION('ref_axis',(-2.22044604925031E-16,-1.,0.));
#13860=DIRECTION('',(-0.819152044288992,-0.573576436351046,7.02428546843654E-17));
#13861=DIRECTION('center_axis',(1.565976824038E-16,0.705253264120838,0.708955452371236));
#13862=DIRECTION('ref_axis',(1.57419733331218E-16,0.708955452371235,-0.705253264120838));
#13863=DIRECTION('',(-1.57419733331218E-16,-0.708955452371235,0.705253264120838));
#13864=DIRECTION('',(-1.,2.22044604925031E-16,0.));
#13865=DIRECTION('',(-1.,2.22044604925031E-16,0.));
#13866=DIRECTION('center_axis',(-1.,2.22044604925031E-16,0.));
#13867=DIRECTION('ref_axis',(2.22044604925031E-16,1.,0.));
#13868=DIRECTION('',(1.,-2.22044604925031E-16,0.));
#13869=DIRECTION('center_axis',(1.,-2.22044604925031E-16,0.));
#13870=DIRECTION('ref_axis',(2.22044604925031E-16,1.,0.));
#13871=DIRECTION('',(-1.,2.22044604925031E-16,0.));
#13872=DIRECTION('center_axis',(1.,-2.22044604925031E-16,0.));
#13873=DIRECTION('ref_axis',(2.22044604925031E-16,1.,0.));
#13874=DIRECTION('center_axis',(1.56597682403812E-16,0.705253264120892,
-0.708955452371182));
#13875=DIRECTION('ref_axis',(-1.57419733331206E-16,-0.708955452371182,-0.705253264120892));
#13876=DIRECTION('',(1.57419733331206E-16,0.708955452371182,0.705253264120892));
#13877=DIRECTION('',(1.57419733331206E-16,0.708955452371182,0.705253264120892));
#13878=DIRECTION('',(-1.,2.22044604925031E-16,0.));
#13879=DIRECTION('center_axis',(-1.,2.22044604925031E-16,0.));
#13880=DIRECTION('ref_axis',(2.22044604925031E-16,1.,0.));
#13881=DIRECTION('',(2.22044604925031E-16,1.,0.));
#13882=DIRECTION('center_axis',(-1.,2.22044604925031E-16,0.));
#13883=DIRECTION('ref_axis',(2.22044604925031E-16,1.,0.));
#13884=DIRECTION('',(-2.22044604925031E-16,-1.,0.));
#13885=DIRECTION('center_axis',(-1.,2.22044604925031E-16,0.));
#13886=DIRECTION('ref_axis',(-8.52412343141052E-17,-0.383892391093605,0.923377838189998));
#13887=DIRECTION('',(-1.,2.22044604925031E-16,0.));
#13888=DIRECTION('center_axis',(2.22044604925031E-16,1.,0.));
#13889=DIRECTION('ref_axis',(0.,0.,-1.));
#13890=DIRECTION('',(0.,0.,1.));
#13891=DIRECTION('',(-1.,2.22044604925031E-16,0.));
#13892=DIRECTION('',(-1.,2.22044604925031E-16,0.));
#13893=DIRECTION('center_axis',(0.,0.,1.));
#13894=DIRECTION('ref_axis',(2.22044604925031E-16,1.,0.));
#13895=DIRECTION('',(-2.22044604925031E-16,-1.,0.));
#13896=DIRECTION('center_axis',(0.,0.,-1.));
#13897=DIRECTION('ref_axis',(-2.22044604925031E-16,-1.,0.));
#13898=DIRECTION('',(2.22044604925031E-16,1.,0.));
#13899=DIRECTION('center_axis',(-1.,2.22044604925031E-16,0.));
#13900=DIRECTION('ref_axis',(2.22044604925031E-16,1.,0.));
#13901=DIRECTION('center_axis',(-0.600204119827634,0.510006595435364,-0.616156057467882));
#13902=DIRECTION('ref_axis',(-4.71698754092833E-17,-0.77034252556941,-0.637630295154915));
#13903=DIRECTION('',(-0.124089248133257,0.701641596008152,0.701641596008144));
#13904=DIRECTION('',(0.712470631008827,-0.00920166838265128,-0.701641596008147));
#13905=DIRECTION('',(-0.647525386245379,-0.762043879424127,0.));
#13906=DIRECTION('center_axis',(-0.697833439713337,-0.11414241287906,-0.707106781186547));
#13907=DIRECTION('ref_axis',(-6.04498345196459E-17,-0.987220716401389,0.159358894034593));
#13908=DIRECTION('',(-0.161421748335556,0.986885514720067,0.));
#13909=DIRECTION('',(0.161421748335556,-0.986885514720067,0.));
#13910=DIRECTION('',(-0.711758551985599,4.35826416227459E-17,0.70242420493272));
#13911=DIRECTION('',(-0.639653148036052,0.543527299317876,0.543527299317877));
#13912=DIRECTION('center_axis',(0.600204119827633,0.510006595435365,-0.616156057467883));
#13913=DIRECTION('ref_axis',(-4.71698754092833E-17,-0.770342525569409,-0.637630295154915));
#13914=DIRECTION('',(-0.647525386245379,0.762043879424127,0.));
#13915=DIRECTION('',(0.712470631008828,0.00920166838265118,0.701641596008146));
#13916=DIRECTION('',(-0.124089248133263,-0.701641596008152,-0.701641596008144));
#13917=DIRECTION('center_axis',(-0.600204119827637,0.510006595435367,0.616156057467878));
#13918=DIRECTION('ref_axis',(4.7169875409283E-17,0.770342525569406,-0.637630295154919));
#13919=DIRECTION('',(0.124089248133261,-0.701641596008148,0.701641596008148));
#13920=DIRECTION('',(0.647525386245379,0.762043879424127,0.));
#13921=DIRECTION('',(-0.712470631008826,0.0092016683826435,-0.701641596008148));
#13922=DIRECTION('center_axis',(-0.762043879424127,0.647525386245379,0.));
#13923=DIRECTION('ref_axis',(0.,0.,-1.));
#13924=DIRECTION('',(0.,0.,-1.));
#13925=DIRECTION('',(0.,0.,1.));
#13926=DIRECTION('center_axis',(0.697833439713336,-0.11414241287906,-0.707106781186548));
#13927=DIRECTION('ref_axis',(-6.04498345196459E-17,-0.987220716401389,0.159358894034592));
#13928=DIRECTION('',(0.161421748335556,0.986885514720067,0.));
#13929=DIRECTION('',(-0.161421748335556,-0.986885514720067,0.));
#13930=DIRECTION('',(-0.639653148036055,-0.543527299317867,-0.543527299317882));
#13931=DIRECTION('',(-0.7117585519856,4.3582641622746E-17,-0.702424204932719));
#13932=DIRECTION('center_axis',(-0.539253969791742,-0.634624056236215,0.55358600353526));
#13933=DIRECTION('ref_axis',(4.02513096116909E-17,0.657353771548097,0.753582124941596));
#13934=DIRECTION('',(0.710983685381327,0.00922142460428642,0.703148038786893));
#13935=DIRECTION('',(-0.76204387942413,0.647525386245375,0.));
#13936=DIRECTION('',(0.10566773916526,-0.703148038786891,-0.703148038786891));
#13937=DIRECTION('center_axis',(-0.647525386245375,-0.76204387942413,0.));
#13938=DIRECTION('ref_axis',(0.,0.,1.));
#13939=DIRECTION('',(0.,0.,1.));
#13940=DIRECTION('',(0.,0.,-1.));
#13941=DIRECTION('center_axis',(0.600204119827637,0.510006595435367,0.616156057467878));
#13942=DIRECTION('ref_axis',(4.7169875409283E-17,0.770342525569406,-0.63763029515492));
#13943=DIRECTION('',(-0.712470631008827,-0.0092016683826434,0.701641596008148));
#13944=DIRECTION('',(0.647525386245379,-0.762043879424127,0.));
#13945=DIRECTION('',(0.124089248133261,0.701641596008148,-0.701641596008148));
#13946=DIRECTION('center_axis',(0.762043879424127,0.647525386245379,0.));
#13947=DIRECTION('ref_axis',(0.,0.,-1.));
#13948=DIRECTION('',(0.,0.,-1.));
#13949=DIRECTION('',(0.,0.,1.));
#13950=DIRECTION('center_axis',(4.32978028117747E-17,0.707106781186548,
0.707106781186548));
#13951=DIRECTION('ref_axis',(4.32978028117747E-17,0.707106781186548,-0.707106781186548));
#13952=DIRECTION('',(1.,-6.12323399573677E-17,0.));
#13953=DIRECTION('',(-1.,6.12323399573677E-17,0.));
#13954=DIRECTION('center_axis',(0.539253969791734,-0.634624056236219,0.553586003535263));
#13955=DIRECTION('ref_axis',(4.02513096116908E-17,0.657353771548096,0.753582124941597));
#13956=DIRECTION('',(0.105667739165264,0.703148038786891,0.703148038786891));
#13957=DIRECTION('',(-0.762043879424137,-0.647525386245367,0.));
#13958=DIRECTION('',(0.710983685381327,-0.00922142460429822,-0.703148038786893));
#13959=DIRECTION('center_axis',(0.647525386245367,-0.762043879424137,0.));
#13960=DIRECTION('ref_axis',(0.,0.,1.));
#13961=DIRECTION('',(0.,0.,1.));
#13962=DIRECTION('',(0.,0.,-1.));
#13963=DIRECTION('center_axis',(0.697833439713336,-0.11414241287906,0.707106781186547));
#13964=DIRECTION('ref_axis',(6.04498345196459E-17,0.987220716401389,0.159358894034592));
#13965=DIRECTION('',(-0.161421748335556,-0.986885514720067,0.));
#13966=DIRECTION('',(0.161421748335556,0.986885514720067,0.));
#13967=DIRECTION('center_axis',(-4.32978028117747E-17,-0.707106781186548,
0.707106781186548));
#13968=DIRECTION('ref_axis',(4.32978028117747E-17,0.707106781186548,0.707106781186548));
#13969=DIRECTION('',(-1.,6.12323399573677E-17,0.));
#13970=DIRECTION('',(1.,-6.12323399573677E-17,0.));
#13971=DIRECTION('center_axis',(-0.697833439713337,-0.11414241287906,0.707106781186546));
#13972=DIRECTION('ref_axis',(6.04498345196459E-17,0.987220716401389,0.159358894034593));
#13973=DIRECTION('',(-0.161421748335556,0.986885514720067,0.));
#13974=DIRECTION('',(0.161421748335556,-0.986885514720067,0.));
#13975=DIRECTION('center_axis',(4.32978028117744E-17,0.707106781186543,
-0.707106781186552));
#13976=DIRECTION('ref_axis',(-4.32978028117749E-17,-0.707106781186552,-0.707106781186543));
#13977=DIRECTION('',(1.,-6.12323399573677E-17,0.));
#13978=DIRECTION('',(-1.,6.12323399573677E-17,0.));
#13979=DIRECTION('center_axis',(0.,0.,1.));
#13980=DIRECTION('ref_axis',(6.12323399573677E-17,1.,0.));
#13981=DIRECTION('',(-1.,6.12323399573677E-17,0.));
#13982=DIRECTION('center_axis',(-0.986885514720067,-0.161421748335556,0.));
#13983=DIRECTION('ref_axis',(0.161421748335556,-0.986885514720067,0.));
#13984=DIRECTION('center_axis',(0.986885514720067,-0.161421748335556,0.));
#13985=DIRECTION('ref_axis',(0.161421748335556,0.986885514720067,0.));
#13986=DIRECTION('center_axis',(6.12323399573677E-17,1.,0.));
#13987=DIRECTION('ref_axis',(-1.,6.12323399573677E-17,0.));
#13988=DIRECTION('center_axis',(0.,0.,1.));
#13989=DIRECTION('ref_axis',(6.12323399573677E-17,1.,0.));
#13990=DIRECTION('center_axis',(-6.12323399573677E-17,-1.,0.));
#13991=DIRECTION('ref_axis',(1.,-6.12323399573677E-17,0.));
#13992=DIRECTION('center_axis',(-0.510006595435364,-0.600204119827634,-0.616156057467882));
#13993=DIRECTION('ref_axis',(0.77034252556941,-9.43397508185665E-17,-0.637630295154915));
#13994=DIRECTION('',(-0.701641596008152,-0.124089248133257,0.701641596008144));
#13995=DIRECTION('',(0.00920166838265132,0.712470631008827,-0.701641596008147));
#13996=DIRECTION('',(0.762043879424127,-0.647525386245379,0.));
#13997=DIRECTION('center_axis',(0.11414241287906,-0.697833439713337,-0.707106781186547));
#13998=DIRECTION('ref_axis',(0.987220716401389,-1.20899669039292E-16,0.159358894034593));
#13999=DIRECTION('',(-0.986885514720067,-0.161421748335556,0.));
#14000=DIRECTION('',(0.986885514720067,0.161421748335556,0.));
#14001=DIRECTION('',(-8.71652832454919E-17,-0.711758551985599,0.70242420493272));
#14002=DIRECTION('',(-0.543527299317876,-0.639653148036051,0.543527299317877));
#14003=DIRECTION('center_axis',(-0.510006595435365,0.600204119827633,-0.616156057467883));
#14004=DIRECTION('ref_axis',(0.770342525569409,-9.43397508185665E-17,-0.637630295154915));
#14005=DIRECTION('',(-0.762043879424127,-0.647525386245379,0.));
#14006=DIRECTION('',(-0.00920166838265114,0.712470631008828,0.701641596008146));
#14007=DIRECTION('',(0.701641596008152,-0.124089248133263,-0.701641596008144));
#14008=DIRECTION('center_axis',(-0.510006595435367,-0.600204119827636,0.616156057467878));
#14009=DIRECTION('ref_axis',(-0.770342525569406,9.43397508185661E-17,-0.637630295154919));
#14010=DIRECTION('',(0.701641596008148,0.124089248133261,0.701641596008148));
#14011=DIRECTION('',(-0.762043879424127,0.647525386245379,0.));
#14012=DIRECTION('',(-0.00920166838264354,-0.712470631008826,-0.701641596008148));
#14013=DIRECTION('center_axis',(-0.647525386245379,-0.762043879424127,0.));
#14014=DIRECTION('ref_axis',(0.,0.,-1.));
#14015=DIRECTION('',(0.,0.,-1.));
#14016=DIRECTION('',(0.,0.,1.));
#14017=DIRECTION('center_axis',(0.11414241287906,0.697833439713336,-0.707106781186548));
#14018=DIRECTION('ref_axis',(0.987220716401389,-1.20899669039292E-16,0.159358894034592));
#14019=DIRECTION('',(-0.986885514720067,0.161421748335556,0.));
#14020=DIRECTION('',(0.986885514720067,-0.161421748335556,0.));
#14021=DIRECTION('',(0.543527299317867,-0.639653148036055,-0.543527299317882));
#14022=DIRECTION('',(-8.7165283245492E-17,-0.7117585519856,-0.702424204932719));
#14023=DIRECTION('center_axis',(0.634624056236215,-0.539253969791742,0.55358600353526));
#14024=DIRECTION('ref_axis',(-0.657353771548097,8.05026192233818E-17,0.753582124941596));
#14025=DIRECTION('',(-0.00922142460428638,0.710983685381327,0.703148038786893));
#14026=DIRECTION('',(-0.647525386245375,-0.76204387942413,0.));
#14027=DIRECTION('',(0.703148038786891,0.10566773916526,-0.703148038786891));
#14028=DIRECTION('center_axis',(0.76204387942413,-0.647525386245375,0.));
#14029=DIRECTION('ref_axis',(0.,0.,1.));
#14030=DIRECTION('',(0.,0.,1.));
#14031=DIRECTION('',(0.,0.,-1.));
#14032=DIRECTION('center_axis',(-0.510006595435367,0.600204119827637,0.616156057467878));
#14033=DIRECTION('ref_axis',(-0.770342525569406,9.4339750818566E-17,-0.63763029515492));
#14034=DIRECTION('',(0.00920166838264336,-0.712470631008827,0.701641596008148));
#14035=DIRECTION('',(0.762043879424127,0.647525386245379,0.));
#14036=DIRECTION('',(-0.701641596008148,0.124089248133261,-0.701641596008148));
#14037=DIRECTION('center_axis',(-0.647525386245379,0.762043879424127,0.));
#14038=DIRECTION('ref_axis',(0.,0.,-1.));
#14039=DIRECTION('',(0.,0.,-1.));
#14040=DIRECTION('',(0.,0.,1.));
#14041=DIRECTION('center_axis',(-0.707106781186548,8.65956056235493E-17,
0.707106781186548));
#14042=DIRECTION('ref_axis',(-0.707106781186548,8.65956056235493E-17,-0.707106781186548));
#14043=DIRECTION('',(1.22464679914735E-16,1.,0.));
#14044=DIRECTION('',(-1.22464679914735E-16,-1.,0.));
#14045=DIRECTION('center_axis',(0.634624056236219,0.539253969791734,0.553586003535263));
#14046=DIRECTION('ref_axis',(-0.657353771548096,8.05026192233817E-17,0.753582124941597));
#14047=DIRECTION('',(-0.703148038786891,0.105667739165264,0.703148038786891));
#14048=DIRECTION('',(0.647525386245367,-0.762043879424137,0.));
#14049=DIRECTION('',(0.00922142460429826,0.710983685381327,-0.703148038786893));
#14050=DIRECTION('center_axis',(0.762043879424137,0.647525386245367,0.));
#14051=DIRECTION('ref_axis',(0.,0.,1.));
#14052=DIRECTION('',(0.,0.,1.));
#14053=DIRECTION('',(0.,0.,-1.));
#14054=DIRECTION('center_axis',(0.11414241287906,0.697833439713336,0.707106781186547));
#14055=DIRECTION('ref_axis',(-0.987220716401389,1.20899669039292E-16,0.159358894034592));
#14056=DIRECTION('',(0.986885514720067,-0.161421748335556,0.));
#14057=DIRECTION('',(-0.986885514720067,0.161421748335556,0.));
#14058=DIRECTION('center_axis',(0.707106781186548,-8.65956056235493E-17,
0.707106781186548));
#14059=DIRECTION('ref_axis',(-0.707106781186548,8.65956056235493E-17,0.707106781186548));
#14060=DIRECTION('',(-1.22464679914735E-16,-1.,0.));
#14061=DIRECTION('',(1.22464679914735E-16,1.,0.));
#14062=DIRECTION('center_axis',(0.11414241287906,-0.697833439713337,0.707106781186546));
#14063=DIRECTION('ref_axis',(-0.987220716401389,1.20899669039292E-16,0.159358894034593));
#14064=DIRECTION('',(-0.986885514720067,-0.161421748335556,0.));
#14065=DIRECTION('',(0.986885514720067,0.161421748335556,0.));
#14066=DIRECTION('center_axis',(-0.707106781186543,8.65956056235488E-17,
-0.707106781186552));
#14067=DIRECTION('ref_axis',(0.707106781186552,-8.65956056235498E-17,-0.707106781186543));
#14068=DIRECTION('',(1.22464679914735E-16,1.,0.));
#14069=DIRECTION('',(-1.22464679914735E-16,-1.,0.));
#14070=DIRECTION('center_axis',(0.,0.,1.));
#14071=DIRECTION('ref_axis',(-1.,1.22464679914735E-16,0.));
#14072=DIRECTION('',(-1.22464679914735E-16,-1.,0.));
#14073=DIRECTION('center_axis',(0.161421748335556,-0.986885514720067,0.));
#14074=DIRECTION('ref_axis',(0.986885514720067,0.161421748335556,0.));
#14075=DIRECTION('center_axis',(0.161421748335556,0.986885514720067,0.));
#14076=DIRECTION('ref_axis',(-0.986885514720067,0.161421748335556,0.));
#14077=DIRECTION('center_axis',(-1.,1.22464679914735E-16,0.));
#14078=DIRECTION('ref_axis',(-1.22464679914735E-16,-1.,0.));
#14079=DIRECTION('center_axis',(0.,0.,1.));
#14080=DIRECTION('ref_axis',(-1.,1.22464679914735E-16,0.));
#14081=DIRECTION('center_axis',(1.,-1.22464679914735E-16,0.));
#14082=DIRECTION('ref_axis',(1.22464679914735E-16,1.,0.));
#14083=DIRECTION('center_axis',(0.600204119827634,-0.510006595435364,-0.616156057467882));
#14084=DIRECTION('ref_axis',(1.4150962622785E-16,0.77034252556941,-0.637630295154915));
#14085=DIRECTION('',(0.124089248133257,-0.701641596008152,0.701641596008144));
#14086=DIRECTION('',(-0.712470631008827,0.00920166838265136,-0.701641596008147));
#14087=DIRECTION('',(0.647525386245379,0.762043879424127,0.));
#14088=DIRECTION('center_axis',(0.697833439713337,0.11414241287906,-0.707106781186547));
#14089=DIRECTION('ref_axis',(1.81349503558938E-16,0.987220716401389,0.159358894034593));
#14090=DIRECTION('',(0.161421748335556,-0.986885514720067,0.));
#14091=DIRECTION('',(-0.161421748335556,0.986885514720067,0.));
#14092=DIRECTION('',(0.711758551985599,-1.30747924868238E-16,0.70242420493272));
#14093=DIRECTION('',(0.639653148036051,-0.543527299317876,0.543527299317877));
#14094=DIRECTION('center_axis',(-0.600204119827633,-0.510006595435365,-0.616156057467883));
#14095=DIRECTION('ref_axis',(1.4150962622785E-16,0.770342525569409,-0.637630295154915));
#14096=DIRECTION('',(0.647525386245379,-0.762043879424127,0.));
#14097=DIRECTION('',(-0.712470631008828,-0.00920166838265109,0.701641596008146));
#14098=DIRECTION('',(0.124089248133263,0.701641596008152,-0.701641596008144));
#14099=DIRECTION('center_axis',(0.600204119827636,-0.510006595435367,0.616156057467878));
#14100=DIRECTION('ref_axis',(-1.41509626227849E-16,-0.770342525569406,-0.637630295154919));
#14101=DIRECTION('',(-0.124089248133261,0.701641596008148,0.701641596008148));
#14102=DIRECTION('',(-0.647525386245379,-0.762043879424127,0.));
#14103=DIRECTION('',(0.712470631008826,-0.00920166838264358,-0.701641596008148));
#14104=DIRECTION('center_axis',(0.762043879424127,-0.647525386245379,0.));
#14105=DIRECTION('ref_axis',(0.,0.,-1.));
#14106=DIRECTION('',(0.,0.,-1.));
#14107=DIRECTION('',(0.,0.,1.));
#14108=DIRECTION('center_axis',(-0.697833439713336,0.11414241287906,-0.707106781186548));
#14109=DIRECTION('ref_axis',(1.81349503558938E-16,0.987220716401389,0.159358894034592));
#14110=DIRECTION('',(-0.161421748335556,-0.986885514720067,0.));
#14111=DIRECTION('',(0.161421748335556,0.986885514720067,0.));
#14112=DIRECTION('',(0.639653148036055,0.543527299317867,-0.543527299317882));
#14113=DIRECTION('',(0.7117585519856,-1.30747924868238E-16,-0.702424204932719));
#14114=DIRECTION('center_axis',(0.539253969791742,0.634624056236215,0.55358600353526));
#14115=DIRECTION('ref_axis',(-1.20753928835073E-16,-0.657353771548097,0.753582124941596));
#14116=DIRECTION('',(-0.710983685381327,-0.00922142460428633,0.703148038786893));
#14117=DIRECTION('',(0.76204387942413,-0.647525386245375,0.));
#14118=DIRECTION('',(-0.10566773916526,0.703148038786891,-0.703148038786891));
#14119=DIRECTION('center_axis',(0.647525386245375,0.76204387942413,0.));
#14120=DIRECTION('ref_axis',(0.,0.,1.));
#14121=DIRECTION('',(0.,0.,1.));
#14122=DIRECTION('',(0.,0.,-1.));
#14123=DIRECTION('center_axis',(-0.600204119827637,-0.510006595435367,0.616156057467878));
#14124=DIRECTION('ref_axis',(-1.41509626227849E-16,-0.770342525569406,-0.63763029515492));
#14125=DIRECTION('',(0.712470631008827,0.00920166838264331,0.701641596008148));
#14126=DIRECTION('',(-0.647525386245379,0.762043879424127,0.));
#14127=DIRECTION('',(-0.124089248133261,-0.701641596008148,-0.701641596008148));
#14128=DIRECTION('center_axis',(-0.762043879424127,-0.647525386245379,0.));
#14129=DIRECTION('ref_axis',(0.,0.,-1.));
#14130=DIRECTION('',(0.,0.,-1.));
#14131=DIRECTION('',(0.,0.,1.));
#14132=DIRECTION('center_axis',(-1.29893408435324E-16,-0.707106781186548,
0.707106781186548));
#14133=DIRECTION('ref_axis',(-1.29893408435324E-16,-0.707106781186548,-0.707106781186548));
#14134=DIRECTION('',(-1.,1.83697019872103E-16,0.));
#14135=DIRECTION('',(1.,-1.83697019872103E-16,0.));
#14136=DIRECTION('center_axis',(-0.539253969791734,0.634624056236219,0.553586003535263));
#14137=DIRECTION('ref_axis',(-1.20753928835073E-16,-0.657353771548096,0.753582124941597));
#14138=DIRECTION('',(-0.105667739165264,-0.703148038786891,0.703148038786891));
#14139=DIRECTION('',(0.762043879424137,0.647525386245367,0.));
#14140=DIRECTION('',(-0.710983685381327,0.0092214246042983,-0.703148038786893));
#14141=DIRECTION('center_axis',(-0.647525386245367,0.762043879424137,0.));
#14142=DIRECTION('ref_axis',(0.,0.,1.));
#14143=DIRECTION('',(0.,0.,1.));
#14144=DIRECTION('',(0.,0.,-1.));
#14145=DIRECTION('center_axis',(-0.697833439713336,0.11414241287906,0.707106781186547));
#14146=DIRECTION('ref_axis',(-1.81349503558938E-16,-0.987220716401389,0.159358894034592));
#14147=DIRECTION('',(0.161421748335556,0.986885514720067,0.));
#14148=DIRECTION('',(-0.161421748335556,-0.986885514720067,0.));
#14149=DIRECTION('center_axis',(1.29893408435324E-16,0.707106781186548,
0.707106781186548));
#14150=DIRECTION('ref_axis',(-1.29893408435324E-16,-0.707106781186548,0.707106781186548));
#14151=DIRECTION('',(1.,-1.83697019872103E-16,0.));
#14152=DIRECTION('',(-1.,1.83697019872103E-16,0.));
#14153=DIRECTION('center_axis',(0.697833439713337,0.11414241287906,0.707106781186546));
#14154=DIRECTION('ref_axis',(-1.81349503558938E-16,-0.987220716401389,0.159358894034593));
#14155=DIRECTION('',(0.161421748335556,-0.986885514720067,0.));
#14156=DIRECTION('',(-0.161421748335556,0.986885514720067,0.));
#14157=DIRECTION('center_axis',(-1.29893408435323E-16,-0.707106781186543,
-0.707106781186552));
#14158=DIRECTION('ref_axis',(1.29893408435325E-16,0.707106781186552,-0.707106781186543));
#14159=DIRECTION('',(-1.,1.83697019872103E-16,0.));
#14160=DIRECTION('',(1.,-1.83697019872103E-16,0.));
#14161=DIRECTION('center_axis',(0.,0.,1.));
#14162=DIRECTION('ref_axis',(-1.83697019872103E-16,-1.,0.));
#14163=DIRECTION('',(1.,-1.83697019872103E-16,0.));
#14164=DIRECTION('center_axis',(0.986885514720067,0.161421748335556,0.));
#14165=DIRECTION('ref_axis',(-0.161421748335556,0.986885514720067,0.));
#14166=DIRECTION('center_axis',(-0.986885514720067,0.161421748335556,0.));
#14167=DIRECTION('ref_axis',(-0.161421748335556,-0.986885514720067,0.));
#14168=DIRECTION('center_axis',(-1.83697019872103E-16,-1.,0.));
#14169=DIRECTION('ref_axis',(1.,-1.83697019872103E-16,0.));
#14170=DIRECTION('center_axis',(0.,0.,1.));
#14171=DIRECTION('ref_axis',(-1.83697019872103E-16,-1.,0.));
#14172=DIRECTION('center_axis',(1.83697019872103E-16,1.,0.));
#14173=DIRECTION('ref_axis',(-1.,1.83697019872103E-16,0.));
#14174=DIRECTION('center_axis',(1.,-6.12323399573677E-17,0.));
#14175=DIRECTION('ref_axis',(6.12323399573677E-17,1.,0.));
#14176=DIRECTION('center_axis',(-1.,6.12323399573677E-17,0.));
#14177=DIRECTION('ref_axis',(6.12323399573677E-17,1.,0.));
#14178=DIRECTION('',(-0.819152044288992,0.573576436351046,7.02428546843654E-17));
#14179=DIRECTION('center_axis',(-1.,6.12323399573677E-17,0.));
#14180=DIRECTION('ref_axis',(6.12323399573677E-17,1.,0.));
#14181=DIRECTION('',(4.32878100005557E-17,0.706943586194719,0.707269938522874));
#14182=DIRECTION('center_axis',(1.,-6.12323399573677E-17,0.));
#14183=DIRECTION('ref_axis',(6.12323399573677E-17,1.,0.));
#14184=DIRECTION('',(-6.12323399573677E-17,-1.,9.25185853854297E-17));
#14185=DIRECTION('center_axis',(1.,-6.12323399573677E-17,0.));
#14186=DIRECTION('ref_axis',(6.12323399573677E-17,1.,0.));
#14187=DIRECTION('',(4.32878100005557E-17,0.706943586194719,-0.707269938522874));
#14188=DIRECTION('',(6.12323399573677E-17,1.,0.));
#14189=DIRECTION('center_axis',(-4.33077933172592E-17,-0.707269938522874,
0.706943586194719));
#14190=DIRECTION('ref_axis',(4.32878100005557E-17,0.706943586194719,0.707269938522874));
#14191=DIRECTION('',(-1.,6.12323399573677E-17,0.));
#14192=DIRECTION('',(4.32878100005557E-17,0.706943586194719,0.707269938522874));
#14193=DIRECTION('',(-1.,6.12323399573677E-17,0.));
#14194=DIRECTION('center_axis',(1.,-6.12323399573677E-17,0.));
#14195=DIRECTION('ref_axis',(6.12323399573677E-17,1.,0.));
#14196=DIRECTION('center_axis',(1.,-6.12323399573677E-17,0.));
#14197=DIRECTION('ref_axis',(6.12323399573677E-17,1.,0.));
#14198=DIRECTION('',(-1.,6.12323399573677E-17,0.));
#14199=DIRECTION('center_axis',(-1.,6.12323399573677E-17,0.));
#14200=DIRECTION('ref_axis',(6.12323399573677E-17,1.,0.));
#14201=DIRECTION('',(6.12323399573677E-17,1.,0.));
#14202=DIRECTION('',(0.,0.,-1.));
#14203=DIRECTION('',(-6.12323399573677E-17,-1.,9.25185853854297E-17));
#14204=DIRECTION('center_axis',(1.,-6.12323399573677E-17,0.));
#14205=DIRECTION('ref_axis',(6.12323399573677E-17,1.,0.));
#14206=DIRECTION('',(-1.,6.12323399573677E-17,0.));
#14207=DIRECTION('center_axis',(1.,-6.12323399573677E-17,0.));
#14208=DIRECTION('ref_axis',(6.12323399573677E-17,1.,0.));
#14209=DIRECTION('',(-1.,6.12323399573677E-17,0.));
#14210=DIRECTION('center_axis',(-1.,6.12323399573677E-17,0.));
#14211=DIRECTION('ref_axis',(6.12323399573677E-17,1.,0.));
#14212=DIRECTION('center_axis',(-1.,6.12323399573677E-17,0.));
#14213=DIRECTION('ref_axis',(6.12323399573677E-17,1.,0.));
#14214=DIRECTION('',(0.819152044288992,0.573576436351046,7.02428546843654E-17));
#14215=DIRECTION('center_axis',(-4.33077933172592E-17,-0.707269938522874,
-0.706943586194719));
#14216=DIRECTION('ref_axis',(4.32878100005557E-17,0.706943586194719,-0.707269938522874));
#14217=DIRECTION('',(4.32878100005557E-17,0.706943586194719,-0.707269938522874));
#14218=DIRECTION('',(-1.,6.12323399573677E-17,0.));
#14219=DIRECTION('center_axis',(-1.,6.12323399573677E-17,0.));
#14220=DIRECTION('ref_axis',(6.12323399573677E-17,1.,0.));
#14221=DIRECTION('',(4.32878100005557E-17,0.706943586194719,0.707269938522874));
#14222=DIRECTION('',(6.12323399573677E-17,1.,0.));
#14223=DIRECTION('',(-6.12323399573677E-17,-1.,9.25185853854297E-17));
#14224=DIRECTION('center_axis',(1.,-6.12323399573677E-17,0.));
#14225=DIRECTION('ref_axis',(6.12323399573677E-17,1.,0.));
#14226=DIRECTION('center_axis',(0.,0.,-1.));
#14227=DIRECTION('ref_axis',(6.12323399573677E-17,1.,0.));
#14228=DIRECTION('',(1.,-6.12323399573677E-17,0.));
#14229=DIRECTION('',(6.12323399573677E-17,1.,0.));
#14230=DIRECTION('',(-1.,6.12323399573677E-17,0.));
#14231=DIRECTION('center_axis',(4.33077933172592E-17,0.707269938522874,
-0.706943586194719));
#14232=DIRECTION('ref_axis',(4.32878100005557E-17,0.706943586194719,0.707269938522874));
#14233=DIRECTION('',(1.,-6.12323399573677E-17,0.));
#14234=DIRECTION('',(4.32878100005557E-17,0.706943586194719,0.707269938522874));
#14235=DIRECTION('center_axis',(-6.12323399573677E-17,-1.,0.));
#14236=DIRECTION('ref_axis',(0.,0.,-1.));
#14237=DIRECTION('',(0.,0.,-1.));
#14238=DIRECTION('',(-1.,6.12323399573677E-17,0.));
#14239=DIRECTION('center_axis',(5.66512947269538E-33,9.25185853854297E-17,
1.));
#14240=DIRECTION('ref_axis',(-6.12323399573677E-17,-1.,9.25185853854297E-17));
#14241=DIRECTION('',(-6.12323399573677E-17,-1.,9.25185853854297E-17));
#14242=DIRECTION('',(1.,-6.12323399573677E-17,0.));
#14243=DIRECTION('center_axis',(1.,-6.12323399573677E-17,0.));
#14244=DIRECTION('ref_axis',(6.12323399573677E-17,1.,0.));
#14245=DIRECTION('center_axis',(1.,-6.12323399573677E-17,0.));
#14246=DIRECTION('ref_axis',(6.12323399573677E-17,1.,0.));
#14247=DIRECTION('center_axis',(-1.,6.12323399573677E-17,0.));
#14248=DIRECTION('ref_axis',(6.12323399573677E-17,1.,0.));
#14249=DIRECTION('center_axis',(1.22464679914735E-16,1.,0.));
#14250=DIRECTION('ref_axis',(-1.,1.22464679914735E-16,0.));
#14251=DIRECTION('center_axis',(-1.22464679914735E-16,-1.,0.));
#14252=DIRECTION('ref_axis',(-1.,1.22464679914735E-16,0.));
#14253=DIRECTION('',(-0.573576436351046,-0.819152044288992,7.02428546843654E-17));
#14254=DIRECTION('center_axis',(-1.22464679914735E-16,-1.,0.));
#14255=DIRECTION('ref_axis',(-1.,1.22464679914735E-16,0.));
#14256=DIRECTION('',(-0.706943586194719,8.65756200011114E-17,0.707269938522874));
#14257=DIRECTION('center_axis',(1.22464679914735E-16,1.,0.));
#14258=DIRECTION('ref_axis',(-1.,1.22464679914735E-16,0.));
#14259=DIRECTION('',(1.,-1.22464679914735E-16,9.25185853854297E-17));
#14260=DIRECTION('center_axis',(1.22464679914735E-16,1.,0.));
#14261=DIRECTION('ref_axis',(-1.,1.22464679914735E-16,0.));
#14262=DIRECTION('',(-0.706943586194719,8.65756200011114E-17,-0.707269938522874));
#14263=DIRECTION('',(-1.,1.22464679914735E-16,0.));
#14264=DIRECTION('center_axis',(0.707269938522874,-8.66155866345183E-17,
0.706943586194719));
#14265=DIRECTION('ref_axis',(-0.706943586194719,8.65756200011114E-17,0.707269938522874));
#14266=DIRECTION('',(-1.22464679914735E-16,-1.,0.));
#14267=DIRECTION('',(-0.706943586194719,8.65756200011114E-17,0.707269938522874));
#14268=DIRECTION('',(-1.22464679914735E-16,-1.,0.));
#14269=DIRECTION('center_axis',(1.22464679914735E-16,1.,0.));
#14270=DIRECTION('ref_axis',(-1.,1.22464679914735E-16,0.));
#14271=DIRECTION('center_axis',(1.22464679914735E-16,1.,0.));
#14272=DIRECTION('ref_axis',(-1.,1.22464679914735E-16,0.));
#14273=DIRECTION('',(-1.22464679914735E-16,-1.,0.));
#14274=DIRECTION('center_axis',(-1.22464679914735E-16,-1.,0.));
#14275=DIRECTION('ref_axis',(-1.,1.22464679914735E-16,0.));
#14276=DIRECTION('',(-1.,1.22464679914735E-16,0.));
#14277=DIRECTION('',(0.,0.,-1.));
#14278=DIRECTION('',(1.,-1.22464679914735E-16,9.25185853854297E-17));
#14279=DIRECTION('center_axis',(1.22464679914735E-16,1.,0.));
#14280=DIRECTION('ref_axis',(-1.,1.22464679914735E-16,0.));
#14281=DIRECTION('',(-1.22464679914735E-16,-1.,0.));
#14282=DIRECTION('center_axis',(1.22464679914735E-16,1.,0.));
#14283=DIRECTION('ref_axis',(-1.,1.22464679914735E-16,0.));
#14284=DIRECTION('',(-1.22464679914735E-16,-1.,0.));
#14285=DIRECTION('center_axis',(-1.22464679914735E-16,-1.,0.));
#14286=DIRECTION('ref_axis',(-1.,1.22464679914735E-16,0.));
#14287=DIRECTION('center_axis',(-1.22464679914735E-16,-1.,0.));
#14288=DIRECTION('ref_axis',(-1.,1.22464679914735E-16,0.));
#14289=DIRECTION('',(-0.573576436351046,0.819152044288992,7.02428546843654E-17));
#14290=DIRECTION('center_axis',(0.707269938522874,-8.66155866345183E-17,
-0.706943586194719));
#14291=DIRECTION('ref_axis',(-0.706943586194719,8.65756200011114E-17,-0.707269938522874));
#14292=DIRECTION('',(-0.706943586194719,8.65756200011114E-17,-0.707269938522874));
#14293=DIRECTION('',(-1.22464679914735E-16,-1.,0.));
#14294=DIRECTION('center_axis',(-1.22464679914735E-16,-1.,0.));
#14295=DIRECTION('ref_axis',(-1.,1.22464679914735E-16,0.));
#14296=DIRECTION('',(-0.706943586194719,8.65756200011114E-17,0.707269938522874));
#14297=DIRECTION('',(-1.,1.22464679914735E-16,0.));
#14298=DIRECTION('',(1.,-1.22464679914735E-16,9.25185853854297E-17));
#14299=DIRECTION('center_axis',(1.22464679914735E-16,1.,0.));
#14300=DIRECTION('ref_axis',(-1.,1.22464679914735E-16,0.));
#14301=DIRECTION('center_axis',(0.,0.,-1.));
#14302=DIRECTION('ref_axis',(-1.,1.22464679914735E-16,0.));
#14303=DIRECTION('',(1.22464679914735E-16,1.,0.));
#14304=DIRECTION('',(-1.,1.22464679914735E-16,0.));
#14305=DIRECTION('',(-1.22464679914735E-16,-1.,0.));
#14306=DIRECTION('center_axis',(-0.707269938522874,8.66155866345183E-17,
-0.706943586194719));
#14307=DIRECTION('ref_axis',(-0.706943586194719,8.65756200011114E-17,0.707269938522874));
#14308=DIRECTION('',(1.22464679914735E-16,1.,0.));
#14309=DIRECTION('',(-0.706943586194719,8.65756200011114E-17,0.707269938522874));
#14310=DIRECTION('center_axis',(1.,-1.22464679914735E-16,0.));
#14311=DIRECTION('ref_axis',(0.,0.,-1.));
#14312=DIRECTION('',(0.,0.,-1.));
#14313=DIRECTION('',(-1.22464679914735E-16,-1.,0.));
#14314=DIRECTION('center_axis',(-9.25185853854297E-17,1.13302589453908E-32,
1.));
#14315=DIRECTION('ref_axis',(1.,-1.22464679914735E-16,9.25185853854297E-17));
#14316=DIRECTION('',(1.,-1.22464679914735E-16,9.25185853854297E-17));
#14317=DIRECTION('',(1.22464679914735E-16,1.,0.));
#14318=DIRECTION('center_axis',(1.22464679914735E-16,1.,0.));
#14319=DIRECTION('ref_axis',(-1.,1.22464679914735E-16,0.));
#14320=DIRECTION('center_axis',(1.22464679914735E-16,1.,0.));
#14321=DIRECTION('ref_axis',(-1.,1.22464679914735E-16,0.));
#14322=DIRECTION('center_axis',(-1.22464679914735E-16,-1.,0.));
#14323=DIRECTION('ref_axis',(-1.,1.22464679914735E-16,0.));
#14324=DIRECTION('center_axis',(-1.,1.83697019872103E-16,0.));
#14325=DIRECTION('ref_axis',(-1.83697019872103E-16,-1.,0.));
#14326=DIRECTION('center_axis',(1.,-1.83697019872103E-16,0.));
#14327=DIRECTION('ref_axis',(-1.83697019872103E-16,-1.,0.));
#14328=DIRECTION('',(0.819152044288992,-0.573576436351046,7.02428546843654E-17));
#14329=DIRECTION('center_axis',(1.,-1.83697019872103E-16,0.));
#14330=DIRECTION('ref_axis',(-1.83697019872103E-16,-1.,0.));
#14331=DIRECTION('',(-1.29863430001667E-16,-0.706943586194719,0.707269938522874));
#14332=DIRECTION('center_axis',(-1.,1.83697019872103E-16,0.));
#14333=DIRECTION('ref_axis',(-1.83697019872103E-16,-1.,0.));
#14334=DIRECTION('',(1.83697019872103E-16,1.,9.25185853854297E-17));
#14335=DIRECTION('center_axis',(-1.,1.83697019872103E-16,0.));
#14336=DIRECTION('ref_axis',(-1.83697019872103E-16,-1.,0.));
#14337=DIRECTION('',(-1.29863430001667E-16,-0.706943586194719,-0.707269938522874));
#14338=DIRECTION('',(-1.83697019872103E-16,-1.,0.));
#14339=DIRECTION('center_axis',(1.29923379951777E-16,0.707269938522874,
0.706943586194719));
#14340=DIRECTION('ref_axis',(-1.29863430001667E-16,-0.706943586194719,0.707269938522874));
#14341=DIRECTION('',(1.,-1.83697019872103E-16,0.));
#14342=DIRECTION('',(-1.29863430001667E-16,-0.706943586194719,0.707269938522874));
#14343=DIRECTION('',(1.,-1.83697019872103E-16,0.));
#14344=DIRECTION('center_axis',(-1.,1.83697019872103E-16,0.));
#14345=DIRECTION('ref_axis',(-1.83697019872103E-16,-1.,0.));
#14346=DIRECTION('center_axis',(-1.,1.83697019872103E-16,0.));
#14347=DIRECTION('ref_axis',(-1.83697019872103E-16,-1.,0.));
#14348=DIRECTION('',(1.,-1.83697019872103E-16,0.));
#14349=DIRECTION('center_axis',(1.,-1.83697019872103E-16,0.));
#14350=DIRECTION('ref_axis',(-1.83697019872103E-16,-1.,0.));
#14351=DIRECTION('',(-1.83697019872103E-16,-1.,0.));
#14352=DIRECTION('',(0.,0.,-1.));
#14353=DIRECTION('',(1.83697019872103E-16,1.,9.25185853854297E-17));
#14354=DIRECTION('center_axis',(-1.,1.83697019872103E-16,0.));
#14355=DIRECTION('ref_axis',(-1.83697019872103E-16,-1.,0.));
#14356=DIRECTION('',(1.,-1.83697019872103E-16,0.));
#14357=DIRECTION('center_axis',(-1.,1.83697019872103E-16,0.));
#14358=DIRECTION('ref_axis',(-1.83697019872103E-16,-1.,0.));
#14359=DIRECTION('',(1.,-1.83697019872103E-16,0.));
#14360=DIRECTION('center_axis',(1.,-1.83697019872103E-16,0.));
#14361=DIRECTION('ref_axis',(-1.83697019872103E-16,-1.,0.));
#14362=DIRECTION('center_axis',(1.,-1.83697019872103E-16,0.));
#14363=DIRECTION('ref_axis',(-1.83697019872103E-16,-1.,0.));
#14364=DIRECTION('',(-0.819152044288992,-0.573576436351046,7.02428546843654E-17));
#14365=DIRECTION('center_axis',(1.29923379951777E-16,0.707269938522874,
-0.706943586194719));
#14366=DIRECTION('ref_axis',(-1.29863430001667E-16,-0.706943586194719,-0.707269938522874));
#14367=DIRECTION('',(-1.29863430001667E-16,-0.706943586194719,-0.707269938522874));
#14368=DIRECTION('',(1.,-1.83697019872103E-16,0.));
#14369=DIRECTION('center_axis',(1.,-1.83697019872103E-16,0.));
#14370=DIRECTION('ref_axis',(-1.83697019872103E-16,-1.,0.));
#14371=DIRECTION('',(-1.29863430001667E-16,-0.706943586194719,0.707269938522874));
#14372=DIRECTION('',(-1.83697019872103E-16,-1.,0.));
#14373=DIRECTION('',(1.83697019872103E-16,1.,9.25185853854297E-17));
#14374=DIRECTION('center_axis',(-1.,1.83697019872103E-16,0.));
#14375=DIRECTION('ref_axis',(-1.83697019872103E-16,-1.,0.));
#14376=DIRECTION('center_axis',(0.,0.,-1.));
#14377=DIRECTION('ref_axis',(-1.83697019872103E-16,-1.,0.));
#14378=DIRECTION('',(-1.,1.83697019872103E-16,0.));
#14379=DIRECTION('',(-1.83697019872103E-16,-1.,0.));
#14380=DIRECTION('',(1.,-1.83697019872103E-16,0.));
#14381=DIRECTION('center_axis',(-1.29923379951777E-16,-0.707269938522874,
-0.706943586194719));
#14382=DIRECTION('ref_axis',(-1.29863430001667E-16,-0.706943586194719,0.707269938522874));
#14383=DIRECTION('',(-1.,1.83697019872103E-16,0.));
#14384=DIRECTION('',(-1.29863430001667E-16,-0.706943586194719,0.707269938522874));
#14385=DIRECTION('center_axis',(1.83697019872103E-16,1.,0.));
#14386=DIRECTION('ref_axis',(0.,0.,-1.));
#14387=DIRECTION('',(0.,0.,-1.));
#14388=DIRECTION('',(1.,-1.83697019872103E-16,0.));
#14389=DIRECTION('center_axis',(-1.69953884180861E-32,-9.25185853854297E-17,
1.));
#14390=DIRECTION('ref_axis',(1.83697019872103E-16,1.,9.25185853854297E-17));
#14391=DIRECTION('',(1.83697019872103E-16,1.,9.25185853854297E-17));
#14392=DIRECTION('',(-1.,1.83697019872103E-16,0.));
#14393=DIRECTION('center_axis',(-1.,1.83697019872103E-16,0.));
#14394=DIRECTION('ref_axis',(-1.83697019872103E-16,-1.,0.));
#14395=DIRECTION('center_axis',(-1.,1.83697019872103E-16,0.));
#14396=DIRECTION('ref_axis',(-1.83697019872103E-16,-1.,0.));
#14397=DIRECTION('center_axis',(1.,-1.83697019872103E-16,0.));
#14398=DIRECTION('ref_axis',(-1.83697019872103E-16,-1.,0.));
#14399=DIRECTION('center_axis',(-1.,6.12323399573677E-17,0.));
#14400=DIRECTION('ref_axis',(-6.12323399573677E-17,-1.,0.));
#14401=DIRECTION('',(-0.819152044288992,0.573576436351046,-7.02428546843654E-17));
#14402=DIRECTION('center_axis',(1.,-6.12323399573677E-17,0.));
#14403=DIRECTION('ref_axis',(-6.12323399573677E-17,-1.,0.));
#14404=DIRECTION('center_axis',(-1.,6.12323399573677E-17,0.));
#14405=DIRECTION('ref_axis',(6.12323399573677E-17,1.,0.));
#14406=DIRECTION('center_axis',(-1.,6.12323399573677E-17,0.));
#14407=DIRECTION('ref_axis',(6.12323399573677E-17,1.,0.));
#14408=DIRECTION('',(-1.,6.12323399573677E-17,0.));
#14409=DIRECTION('center_axis',(-1.,6.12323399573677E-17,0.));
#14410=DIRECTION('ref_axis',(6.12323399573677E-17,1.,0.));
#14411=DIRECTION('',(1.,-6.12323399573677E-17,0.));
#14412=DIRECTION('center_axis',(-4.31843076246937E-17,-0.705253264120892,
0.708955452371182));
#14413=DIRECTION('ref_axis',(-4.34110012742216E-17,-0.708955452371182,-0.705253264120892));
#14414=DIRECTION('',(-4.34110012742216E-17,-0.708955452371182,-0.705253264120892));
#14415=DIRECTION('',(-4.34110012742216E-17,-0.708955452371182,-0.705253264120892));
#14416=DIRECTION('',(1.,-6.12323399573677E-17,0.));
#14417=DIRECTION('center_axis',(-1.,6.12323399573677E-17,0.));
#14418=DIRECTION('ref_axis',(6.12323399573677E-17,1.,0.));
#14419=DIRECTION('',(-6.12323399573677E-17,-1.,0.));
#14420=DIRECTION('center_axis',(1.,-6.12323399573677E-17,0.));
#14421=DIRECTION('ref_axis',(6.12323399573676E-17,1.,0.));
#14422=DIRECTION('',(4.34110012742249E-17,0.708955452371235,-0.705253264120838));
#14423=DIRECTION('',(-6.12323399573677E-17,-1.,0.));
#14424=DIRECTION('center_axis',(-1.,6.12323399573677E-17,0.));
#14425=DIRECTION('ref_axis',(6.12323399573677E-17,1.,0.));
#14426=DIRECTION('',(6.12323399573677E-17,1.,0.));
#14427=DIRECTION('',(0.,0.,1.));
#14428=DIRECTION('',(-6.12323399573677E-17,-1.,0.));
#14429=DIRECTION('center_axis',(1.,-6.12323399573677E-17,0.));
#14430=DIRECTION('ref_axis',(-6.12323399573677E-17,-1.,0.));
#14431=DIRECTION('',(0.819152044288992,0.573576436351046,-7.02428546843654E-17));
#14432=DIRECTION('center_axis',(1.,-6.12323399573677E-17,0.));
#14433=DIRECTION('ref_axis',(-6.12323399573677E-17,-1.,0.));
#14434=DIRECTION('center_axis',(-1.,6.12323399573677E-17,0.));
#14435=DIRECTION('ref_axis',(6.12323399573676E-17,1.,0.));
#14436=DIRECTION('',(-1.,6.12323399573677E-17,0.));
#14437=DIRECTION('',(1.,-6.12323399573677E-17,0.));
#14438=DIRECTION('center_axis',(1.,-6.12323399573677E-17,0.));
#14439=DIRECTION('ref_axis',(6.12323399573676E-17,1.,0.));
#14440=DIRECTION('center_axis',(4.31843076246904E-17,0.705253264120838,
0.708955452371236));
#14441=DIRECTION('ref_axis',(4.34110012742249E-17,0.708955452371235,-0.705253264120838));
#14442=DIRECTION('',(4.34110012742249E-17,0.708955452371235,-0.705253264120838));
#14443=DIRECTION('',(-1.,6.12323399573677E-17,0.));
#14444=DIRECTION('center_axis',(0.,0.,1.));
#14445=DIRECTION('ref_axis',(6.12323399573677E-17,1.,0.));
#14446=DIRECTION('',(-6.12323399573677E-17,-1.,0.));
#14447=DIRECTION('',(1.,-6.12323399573677E-17,0.));
#14448=DIRECTION('',(-6.12323399573677E-17,-1.,0.));
#14449=DIRECTION('',(-1.,6.12323399573677E-17,0.));
#14450=DIRECTION('center_axis',(-6.12323399573677E-17,-1.,0.));
#14451=DIRECTION('ref_axis',(0.,0.,1.));
#14452=DIRECTION('',(0.,0.,1.));
#14453=DIRECTION('',(-1.,6.12323399573677E-17,0.));
#14454=DIRECTION('center_axis',(-1.,6.12323399573677E-17,0.));
#14455=DIRECTION('ref_axis',(6.12323399573677E-17,1.,0.));
#14456=DIRECTION('center_axis',(-1.,6.12323399573677E-17,0.));
#14457=DIRECTION('ref_axis',(6.12323399573677E-17,1.,0.));
#14458=DIRECTION('',(-1.,6.12323399573677E-17,0.));
#14459=DIRECTION('center_axis',(-1.,6.12323399573677E-17,0.));
#14460=DIRECTION('ref_axis',(6.12323399573677E-17,1.,0.));
#14461=DIRECTION('center_axis',(0.,0.,-1.));
#14462=DIRECTION('ref_axis',(-6.12323399573677E-17,-1.,0.));
#14463=DIRECTION('',(6.12323399573677E-17,1.,0.));
#14464=DIRECTION('',(-6.12323399573677E-17,-1.,0.));
#14465=DIRECTION('',(-1.,6.12323399573677E-17,0.));
#14466=DIRECTION('center_axis',(4.31843076246937E-17,0.705253264120892,
-0.708955452371182));
#14467=DIRECTION('ref_axis',(-4.34110012742216E-17,-0.708955452371182,-0.705253264120892));
#14468=DIRECTION('',(-4.34110012742216E-17,-0.708955452371182,-0.705253264120892));
#14469=DIRECTION('',(-4.34110012742216E-17,-0.708955452371182,-0.705253264120892));
#14470=DIRECTION('center_axis',(-1.,6.12323399573677E-17,0.));
#14471=DIRECTION('ref_axis',(6.12323399573677E-17,1.,0.));
#14472=DIRECTION('center_axis',(-1.,6.12323399573677E-17,0.));
#14473=DIRECTION('ref_axis',(6.12323399573677E-17,1.,0.));
#14474=DIRECTION('center_axis',(-1.22464679914735E-16,-1.,0.));
#14475=DIRECTION('ref_axis',(1.,-1.22464679914735E-16,0.));
#14476=DIRECTION('',(-0.573576436351046,-0.819152044288992,-7.02428546843654E-17));
#14477=DIRECTION('center_axis',(1.22464679914735E-16,1.,0.));
#14478=DIRECTION('ref_axis',(1.,-1.22464679914735E-16,0.));
#14479=DIRECTION('center_axis',(-1.22464679914735E-16,-1.,0.));
#14480=DIRECTION('ref_axis',(-1.,1.22464679914735E-16,0.));
#14481=DIRECTION('center_axis',(-1.22464679914735E-16,-1.,0.));
#14482=DIRECTION('ref_axis',(-1.,1.22464679914735E-16,0.));
#14483=DIRECTION('',(-1.22464679914735E-16,-1.,0.));
#14484=DIRECTION('center_axis',(-1.22464679914735E-16,-1.,0.));
#14485=DIRECTION('ref_axis',(-1.,1.22464679914735E-16,0.));
#14486=DIRECTION('',(1.22464679914735E-16,1.,0.));
#14487=DIRECTION('center_axis',(0.705253264120892,-8.63686152493873E-17,
0.708955452371182));
#14488=DIRECTION('ref_axis',(0.708955452371182,-8.68220025484432E-17,-0.705253264120892));
#14489=DIRECTION('',(0.708955452371182,-8.68220025484432E-17,-0.705253264120892));
#14490=DIRECTION('',(0.708955452371182,-8.68220025484432E-17,-0.705253264120892));
#14491=DIRECTION('',(1.22464679914735E-16,1.,0.));
#14492=DIRECTION('center_axis',(-1.22464679914735E-16,-1.,0.));
#14493=DIRECTION('ref_axis',(-1.,1.22464679914735E-16,0.));
#14494=DIRECTION('',(1.,-1.22464679914735E-16,0.));
#14495=DIRECTION('center_axis',(1.22464679914735E-16,1.,0.));
#14496=DIRECTION('ref_axis',(-1.,1.22464679914735E-16,0.));
#14497=DIRECTION('',(-0.708955452371235,8.68220025484497E-17,-0.705253264120838));
#14498=DIRECTION('',(1.,-1.22464679914735E-16,0.));
#14499=DIRECTION('center_axis',(-1.22464679914735E-16,-1.,0.));
#14500=DIRECTION('ref_axis',(-1.,1.22464679914735E-16,0.));
#14501=DIRECTION('',(-1.,1.22464679914735E-16,0.));
#14502=DIRECTION('',(0.,0.,1.));
#14503=DIRECTION('',(1.,-1.22464679914735E-16,0.));
#14504=DIRECTION('center_axis',(1.22464679914735E-16,1.,0.));
#14505=DIRECTION('ref_axis',(1.,-1.22464679914735E-16,0.));
#14506=DIRECTION('',(-0.573576436351046,0.819152044288992,-7.02428546843654E-17));
#14507=DIRECTION('center_axis',(1.22464679914735E-16,1.,0.));
#14508=DIRECTION('ref_axis',(1.,-1.22464679914735E-16,0.));
#14509=DIRECTION('center_axis',(-1.22464679914735E-16,-1.,0.));
#14510=DIRECTION('ref_axis',(-1.,1.22464679914735E-16,0.));
#14511=DIRECTION('',(-1.22464679914735E-16,-1.,0.));
#14512=DIRECTION('',(1.22464679914735E-16,1.,0.));
#14513=DIRECTION('center_axis',(1.22464679914735E-16,1.,0.));
#14514=DIRECTION('ref_axis',(-1.,1.22464679914735E-16,0.));
#14515=DIRECTION('center_axis',(-0.705253264120838,8.63686152493808E-17,
0.708955452371236));
#14516=DIRECTION('ref_axis',(-0.708955452371235,8.68220025484497E-17,-0.705253264120838));
#14517=DIRECTION('',(-0.708955452371235,8.68220025484497E-17,-0.705253264120838));
#14518=DIRECTION('',(-1.22464679914735E-16,-1.,0.));
#14519=DIRECTION('center_axis',(0.,0.,1.));
#14520=DIRECTION('ref_axis',(-1.,1.22464679914735E-16,0.));
#14521=DIRECTION('',(1.,-1.22464679914735E-16,0.));
#14522=DIRECTION('',(1.22464679914735E-16,1.,0.));
#14523=DIRECTION('',(1.,-1.22464679914735E-16,0.));
#14524=DIRECTION('',(-1.22464679914735E-16,-1.,0.));
#14525=DIRECTION('center_axis',(1.,-1.22464679914735E-16,0.));
#14526=DIRECTION('ref_axis',(0.,0.,1.));
#14527=DIRECTION('',(0.,0.,1.));
#14528=DIRECTION('',(-1.22464679914735E-16,-1.,0.));
#14529=DIRECTION('center_axis',(-1.22464679914735E-16,-1.,0.));
#14530=DIRECTION('ref_axis',(-1.,1.22464679914735E-16,0.));
#14531=DIRECTION('center_axis',(-1.22464679914735E-16,-1.,0.));
#14532=DIRECTION('ref_axis',(-1.,1.22464679914735E-16,0.));
#14533=DIRECTION('',(-1.22464679914735E-16,-1.,0.));
#14534=DIRECTION('center_axis',(-1.22464679914735E-16,-1.,0.));
#14535=DIRECTION('ref_axis',(-1.,1.22464679914735E-16,0.));
#14536=DIRECTION('center_axis',(0.,0.,-1.));
#14537=DIRECTION('ref_axis',(1.,-1.22464679914735E-16,0.));
#14538=DIRECTION('',(-1.,1.22464679914735E-16,0.));
#14539=DIRECTION('',(1.,-1.22464679914735E-16,0.));
#14540=DIRECTION('',(-1.22464679914735E-16,-1.,0.));
#14541=DIRECTION('center_axis',(-0.705253264120892,8.63686152493873E-17,
-0.708955452371182));
#14542=DIRECTION('ref_axis',(0.708955452371182,-8.68220025484432E-17,-0.705253264120892));
#14543=DIRECTION('',(0.708955452371182,-8.68220025484432E-17,-0.705253264120892));
#14544=DIRECTION('',(0.708955452371182,-8.68220025484432E-17,-0.705253264120892));
#14545=DIRECTION('center_axis',(-1.22464679914735E-16,-1.,0.));
#14546=DIRECTION('ref_axis',(-1.,1.22464679914735E-16,0.));
#14547=DIRECTION('center_axis',(-1.22464679914735E-16,-1.,0.));
#14548=DIRECTION('ref_axis',(-1.,1.22464679914735E-16,0.));
#14549=DIRECTION('center_axis',(1.,-1.83697019872103E-16,0.));
#14550=DIRECTION('ref_axis',(1.83697019872103E-16,1.,0.));
#14551=DIRECTION('',(0.819152044288992,-0.573576436351046,-7.02428546843654E-17));
#14552=DIRECTION('center_axis',(-1.,1.83697019872103E-16,0.));
#14553=DIRECTION('ref_axis',(1.83697019872103E-16,1.,0.));
#14554=DIRECTION('center_axis',(1.,-1.83697019872103E-16,0.));
#14555=DIRECTION('ref_axis',(-1.83697019872103E-16,-1.,0.));
#14556=DIRECTION('center_axis',(1.,-1.83697019872103E-16,0.));
#14557=DIRECTION('ref_axis',(-1.83697019872103E-16,-1.,0.));
#14558=DIRECTION('',(1.,-1.83697019872103E-16,0.));
#14559=DIRECTION('center_axis',(1.,-1.83697019872103E-16,0.));
#14560=DIRECTION('ref_axis',(-1.83697019872103E-16,-1.,0.));
#14561=DIRECTION('',(-1.,1.83697019872103E-16,0.));
#14562=DIRECTION('center_axis',(1.29552922874081E-16,0.705253264120892,
0.708955452371182));
#14563=DIRECTION('ref_axis',(1.30233003822665E-16,0.708955452371182,-0.705253264120892));
#14564=DIRECTION('',(1.30233003822665E-16,0.708955452371182,-0.705253264120892));
#14565=DIRECTION('',(1.30233003822665E-16,0.708955452371182,-0.705253264120892));
#14566=DIRECTION('',(-1.,1.83697019872103E-16,0.));
#14567=DIRECTION('center_axis',(1.,-1.83697019872103E-16,0.));
#14568=DIRECTION('ref_axis',(-1.83697019872103E-16,-1.,0.));
#14569=DIRECTION('',(1.83697019872103E-16,1.,0.));
#14570=DIRECTION('center_axis',(-1.,1.83697019872103E-16,0.));
#14571=DIRECTION('ref_axis',(-1.83697019872103E-16,-1.,0.));
#14572=DIRECTION('',(-1.30233003822675E-16,-0.708955452371235,-0.705253264120838));
#14573=DIRECTION('',(1.83697019872103E-16,1.,0.));
#14574=DIRECTION('center_axis',(1.,-1.83697019872103E-16,0.));
#14575=DIRECTION('ref_axis',(-1.83697019872103E-16,-1.,0.));
#14576=DIRECTION('',(-1.83697019872103E-16,-1.,0.));
#14577=DIRECTION('',(0.,0.,1.));
#14578=DIRECTION('',(1.83697019872103E-16,1.,0.));
#14579=DIRECTION('center_axis',(-1.,1.83697019872103E-16,0.));
#14580=DIRECTION('ref_axis',(1.83697019872103E-16,1.,0.));
#14581=DIRECTION('',(-0.819152044288992,-0.573576436351046,-7.02428546843654E-17));
#14582=DIRECTION('center_axis',(-1.,1.83697019872103E-16,0.));
#14583=DIRECTION('ref_axis',(1.83697019872103E-16,1.,0.));
#14584=DIRECTION('center_axis',(1.,-1.83697019872103E-16,0.));
#14585=DIRECTION('ref_axis',(-1.83697019872103E-16,-1.,0.));
#14586=DIRECTION('',(1.,-1.83697019872103E-16,0.));
#14587=DIRECTION('',(-1.,1.83697019872103E-16,0.));
#14588=DIRECTION('center_axis',(-1.,1.83697019872103E-16,0.));
#14589=DIRECTION('ref_axis',(-1.83697019872103E-16,-1.,0.));
#14590=DIRECTION('center_axis',(-1.29552922874071E-16,-0.705253264120838,
0.708955452371236));
#14591=DIRECTION('ref_axis',(-1.30233003822675E-16,-0.708955452371235,-0.705253264120838));
#14592=DIRECTION('',(-1.30233003822675E-16,-0.708955452371235,-0.705253264120838));
#14593=DIRECTION('',(1.,-1.83697019872103E-16,0.));
#14594=DIRECTION('center_axis',(0.,0.,1.));
#14595=DIRECTION('ref_axis',(-1.83697019872103E-16,-1.,0.));
#14596=DIRECTION('',(1.83697019872103E-16,1.,0.));
#14597=DIRECTION('',(-1.,1.83697019872103E-16,0.));
#14598=DIRECTION('',(1.83697019872103E-16,1.,0.));
#14599=DIRECTION('',(1.,-1.83697019872103E-16,0.));
#14600=DIRECTION('center_axis',(1.83697019872103E-16,1.,0.));
#14601=DIRECTION('ref_axis',(0.,0.,1.));
#14602=DIRECTION('',(0.,0.,1.));
#14603=DIRECTION('',(1.,-1.83697019872103E-16,0.));
#14604=DIRECTION('center_axis',(1.,-1.83697019872103E-16,0.));
#14605=DIRECTION('ref_axis',(-1.83697019872103E-16,-1.,0.));
#14606=DIRECTION('center_axis',(1.,-1.83697019872103E-16,0.));
#14607=DIRECTION('ref_axis',(-1.83697019872103E-16,-1.,0.));
#14608=DIRECTION('',(1.,-1.83697019872103E-16,0.));
#14609=DIRECTION('center_axis',(1.,-1.83697019872103E-16,0.));
#14610=DIRECTION('ref_axis',(-1.83697019872103E-16,-1.,0.));
#14611=DIRECTION('center_axis',(0.,0.,-1.));
#14612=DIRECTION('ref_axis',(1.83697019872103E-16,1.,0.));
#14613=DIRECTION('',(-1.83697019872103E-16,-1.,0.));
#14614=DIRECTION('',(1.83697019872103E-16,1.,0.));
#14615=DIRECTION('',(1.,-1.83697019872103E-16,0.));
#14616=DIRECTION('center_axis',(-1.29552922874081E-16,-0.705253264120892,
-0.708955452371182));
#14617=DIRECTION('ref_axis',(1.30233003822665E-16,0.708955452371182,-0.705253264120892));
#14618=DIRECTION('',(1.30233003822665E-16,0.708955452371182,-0.705253264120892));
#14619=DIRECTION('',(1.30233003822665E-16,0.708955452371182,-0.705253264120892));
#14620=DIRECTION('center_axis',(1.,-1.83697019872103E-16,0.));
#14621=DIRECTION('ref_axis',(-1.83697019872103E-16,-1.,0.));
#14622=DIRECTION('center_axis',(1.,-1.83697019872103E-16,0.));
#14623=DIRECTION('ref_axis',(-1.83697019872103E-16,-1.,0.));
#14624=DIRECTION('center_axis',(1.,-6.12323399573677E-17,0.));
#14625=DIRECTION('ref_axis',(-6.12323399573677E-17,-1.,0.));
#14626=DIRECTION('center_axis',(1.,-6.12323399573677E-17,0.));
#14627=DIRECTION('ref_axis',(-6.12323399573677E-17,-1.,0.));
#14628=DIRECTION('',(-0.819152044288992,-0.573576436351046,7.02428546843654E-17));
#14629=DIRECTION('center_axis',(1.,-6.12323399573677E-17,0.));
#14630=DIRECTION('ref_axis',(-6.12323399573677E-17,-1.,0.));
#14631=DIRECTION('',(-4.32878100005557E-17,-0.706943586194719,0.707269938522874));
#14632=DIRECTION('',(-6.12323399573677E-17,-1.,0.));
#14633=DIRECTION('',(-4.32878100005557E-17,-0.706943586194719,-0.707269938522874));
#14634=DIRECTION('center_axis',(-1.,6.12323399573677E-17,0.));
#14635=DIRECTION('ref_axis',(-6.12323399573677E-17,-1.,0.));
#14636=DIRECTION('',(6.12323399573677E-17,1.,9.25185853854297E-17));
#14637=DIRECTION('center_axis',(-1.,6.12323399573677E-17,0.));
#14638=DIRECTION('ref_axis',(-6.12323399573677E-17,-1.,0.));
#14639=DIRECTION('center_axis',(-4.33077933172592E-17,-0.707269938522874,
-0.706943586194719));
#14640=DIRECTION('ref_axis',(-4.32878100005557E-17,-0.706943586194719,0.707269938522874));
#14641=DIRECTION('',(-1.,6.12323399573677E-17,0.));
#14642=DIRECTION('',(-4.32878100005557E-17,-0.706943586194719,0.707269938522874));
#14643=DIRECTION('',(-1.,6.12323399573677E-17,0.));
#14644=DIRECTION('center_axis',(-1.,6.12323399573677E-17,0.));
#14645=DIRECTION('ref_axis',(-6.12323399573677E-17,-1.,0.));
#14646=DIRECTION('',(-1.,6.12323399573677E-17,0.));
#14647=DIRECTION('center_axis',(-1.,6.12323399573677E-17,0.));
#14648=DIRECTION('ref_axis',(-6.12323399573677E-17,-1.,0.));
#14649=DIRECTION('center_axis',(1.,-6.12323399573677E-17,0.));
#14650=DIRECTION('ref_axis',(-6.12323399573677E-17,-1.,0.));
#14651=DIRECTION('',(6.12323399573677E-17,1.,9.25185853854297E-17));
#14652=DIRECTION('',(0.,0.,-1.));
#14653=DIRECTION('',(-6.12323399573677E-17,-1.,0.));
#14654=DIRECTION('center_axis',(-1.,6.12323399573677E-17,0.));
#14655=DIRECTION('ref_axis',(-6.12323399573677E-17,-1.,0.));
#14656=DIRECTION('',(-1.,6.12323399573677E-17,0.));
#14657=DIRECTION('',(-1.,6.12323399573677E-17,0.));
#14658=DIRECTION('center_axis',(-1.,6.12323399573677E-17,0.));
#14659=DIRECTION('ref_axis',(-6.12323399573677E-17,-1.,0.));
#14660=DIRECTION('center_axis',(-1.,6.12323399573677E-17,0.));
#14661=DIRECTION('ref_axis',(-6.12323399573677E-17,-1.,0.));
#14662=DIRECTION('center_axis',(1.,-6.12323399573677E-17,0.));
#14663=DIRECTION('ref_axis',(-6.12323399573677E-17,-1.,0.));
#14664=DIRECTION('',(0.819152044288992,-0.573576436351046,7.02428546843654E-17));
#14665=DIRECTION('center_axis',(-4.33077933172592E-17,-0.707269938522874,
0.706943586194719));
#14666=DIRECTION('ref_axis',(-4.32878100005557E-17,-0.706943586194719,-0.707269938522874));
#14667=DIRECTION('',(-1.,6.12323399573677E-17,0.));
#14668=DIRECTION('',(-4.32878100005557E-17,-0.706943586194719,-0.707269938522874));
#14669=DIRECTION('center_axis',(1.,-6.12323399573677E-17,0.));
#14670=DIRECTION('ref_axis',(-6.12323399573677E-17,-1.,0.));
#14671=DIRECTION('',(-4.32878100005557E-17,-0.706943586194719,0.707269938522874));
#14672=DIRECTION('center_axis',(-1.,6.12323399573677E-17,0.));
#14673=DIRECTION('ref_axis',(-6.12323399573677E-17,-1.,0.));
#14674=DIRECTION('',(6.12323399573677E-17,1.,9.25185853854297E-17));
#14675=DIRECTION('',(-6.12323399573677E-17,-1.,0.));
#14676=DIRECTION('center_axis',(0.,0.,1.));
#14677=DIRECTION('ref_axis',(-6.12323399573677E-17,-1.,0.));
#14678=DIRECTION('',(-1.,6.12323399573677E-17,0.));
#14679=DIRECTION('',(-6.12323399573677E-17,-1.,0.));
#14680=DIRECTION('',(1.,-6.12323399573677E-17,0.));
#14681=DIRECTION('center_axis',(4.33077933172592E-17,0.707269938522874,
0.706943586194719));
#14682=DIRECTION('ref_axis',(-4.32878100005557E-17,-0.706943586194719,0.707269938522874));
#14683=DIRECTION('',(-4.32878100005557E-17,-0.706943586194719,0.707269938522874));
#14684=DIRECTION('',(1.,-6.12323399573677E-17,0.));
#14685=DIRECTION('center_axis',(-6.12323399573677E-17,-1.,0.));
#14686=DIRECTION('ref_axis',(0.,0.,-1.));
#14687=DIRECTION('',(-1.,6.12323399573677E-17,0.));
#14688=DIRECTION('',(0.,0.,-1.));
#14689=DIRECTION('center_axis',(5.66512947269538E-33,9.25185853854297E-17,
-1.));
#14690=DIRECTION('ref_axis',(6.12323399573677E-17,1.,9.25185853854297E-17));
#14691=DIRECTION('',(1.,-6.12323399573677E-17,0.));
#14692=DIRECTION('',(6.12323399573677E-17,1.,9.25185853854297E-17));
#14693=DIRECTION('center_axis',(-1.,6.12323399573677E-17,0.));
#14694=DIRECTION('ref_axis',(-6.12323399573677E-17,-1.,0.));
#14695=DIRECTION('center_axis',(-1.,6.12323399573677E-17,0.));
#14696=DIRECTION('ref_axis',(-6.12323399573677E-17,-1.,0.));
#14697=DIRECTION('center_axis',(1.,-6.12323399573677E-17,0.));
#14698=DIRECTION('ref_axis',(-6.12323399573677E-17,-1.,0.));
#14699=DIRECTION('center_axis',(1.22464679914735E-16,1.,0.));
#14700=DIRECTION('ref_axis',(1.,-1.22464679914735E-16,0.));
#14701=DIRECTION('center_axis',(1.22464679914735E-16,1.,0.));
#14702=DIRECTION('ref_axis',(1.,-1.22464679914735E-16,0.));
#14703=DIRECTION('',(0.573576436351046,-0.819152044288992,7.02428546843654E-17));
#14704=DIRECTION('center_axis',(1.22464679914735E-16,1.,0.));
#14705=DIRECTION('ref_axis',(1.,-1.22464679914735E-16,0.));
#14706=DIRECTION('',(0.706943586194719,-8.65756200011114E-17,0.707269938522874));
#14707=DIRECTION('',(1.,-1.22464679914735E-16,0.));
#14708=DIRECTION('',(0.706943586194719,-8.65756200011114E-17,-0.707269938522874));
#14709=DIRECTION('center_axis',(-1.22464679914735E-16,-1.,0.));
#14710=DIRECTION('ref_axis',(1.,-1.22464679914735E-16,0.));
#14711=DIRECTION('',(-1.,1.22464679914735E-16,9.25185853854297E-17));
#14712=DIRECTION('center_axis',(-1.22464679914735E-16,-1.,0.));
#14713=DIRECTION('ref_axis',(1.,-1.22464679914735E-16,0.));
#14714=DIRECTION('center_axis',(0.707269938522874,-8.66155866345183E-17,
-0.706943586194719));
#14715=DIRECTION('ref_axis',(0.706943586194719,-8.65756200011114E-17,0.707269938522874));
#14716=DIRECTION('',(-1.22464679914735E-16,-1.,0.));
#14717=DIRECTION('',(0.706943586194719,-8.65756200011114E-17,0.707269938522874));
#14718=DIRECTION('',(-1.22464679914735E-16,-1.,0.));
#14719=DIRECTION('center_axis',(-1.22464679914735E-16,-1.,0.));
#14720=DIRECTION('ref_axis',(1.,-1.22464679914735E-16,0.));
#14721=DIRECTION('',(-1.22464679914735E-16,-1.,0.));
#14722=DIRECTION('center_axis',(-1.22464679914735E-16,-1.,0.));
#14723=DIRECTION('ref_axis',(1.,-1.22464679914735E-16,0.));
#14724=DIRECTION('center_axis',(1.22464679914735E-16,1.,0.));
#14725=DIRECTION('ref_axis',(1.,-1.22464679914735E-16,0.));
#14726=DIRECTION('',(-1.,1.22464679914735E-16,9.25185853854297E-17));
#14727=DIRECTION('',(0.,0.,-1.));
#14728=DIRECTION('',(1.,-1.22464679914735E-16,0.));
#14729=DIRECTION('center_axis',(-1.22464679914735E-16,-1.,0.));
#14730=DIRECTION('ref_axis',(1.,-1.22464679914735E-16,0.));
#14731=DIRECTION('',(-1.22464679914735E-16,-1.,0.));
#14732=DIRECTION('',(-1.22464679914735E-16,-1.,0.));
#14733=DIRECTION('center_axis',(-1.22464679914735E-16,-1.,0.));
#14734=DIRECTION('ref_axis',(1.,-1.22464679914735E-16,0.));
#14735=DIRECTION('center_axis',(-1.22464679914735E-16,-1.,0.));
#14736=DIRECTION('ref_axis',(1.,-1.22464679914735E-16,0.));
#14737=DIRECTION('center_axis',(1.22464679914735E-16,1.,0.));
#14738=DIRECTION('ref_axis',(1.,-1.22464679914735E-16,0.));
#14739=DIRECTION('',(0.573576436351046,0.819152044288992,7.02428546843654E-17));
#14740=DIRECTION('center_axis',(0.707269938522874,-8.66155866345183E-17,
0.706943586194719));
#14741=DIRECTION('ref_axis',(0.706943586194719,-8.65756200011114E-17,-0.707269938522874));
#14742=DIRECTION('',(-1.22464679914735E-16,-1.,0.));
#14743=DIRECTION('',(0.706943586194719,-8.65756200011114E-17,-0.707269938522874));
#14744=DIRECTION('center_axis',(1.22464679914735E-16,1.,0.));
#14745=DIRECTION('ref_axis',(1.,-1.22464679914735E-16,0.));
#14746=DIRECTION('',(0.706943586194719,-8.65756200011114E-17,0.707269938522874));
#14747=DIRECTION('center_axis',(-1.22464679914735E-16,-1.,0.));
#14748=DIRECTION('ref_axis',(1.,-1.22464679914735E-16,0.));
#14749=DIRECTION('',(-1.,1.22464679914735E-16,9.25185853854297E-17));
#14750=DIRECTION('',(1.,-1.22464679914735E-16,0.));
#14751=DIRECTION('center_axis',(0.,0.,1.));
#14752=DIRECTION('ref_axis',(1.,-1.22464679914735E-16,0.));
#14753=DIRECTION('',(-1.22464679914735E-16,-1.,0.));
#14754=DIRECTION('',(1.,-1.22464679914735E-16,0.));
#14755=DIRECTION('',(1.22464679914735E-16,1.,0.));
#14756=DIRECTION('center_axis',(-0.707269938522874,8.66155866345183E-17,
0.706943586194719));
#14757=DIRECTION('ref_axis',(0.706943586194719,-8.65756200011114E-17,0.707269938522874));
#14758=DIRECTION('',(0.706943586194719,-8.65756200011114E-17,0.707269938522874));
#14759=DIRECTION('',(1.22464679914735E-16,1.,0.));
#14760=DIRECTION('center_axis',(1.,-1.22464679914735E-16,0.));
#14761=DIRECTION('ref_axis',(0.,0.,-1.));
#14762=DIRECTION('',(-1.22464679914735E-16,-1.,0.));
#14763=DIRECTION('',(0.,0.,-1.));
#14764=DIRECTION('center_axis',(-9.25185853854297E-17,1.13302589453908E-32,
-1.));
#14765=DIRECTION('ref_axis',(-1.,1.22464679914735E-16,9.25185853854297E-17));
#14766=DIRECTION('',(1.22464679914735E-16,1.,0.));
#14767=DIRECTION('',(-1.,1.22464679914735E-16,9.25185853854297E-17));
#14768=DIRECTION('center_axis',(-1.22464679914735E-16,-1.,0.));
#14769=DIRECTION('ref_axis',(1.,-1.22464679914735E-16,0.));
#14770=DIRECTION('center_axis',(-1.22464679914735E-16,-1.,0.));
#14771=DIRECTION('ref_axis',(1.,-1.22464679914735E-16,0.));
#14772=DIRECTION('center_axis',(1.22464679914735E-16,1.,0.));
#14773=DIRECTION('ref_axis',(1.,-1.22464679914735E-16,0.));
#14774=DIRECTION('center_axis',(-1.,1.83697019872103E-16,0.));
#14775=DIRECTION('ref_axis',(1.83697019872103E-16,1.,0.));
#14776=DIRECTION('center_axis',(-1.,1.83697019872103E-16,0.));
#14777=DIRECTION('ref_axis',(1.83697019872103E-16,1.,0.));
#14778=DIRECTION('',(0.819152044288992,0.573576436351046,7.02428546843654E-17));
#14779=DIRECTION('center_axis',(-1.,1.83697019872103E-16,0.));
#14780=DIRECTION('ref_axis',(1.83697019872103E-16,1.,0.));
#14781=DIRECTION('',(1.29863430001667E-16,0.706943586194719,0.707269938522874));
#14782=DIRECTION('',(1.83697019872103E-16,1.,0.));
#14783=DIRECTION('',(1.29863430001667E-16,0.706943586194719,-0.707269938522874));
#14784=DIRECTION('center_axis',(1.,-1.83697019872103E-16,0.));
#14785=DIRECTION('ref_axis',(1.83697019872103E-16,1.,0.));
#14786=DIRECTION('',(-1.83697019872103E-16,-1.,9.25185853854297E-17));
#14787=DIRECTION('center_axis',(1.,-1.83697019872103E-16,0.));
#14788=DIRECTION('ref_axis',(1.83697019872103E-16,1.,0.));
#14789=DIRECTION('center_axis',(1.29923379951777E-16,0.707269938522874,
-0.706943586194719));
#14790=DIRECTION('ref_axis',(1.29863430001667E-16,0.706943586194719,0.707269938522874));
#14791=DIRECTION('',(1.,-1.83697019872103E-16,0.));
#14792=DIRECTION('',(1.29863430001667E-16,0.706943586194719,0.707269938522874));
#14793=DIRECTION('',(1.,-1.83697019872103E-16,0.));
#14794=DIRECTION('center_axis',(1.,-1.83697019872103E-16,0.));
#14795=DIRECTION('ref_axis',(1.83697019872103E-16,1.,0.));
#14796=DIRECTION('',(1.,-1.83697019872103E-16,0.));
#14797=DIRECTION('center_axis',(1.,-1.83697019872103E-16,0.));
#14798=DIRECTION('ref_axis',(1.83697019872103E-16,1.,0.));
#14799=DIRECTION('center_axis',(-1.,1.83697019872103E-16,0.));
#14800=DIRECTION('ref_axis',(1.83697019872103E-16,1.,0.));
#14801=DIRECTION('',(-1.83697019872103E-16,-1.,9.25185853854297E-17));
#14802=DIRECTION('',(0.,0.,-1.));
#14803=DIRECTION('',(1.83697019872103E-16,1.,0.));
#14804=DIRECTION('center_axis',(1.,-1.83697019872103E-16,0.));
#14805=DIRECTION('ref_axis',(1.83697019872103E-16,1.,0.));
#14806=DIRECTION('',(1.,-1.83697019872103E-16,0.));
#14807=DIRECTION('',(1.,-1.83697019872103E-16,0.));
#14808=DIRECTION('center_axis',(1.,-1.83697019872103E-16,0.));
#14809=DIRECTION('ref_axis',(1.83697019872103E-16,1.,0.));
#14810=DIRECTION('center_axis',(1.,-1.83697019872103E-16,0.));
#14811=DIRECTION('ref_axis',(1.83697019872103E-16,1.,0.));
#14812=DIRECTION('center_axis',(-1.,1.83697019872103E-16,0.));
#14813=DIRECTION('ref_axis',(1.83697019872103E-16,1.,0.));
#14814=DIRECTION('',(-0.819152044288992,0.573576436351046,7.02428546843654E-17));
#14815=DIRECTION('center_axis',(1.29923379951777E-16,0.707269938522874,
0.706943586194719));
#14816=DIRECTION('ref_axis',(1.29863430001667E-16,0.706943586194719,-0.707269938522874));
#14817=DIRECTION('',(1.,-1.83697019872103E-16,0.));
#14818=DIRECTION('',(1.29863430001667E-16,0.706943586194719,-0.707269938522874));
#14819=DIRECTION('center_axis',(-1.,1.83697019872103E-16,0.));
#14820=DIRECTION('ref_axis',(1.83697019872103E-16,1.,0.));
#14821=DIRECTION('',(1.29863430001667E-16,0.706943586194719,0.707269938522874));
#14822=DIRECTION('center_axis',(1.,-1.83697019872103E-16,0.));
#14823=DIRECTION('ref_axis',(1.83697019872103E-16,1.,0.));
#14824=DIRECTION('',(-1.83697019872103E-16,-1.,9.25185853854297E-17));
#14825=DIRECTION('',(1.83697019872103E-16,1.,0.));
#14826=DIRECTION('center_axis',(0.,0.,1.));
#14827=DIRECTION('ref_axis',(1.83697019872103E-16,1.,0.));
#14828=DIRECTION('',(1.,-1.83697019872103E-16,0.));
#14829=DIRECTION('',(1.83697019872103E-16,1.,0.));
#14830=DIRECTION('',(-1.,1.83697019872103E-16,0.));
#14831=DIRECTION('center_axis',(-1.29923379951777E-16,-0.707269938522874,
0.706943586194719));
#14832=DIRECTION('ref_axis',(1.29863430001667E-16,0.706943586194719,0.707269938522874));
#14833=DIRECTION('',(1.29863430001667E-16,0.706943586194719,0.707269938522874));
#14834=DIRECTION('',(-1.,1.83697019872103E-16,0.));
#14835=DIRECTION('center_axis',(1.83697019872103E-16,1.,0.));
#14836=DIRECTION('ref_axis',(0.,0.,-1.));
#14837=DIRECTION('',(1.,-1.83697019872103E-16,0.));
#14838=DIRECTION('',(0.,0.,-1.));
#14839=DIRECTION('center_axis',(-1.69953884180861E-32,-9.25185853854297E-17,
-1.));
#14840=DIRECTION('ref_axis',(-1.83697019872103E-16,-1.,9.25185853854297E-17));
#14841=DIRECTION('',(-1.,1.83697019872103E-16,0.));
#14842=DIRECTION('',(-1.83697019872103E-16,-1.,9.25185853854297E-17));
#14843=DIRECTION('center_axis',(1.,-1.83697019872103E-16,0.));
#14844=DIRECTION('ref_axis',(1.83697019872103E-16,1.,0.));
#14845=DIRECTION('center_axis',(1.,-1.83697019872103E-16,0.));
#14846=DIRECTION('ref_axis',(1.83697019872103E-16,1.,0.));
#14847=DIRECTION('center_axis',(-1.,1.83697019872103E-16,0.));
#14848=DIRECTION('ref_axis',(1.83697019872103E-16,1.,0.));
#14849=DIRECTION('center_axis',(1.,-6.12323399573677E-17,0.));
#14850=DIRECTION('ref_axis',(-6.12323399573677E-17,-1.,0.));
#14851=DIRECTION('',(0.819152044288992,0.573576436351046,-7.02428546843654E-17));
#14852=DIRECTION('center_axis',(-1.,6.12323399573677E-17,0.));
#14853=DIRECTION('ref_axis',(-6.12323399573677E-17,-1.,0.));
#14854=DIRECTION('center_axis',(1.,-6.12323399573677E-17,0.));
#14855=DIRECTION('ref_axis',(-6.12323399573677E-17,-1.,0.));
#14856=DIRECTION('center_axis',(1.,-6.12323399573677E-17,0.));
#14857=DIRECTION('ref_axis',(-6.12323399573677E-17,-1.,0.));
#14858=DIRECTION('',(4.32878100005557E-17,0.706943586194719,0.707269938522874));
#14859=DIRECTION('',(6.12323399573677E-17,1.,0.));
#14860=DIRECTION('',(0.,0.,-1.));
#14861=DIRECTION('',(-6.12323399573677E-17,-1.,-9.25185853854297E-17));
#14862=DIRECTION('center_axis',(-1.,6.12323399573677E-17,0.));
#14863=DIRECTION('ref_axis',(-6.12323399573677E-17,-1.,0.));
#14864=DIRECTION('',(-0.819152044288992,0.573576436351046,-7.02428546843654E-17));
#14865=DIRECTION('center_axis',(-1.,6.12323399573677E-17,0.));
#14866=DIRECTION('ref_axis',(-6.12323399573677E-17,-1.,0.));
#14867=DIRECTION('center_axis',(6.12323399573677E-17,1.,0.));
#14868=DIRECTION('ref_axis',(0.,0.,1.));
#14869=DIRECTION('',(1.,-6.12323399573677E-17,0.));
#14870=DIRECTION('',(-1.,6.12323399573677E-17,0.));
#14871=DIRECTION('',(0.,0.,1.));
#14872=DIRECTION('center_axis',(5.66512947269538E-33,9.25185853854297E-17,
-1.));
#14873=DIRECTION('ref_axis',(6.12323399573677E-17,1.,9.25185853854297E-17));
#14874=DIRECTION('',(-1.,6.12323399573677E-17,0.));
#14875=DIRECTION('',(-6.12323399573677E-17,-1.,-9.25185853854297E-17));
#14876=DIRECTION('center_axis',(-1.,6.12323399573677E-17,0.));
#14877=DIRECTION('ref_axis',(2.34260745052241E-17,0.382576829850602,0.923923681513502));
#14878=DIRECTION('center_axis',(1.,-6.12323399573677E-17,0.));
#14879=DIRECTION('ref_axis',(-6.12323399573677E-17,-1.,0.));
#14880=DIRECTION('',(1.,-6.12323399573677E-17,0.));
#14881=DIRECTION('center_axis',(0.,0.,1.));
#14882=DIRECTION('ref_axis',(-6.12323399573677E-17,-1.,0.));
#14883=DIRECTION('',(-1.,6.12323399573677E-17,0.));
#14884=DIRECTION('',(6.12323399573677E-17,1.,0.));
#14885=DIRECTION('center_axis',(-4.33077933172592E-17,-0.707269938522874,
0.706943586194719));
#14886=DIRECTION('ref_axis',(-4.32878100005557E-17,-0.706943586194719,-0.707269938522874));
#14887=DIRECTION('',(4.32878100005557E-17,0.706943586194719,0.707269938522874));
#14888=DIRECTION('center_axis',(1.,-6.12323399573677E-17,0.));
#14889=DIRECTION('ref_axis',(-6.12323399573677E-17,-1.,0.));
#14890=DIRECTION('center_axis',(1.22464679914735E-16,1.,0.));
#14891=DIRECTION('ref_axis',(1.,-1.22464679914735E-16,0.));
#14892=DIRECTION('',(-0.573576436351046,0.819152044288992,-7.02428546843654E-17));
#14893=DIRECTION('center_axis',(-1.22464679914735E-16,-1.,0.));
#14894=DIRECTION('ref_axis',(1.,-1.22464679914735E-16,0.));
#14895=DIRECTION('center_axis',(1.22464679914735E-16,1.,0.));
#14896=DIRECTION('ref_axis',(1.,-1.22464679914735E-16,0.));
#14897=DIRECTION('center_axis',(1.22464679914735E-16,1.,0.));
#14898=DIRECTION('ref_axis',(1.,-1.22464679914735E-16,0.));
#14899=DIRECTION('',(-0.706943586194719,8.65756200011114E-17,0.707269938522874));
#14900=DIRECTION('',(-1.,1.22464679914735E-16,0.));
#14901=DIRECTION('',(0.,0.,-1.));
#14902=DIRECTION('',(1.,-1.22464679914735E-16,-9.25185853854297E-17));
#14903=DIRECTION('center_axis',(-1.22464679914735E-16,-1.,0.));
#14904=DIRECTION('ref_axis',(1.,-1.22464679914735E-16,0.));
#14905=DIRECTION('',(-0.573576436351046,-0.819152044288992,-7.02428546843654E-17));
#14906=DIRECTION('center_axis',(-1.22464679914735E-16,-1.,0.));
#14907=DIRECTION('ref_axis',(1.,-1.22464679914735E-16,0.));
#14908=DIRECTION('center_axis',(-1.,1.22464679914735E-16,0.));
#14909=DIRECTION('ref_axis',(0.,0.,1.));
#14910=DIRECTION('',(1.22464679914735E-16,1.,0.));
#14911=DIRECTION('',(-1.22464679914735E-16,-1.,0.));
#14912=DIRECTION('',(0.,0.,1.));
#14913=DIRECTION('center_axis',(-9.25185853854297E-17,1.13302589453908E-32,
-1.));
#14914=DIRECTION('ref_axis',(-1.,1.22464679914735E-16,9.25185853854297E-17));
#14915=DIRECTION('',(-1.22464679914735E-16,-1.,0.));
#14916=DIRECTION('',(1.,-1.22464679914735E-16,-9.25185853854297E-17));
#14917=DIRECTION('center_axis',(-1.22464679914735E-16,-1.,0.));
#14918=DIRECTION('ref_axis',(-0.382576829850602,4.68521490104481E-17,0.923923681513502));
#14919=DIRECTION('center_axis',(1.22464679914735E-16,1.,0.));
#14920=DIRECTION('ref_axis',(1.,-1.22464679914735E-16,0.));
#14921=DIRECTION('',(1.22464679914735E-16,1.,0.));
#14922=DIRECTION('center_axis',(0.,0.,1.));
#14923=DIRECTION('ref_axis',(1.,-1.22464679914735E-16,0.));
#14924=DIRECTION('',(-1.22464679914735E-16,-1.,0.));
#14925=DIRECTION('',(-1.,1.22464679914735E-16,0.));
#14926=DIRECTION('center_axis',(0.707269938522874,-8.66155866345183E-17,
0.706943586194719));
#14927=DIRECTION('ref_axis',(0.706943586194719,-8.65756200011114E-17,-0.707269938522874));
#14928=DIRECTION('',(-0.706943586194719,8.65756200011114E-17,0.707269938522874));
#14929=DIRECTION('center_axis',(1.22464679914735E-16,1.,0.));
#14930=DIRECTION('ref_axis',(1.,-1.22464679914735E-16,0.));
#14931=DIRECTION('center_axis',(-1.,1.83697019872103E-16,0.));
#14932=DIRECTION('ref_axis',(1.83697019872103E-16,1.,0.));
#14933=DIRECTION('',(-0.819152044288992,-0.573576436351046,-7.02428546843654E-17));
#14934=DIRECTION('center_axis',(1.,-1.83697019872103E-16,0.));
#14935=DIRECTION('ref_axis',(1.83697019872103E-16,1.,0.));
#14936=DIRECTION('center_axis',(-1.,1.83697019872103E-16,0.));
#14937=DIRECTION('ref_axis',(1.83697019872103E-16,1.,0.));
#14938=DIRECTION('center_axis',(-1.,1.83697019872103E-16,0.));
#14939=DIRECTION('ref_axis',(1.83697019872103E-16,1.,0.));
#14940=DIRECTION('',(-1.29863430001667E-16,-0.706943586194719,0.707269938522874));
#14941=DIRECTION('',(-1.83697019872103E-16,-1.,0.));
#14942=DIRECTION('',(0.,0.,-1.));
#14943=DIRECTION('',(1.83697019872103E-16,1.,-9.25185853854297E-17));
#14944=DIRECTION('center_axis',(1.,-1.83697019872103E-16,0.));
#14945=DIRECTION('ref_axis',(1.83697019872103E-16,1.,0.));
#14946=DIRECTION('',(0.819152044288992,-0.573576436351046,-7.02428546843654E-17));
#14947=DIRECTION('center_axis',(1.,-1.83697019872103E-16,0.));
#14948=DIRECTION('ref_axis',(1.83697019872103E-16,1.,0.));
#14949=DIRECTION('center_axis',(-1.83697019872103E-16,-1.,0.));
#14950=DIRECTION('ref_axis',(0.,0.,1.));
#14951=DIRECTION('',(-1.,1.83697019872103E-16,0.));
#14952=DIRECTION('',(1.,-1.83697019872103E-16,0.));
#14953=DIRECTION('',(0.,0.,1.));
#14954=DIRECTION('center_axis',(-1.69953884180861E-32,-9.25185853854297E-17,
-1.));
#14955=DIRECTION('ref_axis',(-1.83697019872103E-16,-1.,9.25185853854297E-17));
#14956=DIRECTION('',(1.,-1.83697019872103E-16,0.));
#14957=DIRECTION('',(1.83697019872103E-16,1.,-9.25185853854297E-17));
#14958=DIRECTION('center_axis',(1.,-1.83697019872103E-16,0.));
#14959=DIRECTION('ref_axis',(-7.02782235156722E-17,-0.382576829850602,0.923923681513502));
#14960=DIRECTION('center_axis',(-1.,1.83697019872103E-16,0.));
#14961=DIRECTION('ref_axis',(1.83697019872103E-16,1.,0.));
#14962=DIRECTION('',(-1.,1.83697019872103E-16,0.));
#14963=DIRECTION('center_axis',(0.,0.,1.));
#14964=DIRECTION('ref_axis',(1.83697019872103E-16,1.,0.));
#14965=DIRECTION('',(1.,-1.83697019872103E-16,0.));
#14966=DIRECTION('',(-1.83697019872103E-16,-1.,0.));
#14967=DIRECTION('center_axis',(1.29923379951777E-16,0.707269938522874,
0.706943586194719));
#14968=DIRECTION('ref_axis',(1.29863430001667E-16,0.706943586194719,-0.707269938522874));
#14969=DIRECTION('',(-1.29863430001667E-16,-0.706943586194719,0.707269938522874));
#14970=DIRECTION('center_axis',(-1.,1.83697019872103E-16,0.));
#14971=DIRECTION('ref_axis',(1.83697019872103E-16,1.,0.));
#14972=DIRECTION('center_axis',(1.,-6.12323399573677E-17,0.));
#14973=DIRECTION('ref_axis',(6.12323399573677E-17,1.,0.));
#14974=DIRECTION('',(0.819152044288992,-0.573576436351046,-7.02428546843654E-17));
#14975=DIRECTION('center_axis',(1.,-6.12323399573677E-17,0.));
#14976=DIRECTION('ref_axis',(6.12323399573677E-17,1.,0.));
#14977=DIRECTION('center_axis',(-1.,6.12323399573677E-17,0.));
#14978=DIRECTION('ref_axis',(6.12323399573677E-17,1.,0.));
#14979=DIRECTION('center_axis',(-1.,6.12323399573677E-17,0.));
#14980=DIRECTION('ref_axis',(6.12323399573677E-17,1.,0.));
#14981=DIRECTION('',(6.12323399573677E-17,1.,-9.25185853854297E-17));
#14982=DIRECTION('',(0.,0.,-1.));
#14983=DIRECTION('',(-6.12323399573677E-17,-1.,0.));
#14984=DIRECTION('',(-4.32878100005557E-17,-0.706943586194719,0.707269938522874));
#14985=DIRECTION('center_axis',(-1.,6.12323399573677E-17,0.));
#14986=DIRECTION('ref_axis',(6.12323399573677E-17,1.,0.));
#14987=DIRECTION('',(-0.819152044288992,-0.573576436351046,-7.02428546843654E-17));
#14988=DIRECTION('center_axis',(1.,-6.12323399573677E-17,0.));
#14989=DIRECTION('ref_axis',(6.12323399573677E-17,1.,0.));
#14990=DIRECTION('center_axis',(6.12323399573677E-17,1.,0.));
#14991=DIRECTION('ref_axis',(0.,0.,1.));
#14992=DIRECTION('',(1.,-6.12323399573677E-17,0.));
#14993=DIRECTION('',(0.,0.,1.));
#14994=DIRECTION('',(-1.,6.12323399573677E-17,0.));
#14995=DIRECTION('center_axis',(5.66512947269538E-33,9.25185853854297E-17,
1.));
#14996=DIRECTION('ref_axis',(-6.12323399573677E-17,-1.,9.25185853854297E-17));
#14997=DIRECTION('',(-1.,6.12323399573677E-17,0.));
#14998=DIRECTION('',(6.12323399573677E-17,1.,-9.25185853854297E-17));
#14999=DIRECTION('center_axis',(1.,-6.12323399573677E-17,0.));
#15000=DIRECTION('ref_axis',(-2.34260745052241E-17,-0.382576829850602,0.923923681513502));
#15001=DIRECTION('',(1.,-6.12323399573677E-17,0.));
#15002=DIRECTION('center_axis',(-1.,6.12323399573677E-17,0.));
#15003=DIRECTION('ref_axis',(6.12323399573677E-17,1.,0.));
#15004=DIRECTION('center_axis',(0.,0.,-1.));
#15005=DIRECTION('ref_axis',(6.12323399573677E-17,1.,0.));
#15006=DIRECTION('',(-6.12323399573677E-17,-1.,0.));
#15007=DIRECTION('',(-1.,6.12323399573677E-17,0.));
#15008=DIRECTION('center_axis',(-4.33077933172592E-17,-0.707269938522874,
-0.706943586194719));
#15009=DIRECTION('ref_axis',(4.32878100005557E-17,0.706943586194719,-0.707269938522874));
#15010=DIRECTION('',(-4.32878100005557E-17,-0.706943586194719,0.707269938522874));
#15011=DIRECTION('center_axis',(-1.,6.12323399573677E-17,0.));
#15012=DIRECTION('ref_axis',(6.12323399573677E-17,1.,0.));
#15013=DIRECTION('center_axis',(1.22464679914735E-16,1.,0.));
#15014=DIRECTION('ref_axis',(-1.,1.22464679914735E-16,0.));
#15015=DIRECTION('',(0.573576436351046,0.819152044288992,-7.02428546843654E-17));
#15016=DIRECTION('center_axis',(1.22464679914735E-16,1.,0.));
#15017=DIRECTION('ref_axis',(-1.,1.22464679914735E-16,0.));
#15018=DIRECTION('center_axis',(-1.22464679914735E-16,-1.,0.));
#15019=DIRECTION('ref_axis',(-1.,1.22464679914735E-16,0.));
#15020=DIRECTION('center_axis',(-1.22464679914735E-16,-1.,0.));
#15021=DIRECTION('ref_axis',(-1.,1.22464679914735E-16,0.));
#15022=DIRECTION('',(-1.,1.22464679914735E-16,-9.25185853854297E-17));
#15023=DIRECTION('',(0.,0.,-1.));
#15024=DIRECTION('',(1.,-1.22464679914735E-16,0.));
#15025=DIRECTION('',(0.706943586194719,-8.65756200011114E-17,0.707269938522874));
#15026=DIRECTION('center_axis',(-1.22464679914735E-16,-1.,0.));
#15027=DIRECTION('ref_axis',(-1.,1.22464679914735E-16,0.));
#15028=DIRECTION('',(0.573576436351046,-0.819152044288992,-7.02428546843654E-17));
#15029=DIRECTION('center_axis',(1.22464679914735E-16,1.,0.));
#15030=DIRECTION('ref_axis',(-1.,1.22464679914735E-16,0.));
#15031=DIRECTION('center_axis',(-1.,1.22464679914735E-16,0.));
#15032=DIRECTION('ref_axis',(0.,0.,1.));
#15033=DIRECTION('',(1.22464679914735E-16,1.,0.));
#15034=DIRECTION('',(0.,0.,1.));
#15035=DIRECTION('',(-1.22464679914735E-16,-1.,0.));
#15036=DIRECTION('center_axis',(-9.25185853854297E-17,1.13302589453908E-32,
1.));
#15037=DIRECTION('ref_axis',(1.,-1.22464679914735E-16,9.25185853854297E-17));
#15038=DIRECTION('',(-1.22464679914735E-16,-1.,0.));
#15039=DIRECTION('',(-1.,1.22464679914735E-16,-9.25185853854297E-17));
#15040=DIRECTION('center_axis',(1.22464679914735E-16,1.,0.));
#15041=DIRECTION('ref_axis',(0.382576829850602,-4.68521490104481E-17,0.923923681513502));
#15042=DIRECTION('',(1.22464679914735E-16,1.,0.));
#15043=DIRECTION('center_axis',(-1.22464679914735E-16,-1.,0.));
#15044=DIRECTION('ref_axis',(-1.,1.22464679914735E-16,0.));
#15045=DIRECTION('center_axis',(0.,0.,-1.));
#15046=DIRECTION('ref_axis',(-1.,1.22464679914735E-16,0.));
#15047=DIRECTION('',(1.,-1.22464679914735E-16,0.));
#15048=DIRECTION('',(-1.22464679914735E-16,-1.,0.));
#15049=DIRECTION('center_axis',(0.707269938522874,-8.66155866345183E-17,
-0.706943586194719));
#15050=DIRECTION('ref_axis',(-0.706943586194719,8.65756200011114E-17,-0.707269938522874));
#15051=DIRECTION('',(0.706943586194719,-8.65756200011114E-17,0.707269938522874));
#15052=DIRECTION('center_axis',(-1.22464679914735E-16,-1.,0.));
#15053=DIRECTION('ref_axis',(-1.,1.22464679914735E-16,0.));
#15054=DIRECTION('center_axis',(-1.,1.83697019872103E-16,0.));
#15055=DIRECTION('ref_axis',(-1.83697019872103E-16,-1.,0.));
#15056=DIRECTION('',(-0.819152044288992,0.573576436351046,-7.02428546843654E-17));
#15057=DIRECTION('center_axis',(-1.,1.83697019872103E-16,0.));
#15058=DIRECTION('ref_axis',(-1.83697019872103E-16,-1.,0.));
#15059=DIRECTION('center_axis',(1.,-1.83697019872103E-16,0.));
#15060=DIRECTION('ref_axis',(-1.83697019872103E-16,-1.,0.));
#15061=DIRECTION('center_axis',(1.,-1.83697019872103E-16,0.));
#15062=DIRECTION('ref_axis',(-1.83697019872103E-16,-1.,0.));
#15063=DIRECTION('',(-1.83697019872103E-16,-1.,-9.25185853854297E-17));
#15064=DIRECTION('',(0.,0.,-1.));
#15065=DIRECTION('',(1.83697019872103E-16,1.,0.));
#15066=DIRECTION('',(1.29863430001667E-16,0.706943586194719,0.707269938522874));
#15067=DIRECTION('center_axis',(1.,-1.83697019872103E-16,0.));
#15068=DIRECTION('ref_axis',(-1.83697019872103E-16,-1.,0.));
#15069=DIRECTION('',(0.819152044288992,0.573576436351046,-7.02428546843654E-17));
#15070=DIRECTION('center_axis',(-1.,1.83697019872103E-16,0.));
#15071=DIRECTION('ref_axis',(-1.83697019872103E-16,-1.,0.));
#15072=DIRECTION('center_axis',(-1.83697019872103E-16,-1.,0.));
#15073=DIRECTION('ref_axis',(0.,0.,1.));
#15074=DIRECTION('',(-1.,1.83697019872103E-16,0.));
#15075=DIRECTION('',(0.,0.,1.));
#15076=DIRECTION('',(1.,-1.83697019872103E-16,0.));
#15077=DIRECTION('center_axis',(-1.69953884180861E-32,-9.25185853854297E-17,
1.));
#15078=DIRECTION('ref_axis',(1.83697019872103E-16,1.,9.25185853854297E-17));
#15079=DIRECTION('',(1.,-1.83697019872103E-16,0.));
#15080=DIRECTION('',(-1.83697019872103E-16,-1.,-9.25185853854297E-17));
#15081=DIRECTION('center_axis',(-1.,1.83697019872103E-16,0.));
#15082=DIRECTION('ref_axis',(7.02782235156722E-17,0.382576829850602,0.923923681513502));
#15083=DIRECTION('',(-1.,1.83697019872103E-16,0.));
#15084=DIRECTION('center_axis',(1.,-1.83697019872103E-16,0.));
#15085=DIRECTION('ref_axis',(-1.83697019872103E-16,-1.,0.));
#15086=DIRECTION('center_axis',(0.,0.,-1.));
#15087=DIRECTION('ref_axis',(-1.83697019872103E-16,-1.,0.));
#15088=DIRECTION('',(1.83697019872103E-16,1.,0.));
#15089=DIRECTION('',(1.,-1.83697019872103E-16,0.));
#15090=DIRECTION('center_axis',(1.29923379951777E-16,0.707269938522874,
-0.706943586194719));
#15091=DIRECTION('ref_axis',(-1.29863430001667E-16,-0.706943586194719,-0.707269938522874));
#15092=DIRECTION('',(1.29863430001667E-16,0.706943586194719,0.707269938522874));
#15093=DIRECTION('center_axis',(1.,-1.83697019872103E-16,0.));
#15094=DIRECTION('ref_axis',(-1.83697019872103E-16,-1.,0.));
#15095=DIRECTION('center_axis',(0.600204119827634,0.510006595435364,0.616156057467882));
#15096=DIRECTION('ref_axis',(4.71698754092833E-17,0.77034252556941,-0.637630295154915));
#15097=DIRECTION('',(-0.124089248133257,-0.701641596008152,0.701641596008144));
#15098=DIRECTION('',(-0.647525386245379,0.762043879424127,0.));
#15099=DIRECTION('',(0.712470631008827,0.00920166838265119,-0.701641596008147));
#15100=DIRECTION('center_axis',(0.697833439713337,-0.11414241287906,0.707106781186547));
#15101=DIRECTION('ref_axis',(6.04498345196459E-17,0.987220716401389,0.159358894034593));
#15102=DIRECTION('',(-0.161421748335556,-0.986885514720067,0.));
#15103=DIRECTION('',(-0.639653148036052,-0.543527299317876,0.543527299317877));
#15104=DIRECTION('',(-0.711758551985599,4.35826416227459E-17,0.70242420493272));
#15105=DIRECTION('',(0.161421748335556,0.986885514720067,0.));
#15106=DIRECTION('center_axis',(-0.600204119827633,0.510006595435365,0.616156057467883));
#15107=DIRECTION('ref_axis',(4.71698754092833E-17,0.770342525569409,-0.637630295154915));
#15108=DIRECTION('',(-0.647525386245379,-0.762043879424127,0.));
#15109=DIRECTION('',(-0.124089248133263,0.701641596008152,-0.701641596008144));
#15110=DIRECTION('',(0.712470631008828,-0.00920166838265127,0.701641596008146));
#15111=DIRECTION('center_axis',(0.600204119827637,0.510006595435367,-0.616156057467878));
#15112=DIRECTION('ref_axis',(-4.7169875409283E-17,-0.770342525569406,-0.637630295154919));
#15113=DIRECTION('',(0.124089248133261,0.701641596008148,0.701641596008148));
#15114=DIRECTION('',(-0.712470631008826,-0.00920166838264341,-0.701641596008148));
#15115=DIRECTION('',(0.647525386245379,-0.762043879424127,0.));
#15116=DIRECTION('center_axis',(0.762043879424127,0.647525386245379,0.));
#15117=DIRECTION('ref_axis',(0.,0.,-1.));
#15118=DIRECTION('',(0.,0.,1.));
#15119=DIRECTION('',(0.,0.,-1.));
#15120=DIRECTION('center_axis',(-0.697833439713336,-0.11414241287906,0.707106781186548));
#15121=DIRECTION('ref_axis',(6.04498345196459E-17,0.987220716401389,0.159358894034592));
#15122=DIRECTION('',(0.161421748335556,-0.986885514720067,0.));
#15123=DIRECTION('',(-0.7117585519856,4.3582641622746E-17,-0.702424204932719));
#15124=DIRECTION('',(-0.639653148036055,0.543527299317867,-0.543527299317882));
#15125=DIRECTION('',(-0.161421748335556,0.986885514720067,0.));
#15126=DIRECTION('center_axis',(0.539253969791742,-0.634624056236215,-0.55358600353526));
#15127=DIRECTION('ref_axis',(-4.02513096116909E-17,-0.657353771548097,0.753582124941596));
#15128=DIRECTION('',(0.710983685381327,-0.00922142460428651,0.703148038786893));
#15129=DIRECTION('',(0.10566773916526,0.703148038786891,-0.703148038786891));
#15130=DIRECTION('',(-0.76204387942413,-0.647525386245375,0.));
#15131=DIRECTION('center_axis',(0.647525386245375,-0.76204387942413,0.));
#15132=DIRECTION('ref_axis',(0.,0.,1.));
#15133=DIRECTION('',(0.,0.,1.));
#15134=DIRECTION('',(0.,0.,-1.));
#15135=DIRECTION('center_axis',(-0.600204119827637,0.510006595435367,-0.616156057467878));
#15136=DIRECTION('ref_axis',(-4.7169875409283E-17,-0.770342525569406,-0.63763029515492));
#15137=DIRECTION('',(-0.712470631008827,0.00920166838264349,0.701641596008148));
#15138=DIRECTION('',(0.124089248133261,-0.701641596008148,-0.701641596008148));
#15139=DIRECTION('',(0.647525386245379,0.762043879424127,0.));
#15140=DIRECTION('center_axis',(-0.762043879424127,0.647525386245379,0.));
#15141=DIRECTION('ref_axis',(0.,0.,-1.));
#15142=DIRECTION('',(0.,0.,1.));
#15143=DIRECTION('',(0.,0.,-1.));
#15144=DIRECTION('center_axis',(4.32978028117747E-17,0.707106781186548,
-0.707106781186548));
#15145=DIRECTION('ref_axis',(-4.32978028117747E-17,-0.707106781186548,-0.707106781186548));
#15146=DIRECTION('',(-1.,6.12323399573677E-17,0.));
#15147=DIRECTION('',(1.,-6.12323399573677E-17,0.));
#15148=DIRECTION('center_axis',(-0.539253969791734,-0.634624056236219,-0.553586003535263));
#15149=DIRECTION('ref_axis',(-4.02513096116908E-17,-0.657353771548096,0.753582124941597));
#15150=DIRECTION('',(0.105667739165264,-0.703148038786891,0.703148038786891));
#15151=DIRECTION('',(0.710983685381327,0.00922142460429813,-0.703148038786893));
#15152=DIRECTION('',(-0.762043879424137,0.647525386245367,0.));
#15153=DIRECTION('center_axis',(-0.647525386245367,-0.762043879424137,0.));
#15154=DIRECTION('ref_axis',(0.,0.,1.));
#15155=DIRECTION('',(0.,0.,1.));
#15156=DIRECTION('',(0.,0.,-1.));
#15157=DIRECTION('center_axis',(-0.697833439713336,-0.11414241287906,-0.707106781186547));
#15158=DIRECTION('ref_axis',(-6.04498345196459E-17,-0.987220716401389,0.159358894034592));
#15159=DIRECTION('',(0.161421748335556,-0.986885514720067,0.));
#15160=DIRECTION('',(-0.161421748335556,0.986885514720067,0.));
#15161=DIRECTION('center_axis',(-4.32978028117747E-17,-0.707106781186548,
-0.707106781186548));
#15162=DIRECTION('ref_axis',(-4.32978028117747E-17,-0.707106781186548,0.707106781186548));
#15163=DIRECTION('',(1.,-6.12323399573677E-17,0.));
#15164=DIRECTION('',(-1.,6.12323399573677E-17,0.));
#15165=DIRECTION('center_axis',(0.697833439713337,-0.11414241287906,-0.707106781186546));
#15166=DIRECTION('ref_axis',(-6.04498345196459E-17,-0.987220716401389,0.159358894034593));
#15167=DIRECTION('',(0.161421748335556,0.986885514720067,0.));
#15168=DIRECTION('',(-0.161421748335556,-0.986885514720067,0.));
#15169=DIRECTION('center_axis',(4.32978028117744E-17,0.707106781186543,
0.707106781186552));
#15170=DIRECTION('ref_axis',(4.32978028117749E-17,0.707106781186552,-0.707106781186543));
#15171=DIRECTION('',(-1.,6.12323399573677E-17,0.));
#15172=DIRECTION('',(1.,-6.12323399573677E-17,0.));
#15173=DIRECTION('center_axis',(0.,0.,-1.));
#15174=DIRECTION('ref_axis',(-6.12323399573677E-17,-1.,0.));
#15175=DIRECTION('',(-1.,6.12323399573677E-17,0.));
#15176=DIRECTION('center_axis',(0.986885514720067,-0.161421748335556,0.));
#15177=DIRECTION('ref_axis',(0.161421748335556,0.986885514720067,0.));
#15178=DIRECTION('center_axis',(-0.986885514720067,-0.161421748335556,0.));
#15179=DIRECTION('ref_axis',(0.161421748335556,-0.986885514720067,0.));
#15180=DIRECTION('center_axis',(6.12323399573677E-17,1.,0.));
#15181=DIRECTION('ref_axis',(-1.,6.12323399573677E-17,0.));
#15182=DIRECTION('center_axis',(0.,0.,-1.));
#15183=DIRECTION('ref_axis',(-6.12323399573677E-17,-1.,0.));
#15184=DIRECTION('center_axis',(-6.12323399573677E-17,-1.,0.));
#15185=DIRECTION('ref_axis',(1.,-6.12323399573677E-17,0.));
#15186=DIRECTION('center_axis',(-0.510006595435364,0.600204119827634,0.616156057467882));
#15187=DIRECTION('ref_axis',(-0.77034252556941,9.43397508185665E-17,-0.637630295154915));
#15188=DIRECTION('',(0.701641596008152,-0.124089248133257,0.701641596008144));
#15189=DIRECTION('',(-0.762043879424127,-0.647525386245379,0.));
#15190=DIRECTION('',(-0.00920166838265115,0.712470631008827,-0.701641596008147));
#15191=DIRECTION('center_axis',(0.11414241287906,0.697833439713337,0.707106781186547));
#15192=DIRECTION('ref_axis',(-0.987220716401389,1.20899669039292E-16,0.159358894034593));
#15193=DIRECTION('',(0.986885514720067,-0.161421748335556,0.));
#15194=DIRECTION('',(0.543527299317875,-0.639653148036052,0.543527299317877));
#15195=DIRECTION('',(-8.71652832454919E-17,-0.711758551985599,0.70242420493272));
#15196=DIRECTION('',(-0.986885514720067,0.161421748335556,0.));
#15197=DIRECTION('center_axis',(-0.510006595435365,-0.600204119827632,0.616156057467883));
#15198=DIRECTION('ref_axis',(-0.770342525569409,9.43397508185665E-17,-0.637630295154915));
#15199=DIRECTION('',(0.762043879424127,-0.647525386245379,0.));
#15200=DIRECTION('',(-0.701641596008152,-0.124089248133263,-0.701641596008144));
#15201=DIRECTION('',(0.00920166838265131,0.712470631008828,0.701641596008146));
#15202=DIRECTION('center_axis',(-0.510006595435366,0.600204119827637,-0.616156057467878));
#15203=DIRECTION('ref_axis',(0.770342525569406,-9.43397508185661E-17,-0.637630295154919));
#15204=DIRECTION('',(-0.701641596008148,0.124089248133261,0.701641596008148));
#15205=DIRECTION('',(0.00920166838264337,-0.712470631008826,-0.701641596008148));
#15206=DIRECTION('',(0.762043879424127,0.647525386245379,0.));
#15207=DIRECTION('center_axis',(-0.647525386245379,0.762043879424127,0.));
#15208=DIRECTION('ref_axis',(0.,0.,-1.));
#15209=DIRECTION('',(0.,0.,1.));
#15210=DIRECTION('',(0.,0.,-1.));
#15211=DIRECTION('center_axis',(0.11414241287906,-0.697833439713336,0.707106781186548));
#15212=DIRECTION('ref_axis',(-0.987220716401389,1.20899669039292E-16,0.159358894034592));
#15213=DIRECTION('',(0.986885514720067,0.161421748335556,0.));
#15214=DIRECTION('',(-8.7165283245492E-17,-0.7117585519856,-0.702424204932719));
#15215=DIRECTION('',(-0.543527299317867,-0.639653148036055,-0.543527299317882));
#15216=DIRECTION('',(-0.986885514720067,-0.161421748335556,0.));
#15217=DIRECTION('center_axis',(0.634624056236215,0.539253969791742,-0.55358600353526));
#15218=DIRECTION('ref_axis',(0.657353771548097,-8.05026192233818E-17,0.753582124941596));
#15219=DIRECTION('',(0.00922142460428655,0.710983685381327,0.703148038786893));
#15220=DIRECTION('',(-0.703148038786891,0.10566773916526,-0.703148038786891));
#15221=DIRECTION('',(0.647525386245375,-0.76204387942413,0.));
#15222=DIRECTION('center_axis',(0.76204387942413,0.647525386245375,0.));
#15223=DIRECTION('ref_axis',(0.,0.,1.));
#15224=DIRECTION('',(0.,0.,1.));
#15225=DIRECTION('',(0.,0.,-1.));
#15226=DIRECTION('center_axis',(-0.510006595435367,-0.600204119827636,-0.616156057467878));
#15227=DIRECTION('ref_axis',(0.770342525569406,-9.4339750818566E-17,-0.63763029515492));
#15228=DIRECTION('',(-0.00920166838264353,-0.712470631008827,0.701641596008148));
#15229=DIRECTION('',(0.701641596008148,0.124089248133261,-0.701641596008148));
#15230=DIRECTION('',(-0.762043879424127,0.647525386245379,0.));
#15231=DIRECTION('center_axis',(-0.647525386245379,-0.762043879424127,0.));
#15232=DIRECTION('ref_axis',(0.,0.,-1.));
#15233=DIRECTION('',(0.,0.,1.));
#15234=DIRECTION('',(0.,0.,-1.));
#15235=DIRECTION('center_axis',(-0.707106781186548,8.65956056235493E-17,
-0.707106781186548));
#15236=DIRECTION('ref_axis',(0.707106781186548,-8.65956056235493E-17,-0.707106781186548));
#15237=DIRECTION('',(-1.22464679914735E-16,-1.,0.));
#15238=DIRECTION('',(1.22464679914735E-16,1.,0.));
#15239=DIRECTION('center_axis',(0.634624056236219,-0.539253969791734,-0.553586003535263));
#15240=DIRECTION('ref_axis',(0.657353771548096,-8.05026192233817E-17,0.753582124941597));
#15241=DIRECTION('',(0.703148038786891,0.105667739165264,0.703148038786891));
#15242=DIRECTION('',(-0.00922142460429809,0.710983685381327,-0.703148038786893));
#15243=DIRECTION('',(-0.647525386245367,-0.762043879424137,0.));
#15244=DIRECTION('center_axis',(0.762043879424137,-0.647525386245367,0.));
#15245=DIRECTION('ref_axis',(0.,0.,1.));
#15246=DIRECTION('',(0.,0.,1.));
#15247=DIRECTION('',(0.,0.,-1.));
#15248=DIRECTION('center_axis',(0.11414241287906,-0.697833439713336,-0.707106781186547));
#15249=DIRECTION('ref_axis',(0.987220716401389,-1.20899669039292E-16,0.159358894034592));
#15250=DIRECTION('',(0.986885514720067,0.161421748335556,0.));
#15251=DIRECTION('',(-0.986885514720067,-0.161421748335556,0.));
#15252=DIRECTION('center_axis',(0.707106781186548,-8.65956056235493E-17,
-0.707106781186548));
#15253=DIRECTION('ref_axis',(0.707106781186548,-8.65956056235493E-17,0.707106781186548));
#15254=DIRECTION('',(1.22464679914735E-16,1.,0.));
#15255=DIRECTION('',(-1.22464679914735E-16,-1.,0.));
#15256=DIRECTION('center_axis',(0.11414241287906,0.697833439713337,-0.707106781186546));
#15257=DIRECTION('ref_axis',(0.987220716401389,-1.20899669039292E-16,0.159358894034593));
#15258=DIRECTION('',(-0.986885514720067,0.161421748335556,0.));
#15259=DIRECTION('',(0.986885514720067,-0.161421748335556,0.));
#15260=DIRECTION('center_axis',(-0.707106781186543,8.65956056235488E-17,
0.707106781186552));
#15261=DIRECTION('ref_axis',(-0.707106781186552,8.65956056235498E-17,-0.707106781186543));
#15262=DIRECTION('',(-1.22464679914735E-16,-1.,0.));
#15263=DIRECTION('',(1.22464679914735E-16,1.,0.));
#15264=DIRECTION('center_axis',(0.,0.,-1.));
#15265=DIRECTION('ref_axis',(1.,-1.22464679914735E-16,0.));
#15266=DIRECTION('',(-1.22464679914735E-16,-1.,0.));
#15267=DIRECTION('center_axis',(0.161421748335556,0.986885514720067,0.));
#15268=DIRECTION('ref_axis',(-0.986885514720067,0.161421748335556,0.));
#15269=DIRECTION('center_axis',(0.161421748335556,-0.986885514720067,0.));
#15270=DIRECTION('ref_axis',(0.986885514720067,0.161421748335556,0.));
#15271=DIRECTION('center_axis',(-1.,1.22464679914735E-16,0.));
#15272=DIRECTION('ref_axis',(-1.22464679914735E-16,-1.,0.));
#15273=DIRECTION('center_axis',(0.,0.,-1.));
#15274=DIRECTION('ref_axis',(1.,-1.22464679914735E-16,0.));
#15275=DIRECTION('center_axis',(1.,-1.22464679914735E-16,0.));
#15276=DIRECTION('ref_axis',(1.22464679914735E-16,1.,0.));
#15277=DIRECTION('center_axis',(-0.600204119827634,-0.510006595435364,0.616156057467882));
#15278=DIRECTION('ref_axis',(-1.4150962622785E-16,-0.77034252556941,-0.637630295154915));
#15279=DIRECTION('',(0.124089248133257,0.701641596008152,0.701641596008144));
#15280=DIRECTION('',(0.647525386245379,-0.762043879424127,0.));
#15281=DIRECTION('',(-0.712470631008827,-0.0092016683826511,-0.701641596008147));
#15282=DIRECTION('center_axis',(-0.697833439713337,0.11414241287906,0.707106781186547));
#15283=DIRECTION('ref_axis',(-1.81349503558938E-16,-0.987220716401389,0.159358894034593));
#15284=DIRECTION('',(0.161421748335556,0.986885514720067,0.));
#15285=DIRECTION('',(0.639653148036052,0.543527299317875,0.543527299317877));
#15286=DIRECTION('',(0.711758551985599,-1.30747924868238E-16,0.70242420493272));
#15287=DIRECTION('',(-0.161421748335556,-0.986885514720067,0.));
#15288=DIRECTION('center_axis',(0.600204119827632,-0.510006595435365,0.616156057467883));
#15289=DIRECTION('ref_axis',(-1.4150962622785E-16,-0.770342525569409,-0.637630295154915));
#15290=DIRECTION('',(0.647525386245379,0.762043879424127,0.));
#15291=DIRECTION('',(0.124089248133263,-0.701641596008152,-0.701641596008144));
#15292=DIRECTION('',(-0.712470631008828,0.00920166838265135,0.701641596008146));
#15293=DIRECTION('center_axis',(-0.600204119827637,-0.510006595435367,-0.616156057467878));
#15294=DIRECTION('ref_axis',(1.41509626227849E-16,0.770342525569406,-0.637630295154919));
#15295=DIRECTION('',(-0.124089248133261,-0.701641596008148,0.701641596008148));
#15296=DIRECTION('',(0.712470631008826,0.00920166838264332,-0.701641596008148));
#15297=DIRECTION('',(-0.647525386245379,0.762043879424127,0.));
#15298=DIRECTION('center_axis',(-0.762043879424127,-0.647525386245379,0.));
#15299=DIRECTION('ref_axis',(0.,0.,-1.));
#15300=DIRECTION('',(0.,0.,1.));
#15301=DIRECTION('',(0.,0.,-1.));
#15302=DIRECTION('center_axis',(0.697833439713336,0.11414241287906,0.707106781186548));
#15303=DIRECTION('ref_axis',(-1.81349503558938E-16,-0.987220716401389,0.159358894034592));
#15304=DIRECTION('',(-0.161421748335556,0.986885514720067,0.));
#15305=DIRECTION('',(0.7117585519856,-1.30747924868238E-16,-0.702424204932719));
#15306=DIRECTION('',(0.639653148036055,-0.543527299317867,-0.543527299317882));
#15307=DIRECTION('',(0.161421748335556,-0.986885514720067,0.));
#15308=DIRECTION('center_axis',(-0.539253969791742,0.634624056236215,-0.55358600353526));
#15309=DIRECTION('ref_axis',(1.20753928835073E-16,0.657353771548097,0.753582124941596));
#15310=DIRECTION('',(-0.710983685381327,0.00922142460428659,0.703148038786893));
#15311=DIRECTION('',(-0.10566773916526,-0.703148038786891,-0.703148038786891));
#15312=DIRECTION('',(0.76204387942413,0.647525386245375,0.));
#15313=DIRECTION('center_axis',(-0.647525386245375,0.76204387942413,0.));
#15314=DIRECTION('ref_axis',(0.,0.,1.));
#15315=DIRECTION('',(0.,0.,1.));
#15316=DIRECTION('',(0.,0.,-1.));
#15317=DIRECTION('center_axis',(0.600204119827636,-0.510006595435367,-0.616156057467878));
#15318=DIRECTION('ref_axis',(1.41509626227849E-16,0.770342525569406,-0.63763029515492));
#15319=DIRECTION('',(0.712470631008827,-0.00920166838264357,0.701641596008148));
#15320=DIRECTION('',(-0.124089248133261,0.701641596008148,-0.701641596008148));
#15321=DIRECTION('',(-0.647525386245379,-0.762043879424127,0.));
#15322=DIRECTION('center_axis',(0.762043879424127,-0.647525386245379,0.));
#15323=DIRECTION('ref_axis',(0.,0.,-1.));
#15324=DIRECTION('',(0.,0.,1.));
#15325=DIRECTION('',(0.,0.,-1.));
#15326=DIRECTION('center_axis',(-1.29893408435324E-16,-0.707106781186548,
-0.707106781186548));
#15327=DIRECTION('ref_axis',(1.29893408435324E-16,0.707106781186548,-0.707106781186548));
#15328=DIRECTION('',(1.,-1.83697019872103E-16,0.));
#15329=DIRECTION('',(-1.,1.83697019872103E-16,0.));
#15330=DIRECTION('center_axis',(0.539253969791734,0.634624056236219,-0.553586003535263));
#15331=DIRECTION('ref_axis',(1.20753928835073E-16,0.657353771548096,0.753582124941597));
#15332=DIRECTION('',(-0.105667739165264,0.703148038786891,0.703148038786891));
#15333=DIRECTION('',(-0.710983685381327,-0.00922142460429804,-0.703148038786893));
#15334=DIRECTION('',(0.762043879424137,-0.647525386245367,0.));
#15335=DIRECTION('center_axis',(0.647525386245367,0.762043879424137,0.));
#15336=DIRECTION('ref_axis',(0.,0.,1.));
#15337=DIRECTION('',(0.,0.,1.));
#15338=DIRECTION('',(0.,0.,-1.));
#15339=DIRECTION('center_axis',(0.697833439713336,0.11414241287906,-0.707106781186547));
#15340=DIRECTION('ref_axis',(1.81349503558938E-16,0.987220716401389,0.159358894034592));
#15341=DIRECTION('',(-0.161421748335556,0.986885514720067,0.));
#15342=DIRECTION('',(0.161421748335556,-0.986885514720067,0.));
#15343=DIRECTION('center_axis',(1.29893408435324E-16,0.707106781186548,
-0.707106781186548));
#15344=DIRECTION('ref_axis',(1.29893408435324E-16,0.707106781186548,0.707106781186548));
#15345=DIRECTION('',(-1.,1.83697019872103E-16,0.));
#15346=DIRECTION('',(1.,-1.83697019872103E-16,0.));
#15347=DIRECTION('center_axis',(-0.697833439713337,0.11414241287906,-0.707106781186546));
#15348=DIRECTION('ref_axis',(1.81349503558938E-16,0.987220716401389,0.159358894034593));
#15349=DIRECTION('',(-0.161421748335556,-0.986885514720067,0.));
#15350=DIRECTION('',(0.161421748335556,0.986885514720067,0.));
#15351=DIRECTION('center_axis',(-1.29893408435323E-16,-0.707106781186543,
0.707106781186552));
#15352=DIRECTION('ref_axis',(-1.29893408435325E-16,-0.707106781186552,-0.707106781186543));
#15353=DIRECTION('',(1.,-1.83697019872103E-16,0.));
#15354=DIRECTION('',(-1.,1.83697019872103E-16,0.));
#15355=DIRECTION('center_axis',(0.,0.,-1.));
#15356=DIRECTION('ref_axis',(1.83697019872103E-16,1.,0.));
#15357=DIRECTION('',(1.,-1.83697019872103E-16,0.));
#15358=DIRECTION('center_axis',(-0.986885514720067,0.161421748335556,0.));
#15359=DIRECTION('ref_axis',(-0.161421748335556,-0.986885514720067,0.));
#15360=DIRECTION('center_axis',(0.986885514720067,0.161421748335556,0.));
#15361=DIRECTION('ref_axis',(-0.161421748335556,0.986885514720067,0.));
#15362=DIRECTION('center_axis',(-1.83697019872103E-16,-1.,0.));
#15363=DIRECTION('ref_axis',(1.,-1.83697019872103E-16,0.));
#15364=DIRECTION('center_axis',(0.,0.,-1.));
#15365=DIRECTION('ref_axis',(1.83697019872103E-16,1.,0.));
#15366=DIRECTION('center_axis',(1.83697019872103E-16,1.,0.));
#15367=DIRECTION('ref_axis',(-1.,1.83697019872103E-16,0.));
#15368=CARTESIAN_POINT('',(0.,0.,0.));
#15369=CARTESIAN_POINT('Origin',(-10.0113829704705,3.22943057454042,2.));
#15370=CARTESIAN_POINT('',(-10.0113829704705,1.69797150880948,2.));
#15371=CARTESIAN_POINT('',(-8.81960979069118,3.4,2.));
#15372=CARTESIAN_POINT('',(-8.93904378818608,3.22943057454042,2.));
#15373=CARTESIAN_POINT('Origin',(-10.0113829704705,3.4,2.));
#15374=CARTESIAN_POINT('Origin',(-10.0113829704705,6.,2.));
#15375=CARTESIAN_POINT('',(-12.0113829704705,6.,2.));
#15376=CARTESIAN_POINT('',(-8.60087644222874,6.,0.582089095257592));
#15377=CARTESIAN_POINT('Origin',(-10.0113829704705,6.,2.));
#15378=CARTESIAN_POINT('',(-12.0113829704705,3.4,2.));
#15379=CARTESIAN_POINT('',(-12.0113829704705,6.,2.));
#15380=CARTESIAN_POINT('',(-8.60087644222874,3.4,0.582089095257592));
#15381=CARTESIAN_POINT('Origin',(-10.0113829704705,3.4,2.));
#15382=CARTESIAN_POINT('',(-8.60087644222874,6.,0.582089095257592));
#15383=CARTESIAN_POINT('Origin',(-8.60087644222874,6.,0.582089095257592));
#15384=CARTESIAN_POINT('',(-9.18602118220111,6.,0.));
#15385=CARTESIAN_POINT('',(-8.60087644222874,6.,0.582089095257592));
#15386=CARTESIAN_POINT('',(-9.18602118220111,3.4,0.));
#15387=CARTESIAN_POINT('',(-8.60087644222872,3.4,0.582089095257614));
#15388=CARTESIAN_POINT('',(-9.18602118220111,6.,0.));
#15389=CARTESIAN_POINT('Origin',(-10.0113829704705,3.4,2.));
#15390=CARTESIAN_POINT('',(-12.4113829704705,3.4,2.));
#15391=CARTESIAN_POINT('',(-11.5113829704705,3.4,2.));
#15392=CARTESIAN_POINT('',(-11.7039908043606,3.4,0.298506914309097));
#15393=CARTESIAN_POINT('Origin',(-10.0113829704705,3.4,2.));
#15394=CARTESIAN_POINT('',(-11.4039168944103,3.4,0.));
#15395=CARTESIAN_POINT('',(-11.7039908043605,3.4,0.298506914309066));
#15396=CARTESIAN_POINT('',(-9.59870207633579,3.4,0.));
#15397=CARTESIAN_POINT('Origin',(-10.0113829704705,6.,2.));
#15398=CARTESIAN_POINT('',(-13.0113829704705,6.,0.));
#15399=CARTESIAN_POINT('',(-24.5,6.,0.));
#15400=CARTESIAN_POINT('',(-13.0113829704705,6.,2.));
#15401=CARTESIAN_POINT('',(-13.0113829704705,6.,-2.69399157074585E-16));
#15402=CARTESIAN_POINT('',(-7.01138297047048,6.,2.));
#15403=CARTESIAN_POINT('Origin',(-10.0113829704705,-3.22943057454042,2.));
#15404=CARTESIAN_POINT('',(-10.0113829704705,-1.69797150880948,2.));
#15405=CARTESIAN_POINT('',(-8.81960979069118,-3.4,2.));
#15406=CARTESIAN_POINT('',(-8.93904378818608,-3.22943057454042,2.));
#15407=CARTESIAN_POINT('Origin',(-10.0113829704705,-3.4,2.));
#15408=CARTESIAN_POINT('Origin',(-10.0113829704705,-6.,2.));
#15409=CARTESIAN_POINT('',(-11.7039908043606,-3.4,0.298506914309097));
#15410=CARTESIAN_POINT('',(-11.7039908043606,-6.,0.298506914309097));
#15411=CARTESIAN_POINT('',(-12.4113829704705,-3.4,2.));
#15412=CARTESIAN_POINT('',(-12.4113829704705,-6.,2.));
#15413=CARTESIAN_POINT('Origin',(-10.0113829704705,-3.4,2.));
#15414=CARTESIAN_POINT('Origin',(-11.7039908043606,-6.,0.298506914309097));
#15415=CARTESIAN_POINT('',(-11.4039168944103,-3.4,0.));
#15416=CARTESIAN_POINT('',(-11.7039908043605,-3.4,0.298506914309066));
#15417=CARTESIAN_POINT('',(-11.4039168944103,-6.,0.));
#15418=CARTESIAN_POINT('Origin',(-13.0113829704705,-6.,2.));
#15419=CARTESIAN_POINT('',(-12.0113829704705,-6.,2.));
#15420=CARTESIAN_POINT('',(-13.0113829704705,-6.,2.));
#15421=CARTESIAN_POINT('',(-7.01138297047048,-6.,2.));
#15422=CARTESIAN_POINT('',(-12.0113829704705,-3.4,2.));
#15423=CARTESIAN_POINT('',(-12.0113829704705,-6.,2.));
#15424=CARTESIAN_POINT('',(-11.5113829704705,-3.4,2.));
#15425=CARTESIAN_POINT('',(-13.0113829704705,-6.,2.));
#15426=CARTESIAN_POINT('Origin',(-13.0113829704705,-6.,0.));
#15427=CARTESIAN_POINT('',(-13.0113829704705,-6.,0.));
#15428=CARTESIAN_POINT('',(-13.0113829704705,-6.,-2.69399157074585E-16));
#15429=CARTESIAN_POINT('',(-13.0113829704705,-6.,0.));
#15430=CARTESIAN_POINT('Origin',(-10.0113829704705,-6.,2.));
#15431=CARTESIAN_POINT('',(-8.60087644222874,-6.,0.582089095257592));
#15432=CARTESIAN_POINT('Origin',(-10.0113829704705,-6.,2.));
#15433=CARTESIAN_POINT('',(-8.60087644222874,-3.4,0.582089095257592));
#15434=CARTESIAN_POINT('',(-8.60087644222874,-6.,0.582089095257592));
#15435=CARTESIAN_POINT('Origin',(-10.0113829704705,-3.4,2.));
#15436=CARTESIAN_POINT('Origin',(-9.18602118220111,-6.,0.));
#15437=CARTESIAN_POINT('',(-9.18602118220111,-6.,0.));
#15438=CARTESIAN_POINT('',(-24.5,-6.,0.));
#15439=CARTESIAN_POINT('',(-9.18602118220111,-3.4,0.));
#15440=CARTESIAN_POINT('',(-9.59870207633579,-3.4,0.));
#15441=CARTESIAN_POINT('',(-9.18602118220111,-6.,0.));
#15442=CARTESIAN_POINT('Origin',(-8.60087644222874,-6.,0.582089095257592));
#15443=CARTESIAN_POINT('',(-8.60087644222874,-6.,0.582089095257592));
#15444=CARTESIAN_POINT('',(-8.60087644222872,-3.4,0.582089095257614));
#15445=CARTESIAN_POINT('Origin',(-10.0113829704705,-3.4,2.));
#15446=CARTESIAN_POINT('Origin',(-10.0113829704705,-6.,2.));
#15447=CARTESIAN_POINT('Origin',(-10.0113829704705,3.,2.));
#15448=CARTESIAN_POINT('',(-8.61138297047049,3.,2.));
#15449=CARTESIAN_POINT('Origin',(-10.0113829704705,3.,2.));
#15450=CARTESIAN_POINT('',(-10.0113829704705,1.00059279056104,2.));
#15451=CARTESIAN_POINT('',(-8.61138297047049,3.,2.));
#15452=CARTESIAN_POINT('Origin',(-10.0113829704705,6.,2.));
#15453=CARTESIAN_POINT('',(-7.61138297047048,6.,2.));
#15454=CARTESIAN_POINT('',(-7.61138297047048,3.,2.));
#15455=CARTESIAN_POINT('',(-7.61138297047048,6.,2.));
#15456=CARTESIAN_POINT('',(-8.31877513658039,6.,0.298506914309119));
#15457=CARTESIAN_POINT('Origin',(-10.0113829704705,6.,2.));
#15458=CARTESIAN_POINT('',(-8.31877513658039,3.,0.298506914309119));
#15459=CARTESIAN_POINT('',(-8.31877513658039,6.,0.298506914309119));
#15460=CARTESIAN_POINT('Origin',(-10.0113829704705,3.,2.));
#15461=CARTESIAN_POINT('Origin',(-8.31877513658039,6.,0.298506914309119));
#15462=CARTESIAN_POINT('',(-8.61884904653066,6.,0.));
#15463=CARTESIAN_POINT('',(-8.31877513658037,6.,0.298506914309141));
#15464=CARTESIAN_POINT('',(-8.61884904653066,3.,0.));
#15465=CARTESIAN_POINT('',(-8.61884904653066,6.,-6.93889390390723E-17));
#15466=CARTESIAN_POINT('',(-8.31877513658037,3.,0.298506914309141));
#15467=CARTESIAN_POINT('Origin',(-10.0113829704705,3.,2.));
#15468=CARTESIAN_POINT('',(-10.8367447587398,3.,0.));
#15469=CARTESIAN_POINT('',(-8.51138297047049,3.,0.));
#15470=CARTESIAN_POINT('',(-11.4218894987122,3.,0.582089095257592));
#15471=CARTESIAN_POINT('',(-11.4218894987122,3.,0.582089095257592));
#15472=CARTESIAN_POINT('',(-8.01138297047048,3.,2.));
#15473=CARTESIAN_POINT('Origin',(-10.0113829704705,3.,2.));
#15474=CARTESIAN_POINT('',(-9.01138297047048,3.,2.));
#15475=CARTESIAN_POINT('Origin',(-10.0113829704705,6.,2.));
#15476=CARTESIAN_POINT('',(-7.01138297047048,6.,2.));
#15477=CARTESIAN_POINT('',(-7.01138297047048,6.,2.));
#15478=CARTESIAN_POINT('',(-7.01138297047048,6.,0.));
#15479=CARTESIAN_POINT('',(-7.01138297047048,6.,-2.69399157074585E-16));
#15480=CARTESIAN_POINT('',(-24.5,6.,0.));
#15481=CARTESIAN_POINT('Origin',(-10.0113829704705,-3.,2.));
#15482=CARTESIAN_POINT('',(-8.61138297047049,-3.,2.));
#15483=CARTESIAN_POINT('Origin',(-10.0113829704705,-3.,2.));
#15484=CARTESIAN_POINT('',(-10.0113829704705,-1.00059279056104,2.));
#15485=CARTESIAN_POINT('',(-8.61138297047049,-3.,2.));
#15486=CARTESIAN_POINT('Origin',(-11.4218894987122,-6.,0.582089095257592));
#15487=CARTESIAN_POINT('',(-10.8367447587398,-3.,0.));
#15488=CARTESIAN_POINT('',(-11.4218894987122,-3.,0.582089095257592));
#15489=CARTESIAN_POINT('',(-11.4218894987122,-3.,0.582089095257592));
#15490=CARTESIAN_POINT('',(-11.4218894987122,-6.,0.582089095257592));
#15491=CARTESIAN_POINT('',(-10.8367447587398,-6.,0.));
#15492=CARTESIAN_POINT('Origin',(-10.0113829704705,-6.,2.));
#15493=CARTESIAN_POINT('',(-7.61138297047048,-6.,2.));
#15494=CARTESIAN_POINT('',(-7.61138297047048,-3.,2.));
#15495=CARTESIAN_POINT('',(-7.61138297047048,-6.,2.));
#15496=CARTESIAN_POINT('',(-8.31877513658039,-3.,0.298506914309119));
#15497=CARTESIAN_POINT('Origin',(-10.0113829704705,-3.,2.));
#15498=CARTESIAN_POINT('',(-8.31877513658039,-6.,0.298506914309119));
#15499=CARTESIAN_POINT('',(-8.31877513658039,-6.,0.298506914309119));
#15500=CARTESIAN_POINT('Origin',(-10.0113829704705,-6.,2.));
#15501=CARTESIAN_POINT('Origin',(-8.31877513658039,-6.,0.298506914309119));
#15502=CARTESIAN_POINT('',(-8.61884904653066,-6.,0.));
#15503=CARTESIAN_POINT('',(-8.31877513658037,-6.,0.298506914309141));
#15504=CARTESIAN_POINT('',(-8.61884904653066,-3.,0.));
#15505=CARTESIAN_POINT('',(-8.31877513658037,-3.,0.298506914309141));
#15506=CARTESIAN_POINT('',(-8.61884904653066,-6.,-6.93889390390723E-17));
#15507=CARTESIAN_POINT('Origin',(-10.0113829704705,-3.,2.));
#15508=CARTESIAN_POINT('',(-8.01138297047048,-3.,2.));
#15509=CARTESIAN_POINT('',(-9.01138297047048,-3.,2.));
#15510=CARTESIAN_POINT('Origin',(-10.0113829704705,-3.,2.));
#15511=CARTESIAN_POINT('',(-8.51138297047049,-3.,0.));
#15512=CARTESIAN_POINT('Origin',(-10.0113829704705,-6.,2.));
#15513=CARTESIAN_POINT('',(-8.01138297047048,-6.,2.));
#15514=CARTESIAN_POINT('Origin',(-7.01138297047048,-6.,2.));
#15515=CARTESIAN_POINT('',(-7.01138297047048,-6.,0.));
#15516=CARTESIAN_POINT('',(-7.01138297047048,-6.,2.));
#15517=CARTESIAN_POINT('',(-7.01138297047048,-6.,-2.69399157074585E-16));
#15518=CARTESIAN_POINT('',(-7.01138297047048,-6.,0.));
#15519=CARTESIAN_POINT('',(-7.01138297047048,-6.,2.));
#15520=CARTESIAN_POINT('Origin',(-8.01138297047048,-6.,2.));
#15521=CARTESIAN_POINT('',(-7.01138297047048,-6.,2.));
#15522=CARTESIAN_POINT('Origin',(-7.01138297047048,-6.,0.));
#15523=CARTESIAN_POINT('',(-24.5,-6.,0.));
#15524=CARTESIAN_POINT('Origin',(-10.0113829704705,-6.,2.));
#15525=CARTESIAN_POINT('Origin',(10.0113829704705,3.22943057454042,2.));
#15526=CARTESIAN_POINT('',(10.0113829704705,1.69797150880948,2.));
#15527=CARTESIAN_POINT('',(8.81960979069118,3.4,2.));
#15528=CARTESIAN_POINT('',(8.93904378818608,3.22943057454042,2.));
#15529=CARTESIAN_POINT('Origin',(10.0113829704705,3.4,2.));
#15530=CARTESIAN_POINT('Origin',(10.0113829704705,6.,2.));
#15531=CARTESIAN_POINT('',(12.0113829704705,6.,2.));
#15532=CARTESIAN_POINT('',(8.60087644222874,6.,0.582089095257592));
#15533=CARTESIAN_POINT('Origin',(10.0113829704705,6.,2.));
#15534=CARTESIAN_POINT('',(8.60087644222874,3.4,0.582089095257592));
#15535=CARTESIAN_POINT('',(8.60087644222874,6.,0.582089095257592));
#15536=CARTESIAN_POINT('',(12.0113829704705,3.4,2.));
#15537=CARTESIAN_POINT('Origin',(10.0113829704705,3.4,2.));
#15538=CARTESIAN_POINT('',(12.0113829704705,6.,2.));
#15539=CARTESIAN_POINT('Origin',(8.60087644222874,6.,0.582089095257592));
#15540=CARTESIAN_POINT('',(9.18602118220111,6.,0.));
#15541=CARTESIAN_POINT('',(8.60087644222874,6.,0.582089095257592));
#15542=CARTESIAN_POINT('',(9.18602118220111,3.4,0.));
#15543=CARTESIAN_POINT('',(9.18602118220111,6.,0.));
#15544=CARTESIAN_POINT('',(8.60087644222872,3.4,0.582089095257614));
#15545=CARTESIAN_POINT('Origin',(10.0113829704705,3.4,2.));
#15546=CARTESIAN_POINT('',(11.4039168944103,3.4,0.));
#15547=CARTESIAN_POINT('',(9.59870207633579,3.4,0.));
#15548=CARTESIAN_POINT('',(11.7039908043606,3.4,0.298506914309097));
#15549=CARTESIAN_POINT('',(11.7039908043605,3.4,0.298506914309066));
#15550=CARTESIAN_POINT('',(12.4113829704705,3.4,2.));
#15551=CARTESIAN_POINT('Origin',(10.0113829704705,3.4,2.));
#15552=CARTESIAN_POINT('',(11.5113829704705,3.4,2.));
#15553=CARTESIAN_POINT('Origin',(10.0113829704705,6.,2.));
#15554=CARTESIAN_POINT('',(13.0113829704705,6.,2.));
#15555=CARTESIAN_POINT('',(7.01138297047048,6.,2.));
#15556=CARTESIAN_POINT('',(13.0113829704705,6.,0.));
#15557=CARTESIAN_POINT('',(13.0113829704705,6.,-2.69399157074585E-16));
#15558=CARTESIAN_POINT('',(24.5,6.,0.));
#15559=CARTESIAN_POINT('Origin',(10.0113829704705,-3.22943057454042,2.));
#15560=CARTESIAN_POINT('',(10.0113829704705,-1.69797150880948,2.));
#15561=CARTESIAN_POINT('',(8.81960979069118,-3.4,2.));
#15562=CARTESIAN_POINT('',(8.93904378818608,-3.22943057454042,2.));
#15563=CARTESIAN_POINT('Origin',(10.0113829704705,-3.4,2.));
#15564=CARTESIAN_POINT('Origin',(10.0113829704705,-6.,2.));
#15565=CARTESIAN_POINT('',(11.7039908043606,-3.4,0.298506914309097));
#15566=CARTESIAN_POINT('',(11.7039908043606,-6.,0.298506914309097));
#15567=CARTESIAN_POINT('',(12.4113829704705,-3.4,2.));
#15568=CARTESIAN_POINT('Origin',(10.0113829704705,-3.4,2.));
#15569=CARTESIAN_POINT('',(12.4113829704705,-6.,2.));
#15570=CARTESIAN_POINT('Origin',(11.7039908043606,-6.,0.298506914309097));
#15571=CARTESIAN_POINT('',(11.4039168944103,-3.4,0.));
#15572=CARTESIAN_POINT('',(11.7039908043605,-3.4,0.298506914309066));
#15573=CARTESIAN_POINT('',(11.4039168944103,-6.,0.));
#15574=CARTESIAN_POINT('Origin',(13.0113829704705,-6.,2.));
#15575=CARTESIAN_POINT('',(12.0113829704705,-6.,2.));
#15576=CARTESIAN_POINT('',(13.0113829704705,-6.,2.));
#15577=CARTESIAN_POINT('',(7.01138297047048,-6.,2.));
#15578=CARTESIAN_POINT('',(13.0113829704705,-6.,2.));
#15579=CARTESIAN_POINT('',(12.0113829704705,-3.4,2.));
#15580=CARTESIAN_POINT('',(11.5113829704705,-3.4,2.));
#15581=CARTESIAN_POINT('',(12.0113829704705,-6.,2.));
#15582=CARTESIAN_POINT('Origin',(13.0113829704705,-6.,0.));
#15583=CARTESIAN_POINT('',(13.0113829704705,-6.,0.));
#15584=CARTESIAN_POINT('',(13.0113829704705,-6.,-2.69399157074585E-16));
#15585=CARTESIAN_POINT('',(13.0113829704705,-6.,0.));
#15586=CARTESIAN_POINT('Origin',(10.0113829704705,-6.,2.));
#15587=CARTESIAN_POINT('',(8.60087644222874,-6.,0.582089095257592));
#15588=CARTESIAN_POINT('Origin',(10.0113829704705,-6.,2.));
#15589=CARTESIAN_POINT('',(8.60087644222874,-3.4,0.582089095257592));
#15590=CARTESIAN_POINT('Origin',(10.0113829704705,-3.4,2.));
#15591=CARTESIAN_POINT('',(8.60087644222874,-6.,0.582089095257592));
#15592=CARTESIAN_POINT('Origin',(9.18602118220111,-6.,0.));
#15593=CARTESIAN_POINT('',(9.18602118220111,-6.,0.));
#15594=CARTESIAN_POINT('',(24.5,-6.,0.));
#15595=CARTESIAN_POINT('',(9.18602118220111,-3.4,0.));
#15596=CARTESIAN_POINT('',(9.18602118220111,-6.,0.));
#15597=CARTESIAN_POINT('',(9.59870207633579,-3.4,0.));
#15598=CARTESIAN_POINT('Origin',(8.60087644222874,-6.,0.582089095257592));
#15599=CARTESIAN_POINT('',(8.60087644222874,-6.,0.582089095257592));
#15600=CARTESIAN_POINT('',(8.60087644222872,-3.4,0.582089095257614));
#15601=CARTESIAN_POINT('Origin',(10.0113829704705,-3.4,2.));
#15602=CARTESIAN_POINT('Origin',(10.0113829704705,-6.,2.));
#15603=CARTESIAN_POINT('Origin',(10.0113829704705,3.,2.));
#15604=CARTESIAN_POINT('',(8.61138297047049,3.,2.));
#15605=CARTESIAN_POINT('Origin',(10.0113829704705,3.,2.));
#15606=CARTESIAN_POINT('',(10.0113829704705,1.00059279056104,2.));
#15607=CARTESIAN_POINT('',(8.61138297047049,3.,2.));
#15608=CARTESIAN_POINT('Origin',(10.0113829704705,6.,2.));
#15609=CARTESIAN_POINT('',(7.61138297047048,6.,2.));
#15610=CARTESIAN_POINT('',(7.61138297047048,3.,2.));
#15611=CARTESIAN_POINT('',(7.61138297047048,6.,2.));
#15612=CARTESIAN_POINT('',(8.31877513658039,3.,0.298506914309119));
#15613=CARTESIAN_POINT('Origin',(10.0113829704705,3.,2.));
#15614=CARTESIAN_POINT('',(8.31877513658039,6.,0.298506914309119));
#15615=CARTESIAN_POINT('',(8.31877513658039,6.,0.298506914309119));
#15616=CARTESIAN_POINT('Origin',(10.0113829704705,6.,2.));
#15617=CARTESIAN_POINT('Origin',(8.31877513658039,6.,0.298506914309119));
#15618=CARTESIAN_POINT('',(8.61884904653066,6.,0.));
#15619=CARTESIAN_POINT('',(8.31877513658037,6.,0.298506914309141));
#15620=CARTESIAN_POINT('',(8.61884904653066,3.,0.));
#15621=CARTESIAN_POINT('',(8.31877513658037,3.,0.298506914309141));
#15622=CARTESIAN_POINT('',(8.61884904653066,6.,-6.93889390390723E-17));
#15623=CARTESIAN_POINT('Origin',(10.0113829704705,3.,2.));
#15624=CARTESIAN_POINT('',(8.01138297047048,3.,2.));
#15625=CARTESIAN_POINT('',(9.01138297047048,3.,2.));
#15626=CARTESIAN_POINT('',(11.4218894987122,3.,0.582089095257592));
#15627=CARTESIAN_POINT('Origin',(10.0113829704705,3.,2.));
#15628=CARTESIAN_POINT('',(10.8367447587398,3.,0.));
#15629=CARTESIAN_POINT('',(11.4218894987122,3.,0.582089095257592));
#15630=CARTESIAN_POINT('',(8.51138297047049,3.,0.));
#15631=CARTESIAN_POINT('Origin',(10.0113829704705,6.,2.));
#15632=CARTESIAN_POINT('',(7.01138297047048,6.,0.));
#15633=CARTESIAN_POINT('',(24.5,6.,0.));
#15634=CARTESIAN_POINT('',(7.01138297047048,6.,2.));
#15635=CARTESIAN_POINT('',(7.01138297047048,6.,-2.69399157074585E-16));
#15636=CARTESIAN_POINT('',(7.01138297047048,6.,2.));
#15637=CARTESIAN_POINT('Origin',(10.0113829704705,-3.,2.));
#15638=CARTESIAN_POINT('',(8.61138297047049,-3.,2.));
#15639=CARTESIAN_POINT('Origin',(10.0113829704705,-3.,2.));
#15640=CARTESIAN_POINT('',(10.0113829704705,-1.00059279056104,2.));
#15641=CARTESIAN_POINT('',(8.61138297047049,-3.,2.));
#15642=CARTESIAN_POINT('Origin',(11.4218894987122,-6.,0.582089095257592));
#15643=CARTESIAN_POINT('',(10.8367447587398,-3.,0.));
#15644=CARTESIAN_POINT('',(11.4218894987122,-3.,0.582089095257592));
#15645=CARTESIAN_POINT('',(11.4218894987122,-3.,0.582089095257592));
#15646=CARTESIAN_POINT('',(10.8367447587398,-6.,0.));
#15647=CARTESIAN_POINT('',(11.4218894987122,-6.,0.582089095257592));
#15648=CARTESIAN_POINT('Origin',(10.0113829704705,-6.,2.));
#15649=CARTESIAN_POINT('',(7.61138297047048,-6.,2.));
#15650=CARTESIAN_POINT('',(7.61138297047048,-3.,2.));
#15651=CARTESIAN_POINT('',(7.61138297047048,-6.,2.));
#15652=CARTESIAN_POINT('',(8.31877513658039,-6.,0.298506914309119));
#15653=CARTESIAN_POINT('Origin',(10.0113829704705,-6.,2.));
#15654=CARTESIAN_POINT('',(8.31877513658039,-3.,0.298506914309119));
#15655=CARTESIAN_POINT('',(8.31877513658039,-6.,0.298506914309119));
#15656=CARTESIAN_POINT('Origin',(10.0113829704705,-3.,2.));
#15657=CARTESIAN_POINT('Origin',(8.31877513658039,-6.,0.298506914309119));
#15658=CARTESIAN_POINT('',(8.61884904653066,-6.,0.));
#15659=CARTESIAN_POINT('',(8.31877513658037,-6.,0.298506914309141));
#15660=CARTESIAN_POINT('',(8.61884904653066,-3.,0.));
#15661=CARTESIAN_POINT('',(8.61884904653066,-6.,-6.93889390390723E-17));
#15662=CARTESIAN_POINT('',(8.31877513658037,-3.,0.298506914309141));
#15663=CARTESIAN_POINT('Origin',(10.0113829704705,-3.,2.));
#15664=CARTESIAN_POINT('',(8.51138297047049,-3.,0.));
#15665=CARTESIAN_POINT('',(8.01138297047048,-3.,2.));
#15666=CARTESIAN_POINT('Origin',(10.0113829704705,-3.,2.));
#15667=CARTESIAN_POINT('',(9.01138297047048,-3.,2.));
#15668=CARTESIAN_POINT('Origin',(10.0113829704705,-6.,2.));
#15669=CARTESIAN_POINT('',(8.01138297047048,-6.,2.));
#15670=CARTESIAN_POINT('Origin',(7.01138297047048,-6.,2.));
#15671=CARTESIAN_POINT('',(7.01138297047048,-6.,0.));
#15672=CARTESIAN_POINT('',(7.01138297047048,-6.,2.));
#15673=CARTESIAN_POINT('',(7.01138297047048,-6.,-2.69399157074585E-16));
#15674=CARTESIAN_POINT('',(7.01138297047048,-6.,2.));
#15675=CARTESIAN_POINT('',(7.01138297047048,-6.,0.));
#15676=CARTESIAN_POINT('Origin',(8.01138297047048,-6.,2.));
#15677=CARTESIAN_POINT('',(7.01138297047048,-6.,2.));
#15678=CARTESIAN_POINT('Origin',(7.01138297047048,-6.,0.));
#15679=CARTESIAN_POINT('',(24.5,-6.,0.));
#15680=CARTESIAN_POINT('Origin',(10.0113829704705,-6.,2.));
#15681=CARTESIAN_POINT('Origin',(-3.22943057454042,-10.0113829704705,2.));
#15682=CARTESIAN_POINT('',(-1.69797150880948,-10.0113829704705,2.));
#15683=CARTESIAN_POINT('',(-3.4,-8.81960979069118,2.));
#15684=CARTESIAN_POINT('',(-3.22943057454042,-8.93904378818608,2.));
#15685=CARTESIAN_POINT('Origin',(-3.4,-10.0113829704705,2.));
#15686=CARTESIAN_POINT('Origin',(-6.,-10.0113829704705,2.));
#15687=CARTESIAN_POINT('',(-6.,-12.0113829704705,2.));
#15688=CARTESIAN_POINT('',(-6.,-8.60087644222874,0.582089095257592));
#15689=CARTESIAN_POINT('Origin',(-6.,-10.0113829704705,2.));
#15690=CARTESIAN_POINT('',(-3.4,-12.0113829704705,2.));
#15691=CARTESIAN_POINT('',(-6.,-12.0113829704705,2.));
#15692=CARTESIAN_POINT('',(-3.4,-8.60087644222874,0.582089095257592));
#15693=CARTESIAN_POINT('Origin',(-3.4,-10.0113829704705,2.));
#15694=CARTESIAN_POINT('',(-6.,-8.60087644222874,0.582089095257592));
#15695=CARTESIAN_POINT('Origin',(-6.,-8.60087644222874,0.582089095257592));
#15696=CARTESIAN_POINT('',(-6.,-9.1860211822011,0.));
#15697=CARTESIAN_POINT('',(-6.,-8.60087644222874,0.582089095257592));
#15698=CARTESIAN_POINT('',(-3.4,-9.1860211822011,0.));
#15699=CARTESIAN_POINT('',(-3.4,-8.60087644222872,0.582089095257614));
#15700=CARTESIAN_POINT('',(-6.,-9.1860211822011,0.));
#15701=CARTESIAN_POINT('Origin',(-3.4,-10.0113829704705,2.));
#15702=CARTESIAN_POINT('',(-3.4,-12.4113829704705,2.));
#15703=CARTESIAN_POINT('',(-3.4,-11.5113829704705,2.));
#15704=CARTESIAN_POINT('',(-3.4,-11.7039908043606,0.298506914309097));
#15705=CARTESIAN_POINT('Origin',(-3.4,-10.0113829704705,2.));
#15706=CARTESIAN_POINT('',(-3.4,-11.4039168944103,0.));
#15707=CARTESIAN_POINT('',(-3.4,-11.7039908043605,0.298506914309066));
#15708=CARTESIAN_POINT('',(-3.4,-9.59870207633579,0.));
#15709=CARTESIAN_POINT('Origin',(-6.,-10.0113829704705,2.));
#15710=CARTESIAN_POINT('',(-6.,-13.0113829704705,0.));
#15711=CARTESIAN_POINT('',(-6.00000000000001,-24.5,0.));
#15712=CARTESIAN_POINT('',(-6.,-13.0113829704705,2.));
#15713=CARTESIAN_POINT('',(-6.,-13.0113829704705,-2.69399157074585E-16));
#15714=CARTESIAN_POINT('',(-6.,-7.01138297047048,2.));
#15715=CARTESIAN_POINT('Origin',(3.22943057454042,-10.0113829704705,2.));
#15716=CARTESIAN_POINT('',(1.69797150880948,-10.0113829704705,2.));
#15717=CARTESIAN_POINT('',(3.4,-8.81960979069118,2.));
#15718=CARTESIAN_POINT('',(3.22943057454042,-8.93904378818608,2.));
#15719=CARTESIAN_POINT('Origin',(3.4,-10.0113829704705,2.));
#15720=CARTESIAN_POINT('Origin',(6.,-10.0113829704705,2.));
#15721=CARTESIAN_POINT('',(3.4,-11.7039908043606,0.298506914309097));
#15722=CARTESIAN_POINT('',(6.,-11.7039908043606,0.298506914309097));
#15723=CARTESIAN_POINT('',(3.4,-12.4113829704705,2.));
#15724=CARTESIAN_POINT('',(6.,-12.4113829704705,2.));
#15725=CARTESIAN_POINT('Origin',(3.4,-10.0113829704705,2.));
#15726=CARTESIAN_POINT('Origin',(6.,-11.7039908043606,0.298506914309097));
#15727=CARTESIAN_POINT('',(3.4,-11.4039168944103,0.));
#15728=CARTESIAN_POINT('',(3.4,-11.7039908043605,0.298506914309066));
#15729=CARTESIAN_POINT('',(6.,-11.4039168944103,0.));
#15730=CARTESIAN_POINT('Origin',(6.,-13.0113829704705,2.));
#15731=CARTESIAN_POINT('',(6.,-12.0113829704705,2.));
#15732=CARTESIAN_POINT('',(6.,-13.0113829704705,2.));
#15733=CARTESIAN_POINT('',(6.,-7.01138297047048,2.));
#15734=CARTESIAN_POINT('',(3.4,-12.0113829704705,2.));
#15735=CARTESIAN_POINT('',(6.,-12.0113829704705,2.));
#15736=CARTESIAN_POINT('',(3.4,-11.5113829704705,2.));
#15737=CARTESIAN_POINT('',(6.,-13.0113829704705,2.));
#15738=CARTESIAN_POINT('Origin',(6.,-13.0113829704705,0.));
#15739=CARTESIAN_POINT('',(6.,-13.0113829704705,0.));
#15740=CARTESIAN_POINT('',(6.,-13.0113829704705,-2.69399157074585E-16));
#15741=CARTESIAN_POINT('',(6.,-13.0113829704705,0.));
#15742=CARTESIAN_POINT('Origin',(6.,-10.0113829704705,2.));
#15743=CARTESIAN_POINT('',(6.,-8.60087644222875,0.582089095257592));
#15744=CARTESIAN_POINT('Origin',(6.,-10.0113829704705,2.));
#15745=CARTESIAN_POINT('',(3.4,-8.60087644222875,0.582089095257592));
#15746=CARTESIAN_POINT('',(6.,-8.60087644222875,0.582089095257592));
#15747=CARTESIAN_POINT('Origin',(3.4,-10.0113829704705,2.));
#15748=CARTESIAN_POINT('Origin',(6.,-9.18602118220111,0.));
#15749=CARTESIAN_POINT('',(6.,-9.18602118220111,0.));
#15750=CARTESIAN_POINT('',(6.,-24.5,0.));
#15751=CARTESIAN_POINT('',(3.4,-9.18602118220111,0.));
#15752=CARTESIAN_POINT('',(3.4,-9.5987020763358,0.));
#15753=CARTESIAN_POINT('',(6.,-9.18602118220111,0.));
#15754=CARTESIAN_POINT('Origin',(6.,-8.60087644222875,0.582089095257592));
#15755=CARTESIAN_POINT('',(6.,-8.60087644222875,0.582089095257592));
#15756=CARTESIAN_POINT('',(3.4,-8.60087644222872,0.582089095257614));
#15757=CARTESIAN_POINT('Origin',(3.4,-10.0113829704705,2.));
#15758=CARTESIAN_POINT('Origin',(6.,-10.0113829704705,2.));
#15759=CARTESIAN_POINT('Origin',(-3.,-10.0113829704705,2.));
#15760=CARTESIAN_POINT('',(-3.,-8.61138297047048,2.));
#15761=CARTESIAN_POINT('Origin',(-3.,-10.0113829704705,2.));
#15762=CARTESIAN_POINT('',(-1.00059279056104,-10.0113829704705,2.));
#15763=CARTESIAN_POINT('',(-3.,-8.61138297047049,2.));
#15764=CARTESIAN_POINT('Origin',(-6.,-10.0113829704705,2.));
#15765=CARTESIAN_POINT('',(-6.,-7.61138297047048,2.));
#15766=CARTESIAN_POINT('',(-3.,-7.61138297047048,2.));
#15767=CARTESIAN_POINT('',(-6.,-7.61138297047048,2.));
#15768=CARTESIAN_POINT('',(-6.,-8.31877513658039,0.298506914309119));
#15769=CARTESIAN_POINT('Origin',(-6.,-10.0113829704705,2.));
#15770=CARTESIAN_POINT('',(-3.,-8.31877513658039,0.298506914309119));
#15771=CARTESIAN_POINT('',(-6.,-8.31877513658039,0.298506914309119));
#15772=CARTESIAN_POINT('Origin',(-3.,-10.0113829704705,2.));
#15773=CARTESIAN_POINT('Origin',(-6.,-8.31877513658039,0.298506914309119));
#15774=CARTESIAN_POINT('',(-6.,-8.61884904653066,0.));
#15775=CARTESIAN_POINT('',(-6.,-8.31877513658036,0.298506914309141));
#15776=CARTESIAN_POINT('',(-3.,-8.61884904653066,0.));
#15777=CARTESIAN_POINT('',(-6.,-8.61884904653066,-6.93889390390723E-17));
#15778=CARTESIAN_POINT('',(-3.,-8.31877513658036,0.298506914309141));
#15779=CARTESIAN_POINT('Origin',(-3.,-10.0113829704705,2.));
#15780=CARTESIAN_POINT('',(-3.,-10.8367447587398,0.));
#15781=CARTESIAN_POINT('',(-3.,-8.51138297047048,0.));
#15782=CARTESIAN_POINT('',(-3.,-11.4218894987122,0.582089095257592));
#15783=CARTESIAN_POINT('',(-3.,-11.4218894987122,0.582089095257592));
#15784=CARTESIAN_POINT('',(-3.,-8.01138297047048,2.));
#15785=CARTESIAN_POINT('Origin',(-3.,-10.0113829704705,2.));
#15786=CARTESIAN_POINT('',(-3.,-9.01138297047048,2.));
#15787=CARTESIAN_POINT('Origin',(-6.,-10.0113829704705,2.));
#15788=CARTESIAN_POINT('',(-6.,-7.01138297047048,2.));
#15789=CARTESIAN_POINT('',(-6.,-7.01138297047048,2.));
#15790=CARTESIAN_POINT('',(-6.,-7.01138297047048,0.));
#15791=CARTESIAN_POINT('',(-6.,-7.01138297047048,-2.69399157074585E-16));
#15792=CARTESIAN_POINT('',(-6.00000000000001,-24.5,0.));
#15793=CARTESIAN_POINT('Origin',(3.,-10.0113829704705,2.));
#15794=CARTESIAN_POINT('',(3.,-8.61138297047049,2.));
#15795=CARTESIAN_POINT('Origin',(3.,-10.0113829704705,2.));
#15796=CARTESIAN_POINT('',(1.00059279056104,-10.0113829704705,2.));
#15797=CARTESIAN_POINT('',(3.,-8.61138297047049,2.));
#15798=CARTESIAN_POINT('Origin',(6.,-11.4218894987122,0.582089095257592));
#15799=CARTESIAN_POINT('',(3.,-10.8367447587398,0.));
#15800=CARTESIAN_POINT('',(3.,-11.4218894987122,0.582089095257592));
#15801=CARTESIAN_POINT('',(3.,-11.4218894987122,0.582089095257592));
#15802=CARTESIAN_POINT('',(6.,-11.4218894987122,0.582089095257592));
#15803=CARTESIAN_POINT('',(6.,-10.8367447587398,0.));
#15804=CARTESIAN_POINT('Origin',(6.,-10.0113829704705,2.));
#15805=CARTESIAN_POINT('',(6.,-7.61138297047049,2.));
#15806=CARTESIAN_POINT('',(3.,-7.61138297047049,2.));
#15807=CARTESIAN_POINT('',(6.,-7.61138297047049,2.));
#15808=CARTESIAN_POINT('',(3.,-8.31877513658039,0.298506914309119));
#15809=CARTESIAN_POINT('Origin',(3.,-10.0113829704705,2.));
#15810=CARTESIAN_POINT('',(6.,-8.31877513658039,0.298506914309119));
#15811=CARTESIAN_POINT('',(6.,-8.31877513658039,0.298506914309119));
#15812=CARTESIAN_POINT('Origin',(6.,-10.0113829704705,2.));
#15813=CARTESIAN_POINT('Origin',(6.,-8.31877513658039,0.298506914309119));
#15814=CARTESIAN_POINT('',(6.,-8.61884904653066,0.));
#15815=CARTESIAN_POINT('',(6.,-8.31877513658037,0.298506914309141));
#15816=CARTESIAN_POINT('',(3.,-8.61884904653066,0.));
#15817=CARTESIAN_POINT('',(3.,-8.31877513658037,0.298506914309141));
#15818=CARTESIAN_POINT('',(6.,-8.61884904653066,-6.93889390390723E-17));
#15819=CARTESIAN_POINT('Origin',(3.,-10.0113829704705,2.));
#15820=CARTESIAN_POINT('',(3.,-8.01138297047049,2.));
#15821=CARTESIAN_POINT('',(3.,-9.01138297047048,2.));
#15822=CARTESIAN_POINT('Origin',(3.,-10.0113829704705,2.));
#15823=CARTESIAN_POINT('',(3.,-8.51138297047049,0.));
#15824=CARTESIAN_POINT('Origin',(6.,-10.0113829704705,2.));
#15825=CARTESIAN_POINT('',(6.,-8.01138297047049,2.));
#15826=CARTESIAN_POINT('Origin',(6.,-7.01138297047048,2.));
#15827=CARTESIAN_POINT('',(6.,-7.01138297047048,0.));
#15828=CARTESIAN_POINT('',(6.,-7.01138297047048,2.));
#15829=CARTESIAN_POINT('',(6.,-7.01138297047048,-2.69399157074585E-16));
#15830=CARTESIAN_POINT('',(6.,-7.01138297047048,0.));
#15831=CARTESIAN_POINT('',(6.,-7.01138297047048,2.));
#15832=CARTESIAN_POINT('Origin',(6.,-8.01138297047049,2.));
#15833=CARTESIAN_POINT('',(6.,-7.01138297047048,2.));
#15834=CARTESIAN_POINT('Origin',(6.,-7.01138297047048,0.));
#15835=CARTESIAN_POINT('',(6.,-24.5,0.));
#15836=CARTESIAN_POINT('Origin',(6.,-10.0113829704705,2.));
#15837=CARTESIAN_POINT('Origin',(-3.22943057454042,10.0113829704705,2.));
#15838=CARTESIAN_POINT('',(-1.69797150880948,10.0113829704705,2.));
#15839=CARTESIAN_POINT('',(-3.4,8.81960979069118,2.));
#15840=CARTESIAN_POINT('',(-3.22943057454042,8.93904378818608,2.));
#15841=CARTESIAN_POINT('Origin',(-3.4,10.0113829704705,2.));
#15842=CARTESIAN_POINT('Origin',(-6.,10.0113829704705,2.));
#15843=CARTESIAN_POINT('',(-6.,12.0113829704705,2.));
#15844=CARTESIAN_POINT('',(-6.,8.60087644222875,0.582089095257592));
#15845=CARTESIAN_POINT('Origin',(-6.,10.0113829704705,2.));
#15846=CARTESIAN_POINT('',(-3.4,8.60087644222875,0.582089095257592));
#15847=CARTESIAN_POINT('',(-6.,8.60087644222875,0.582089095257592));
#15848=CARTESIAN_POINT('',(-3.4,12.0113829704705,2.));
#15849=CARTESIAN_POINT('Origin',(-3.4,10.0113829704705,2.));
#15850=CARTESIAN_POINT('',(-6.,12.0113829704705,2.));
#15851=CARTESIAN_POINT('Origin',(-6.,8.60087644222875,0.582089095257592));
#15852=CARTESIAN_POINT('',(-6.,9.18602118220111,0.));
#15853=CARTESIAN_POINT('',(-6.,8.60087644222875,0.582089095257592));
#15854=CARTESIAN_POINT('',(-3.4,9.18602118220111,0.));
#15855=CARTESIAN_POINT('',(-6.,9.18602118220111,0.));
#15856=CARTESIAN_POINT('',(-3.4,8.60087644222872,0.582089095257614));
#15857=CARTESIAN_POINT('Origin',(-3.4,10.0113829704705,2.));
#15858=CARTESIAN_POINT('',(-3.4,11.4039168944103,0.));
#15859=CARTESIAN_POINT('',(-3.4,9.5987020763358,0.));
#15860=CARTESIAN_POINT('',(-3.4,11.7039908043606,0.298506914309097));
#15861=CARTESIAN_POINT('',(-3.4,11.7039908043605,0.298506914309066));
#15862=CARTESIAN_POINT('',(-3.4,12.4113829704705,2.));
#15863=CARTESIAN_POINT('Origin',(-3.4,10.0113829704705,2.));
#15864=CARTESIAN_POINT('',(-3.4,11.5113829704705,2.));
#15865=CARTESIAN_POINT('Origin',(-6.,10.0113829704705,2.));
#15866=CARTESIAN_POINT('',(-6.,13.0113829704705,2.));
#15867=CARTESIAN_POINT('',(-6.,7.01138297047048,2.));
#15868=CARTESIAN_POINT('',(-6.,13.0113829704705,0.));
#15869=CARTESIAN_POINT('',(-6.,13.0113829704705,-2.69399157074585E-16));
#15870=CARTESIAN_POINT('',(-6.,24.5,0.));
#15871=CARTESIAN_POINT('Origin',(3.22943057454042,10.0113829704705,2.));
#15872=CARTESIAN_POINT('',(1.69797150880948,10.0113829704705,2.));
#15873=CARTESIAN_POINT('',(3.4,8.81960979069118,2.));
#15874=CARTESIAN_POINT('',(3.22943057454042,8.93904378818608,2.));
#15875=CARTESIAN_POINT('Origin',(3.4,10.0113829704705,2.));
#15876=CARTESIAN_POINT('Origin',(6.,10.0113829704705,2.));
#15877=CARTESIAN_POINT('',(3.4,11.7039908043606,0.298506914309097));
#15878=CARTESIAN_POINT('',(6.,11.7039908043606,0.298506914309097));
#15879=CARTESIAN_POINT('',(3.4,12.4113829704705,2.));
#15880=CARTESIAN_POINT('Origin',(3.4,10.0113829704705,2.));
#15881=CARTESIAN_POINT('',(6.,12.4113829704705,2.));
#15882=CARTESIAN_POINT('Origin',(6.,11.7039908043606,0.298506914309097));
#15883=CARTESIAN_POINT('',(3.4,11.4039168944103,0.));
#15884=CARTESIAN_POINT('',(3.4,11.7039908043605,0.298506914309066));
#15885=CARTESIAN_POINT('',(6.,11.4039168944103,0.));
#15886=CARTESIAN_POINT('Origin',(6.,13.0113829704705,2.));
#15887=CARTESIAN_POINT('',(6.,12.0113829704705,2.));
#15888=CARTESIAN_POINT('',(6.,13.0113829704705,2.));
#15889=CARTESIAN_POINT('',(6.,7.01138297047048,2.));
#15890=CARTESIAN_POINT('',(6.,13.0113829704705,2.));
#15891=CARTESIAN_POINT('',(3.4,12.0113829704705,2.));
#15892=CARTESIAN_POINT('',(3.4,11.5113829704705,2.));
#15893=CARTESIAN_POINT('',(6.,12.0113829704705,2.));
#15894=CARTESIAN_POINT('Origin',(6.,13.0113829704705,0.));
#15895=CARTESIAN_POINT('',(6.,13.0113829704705,0.));
#15896=CARTESIAN_POINT('',(6.,13.0113829704705,-2.69399157074585E-16));
#15897=CARTESIAN_POINT('',(6.,13.0113829704705,0.));
#15898=CARTESIAN_POINT('Origin',(6.,10.0113829704705,2.));
#15899=CARTESIAN_POINT('',(6.,8.60087644222874,0.582089095257592));
#15900=CARTESIAN_POINT('Origin',(6.,10.0113829704705,2.));
#15901=CARTESIAN_POINT('',(3.4,8.60087644222874,0.582089095257592));
#15902=CARTESIAN_POINT('Origin',(3.4,10.0113829704705,2.));
#15903=CARTESIAN_POINT('',(6.,8.60087644222874,0.582089095257592));
#15904=CARTESIAN_POINT('Origin',(6.,9.1860211822011,0.));
#15905=CARTESIAN_POINT('',(6.,9.1860211822011,0.));
#15906=CARTESIAN_POINT('',(6.00000000000001,24.5,0.));
#15907=CARTESIAN_POINT('',(3.4,9.1860211822011,0.));
#15908=CARTESIAN_POINT('',(6.,9.1860211822011,0.));
#15909=CARTESIAN_POINT('',(3.4,9.59870207633579,0.));
#15910=CARTESIAN_POINT('Origin',(6.,8.60087644222874,0.582089095257592));
#15911=CARTESIAN_POINT('',(6.,8.60087644222874,0.582089095257592));
#15912=CARTESIAN_POINT('',(3.4,8.60087644222872,0.582089095257614));
#15913=CARTESIAN_POINT('Origin',(3.4,10.0113829704705,2.));
#15914=CARTESIAN_POINT('Origin',(6.,10.0113829704705,2.));
#15915=CARTESIAN_POINT('Origin',(-3.,10.0113829704705,2.));
#15916=CARTESIAN_POINT('',(-3.,8.61138297047049,2.));
#15917=CARTESIAN_POINT('Origin',(-3.,10.0113829704705,2.));
#15918=CARTESIAN_POINT('',(-1.00059279056104,10.0113829704705,2.));
#15919=CARTESIAN_POINT('',(-3.,8.61138297047049,2.));
#15920=CARTESIAN_POINT('Origin',(-6.,10.0113829704705,2.));
#15921=CARTESIAN_POINT('',(-6.,7.61138297047049,2.));
#15922=CARTESIAN_POINT('',(-3.,7.61138297047049,2.));
#15923=CARTESIAN_POINT('',(-6.,7.61138297047049,2.));
#15924=CARTESIAN_POINT('',(-3.,8.31877513658039,0.298506914309119));
#15925=CARTESIAN_POINT('Origin',(-3.,10.0113829704705,2.));
#15926=CARTESIAN_POINT('',(-6.,8.31877513658039,0.298506914309119));
#15927=CARTESIAN_POINT('',(-6.,8.31877513658039,0.298506914309119));
#15928=CARTESIAN_POINT('Origin',(-6.,10.0113829704705,2.));
#15929=CARTESIAN_POINT('Origin',(-6.,8.31877513658039,0.298506914309119));
#15930=CARTESIAN_POINT('',(-6.,8.61884904653066,0.));
#15931=CARTESIAN_POINT('',(-6.,8.31877513658037,0.298506914309141));
#15932=CARTESIAN_POINT('',(-3.,8.61884904653066,0.));
#15933=CARTESIAN_POINT('',(-3.,8.31877513658037,0.298506914309141));
#15934=CARTESIAN_POINT('',(-6.,8.61884904653066,-6.93889390390723E-17));
#15935=CARTESIAN_POINT('Origin',(-3.,10.0113829704705,2.));
#15936=CARTESIAN_POINT('',(-3.,8.01138297047049,2.));
#15937=CARTESIAN_POINT('',(-3.,9.01138297047048,2.));
#15938=CARTESIAN_POINT('',(-3.,11.4218894987122,0.582089095257592));
#15939=CARTESIAN_POINT('Origin',(-3.,10.0113829704705,2.));
#15940=CARTESIAN_POINT('',(-3.,10.8367447587398,0.));
#15941=CARTESIAN_POINT('',(-3.,11.4218894987122,0.582089095257592));
#15942=CARTESIAN_POINT('',(-3.,8.51138297047049,0.));
#15943=CARTESIAN_POINT('Origin',(-6.,10.0113829704705,2.));
#15944=CARTESIAN_POINT('',(-6.,7.01138297047048,0.));
#15945=CARTESIAN_POINT('',(-6.,24.5,0.));
#15946=CARTESIAN_POINT('',(-6.,7.01138297047048,2.));
#15947=CARTESIAN_POINT('',(-6.,7.01138297047048,-2.69399157074585E-16));
#15948=CARTESIAN_POINT('',(-6.,7.01138297047048,2.));
#15949=CARTESIAN_POINT('Origin',(3.,10.0113829704705,2.));
#15950=CARTESIAN_POINT('',(3.,8.61138297047048,2.));
#15951=CARTESIAN_POINT('Origin',(3.,10.0113829704705,2.));
#15952=CARTESIAN_POINT('',(1.00059279056104,10.0113829704705,2.));
#15953=CARTESIAN_POINT('',(3.,8.61138297047049,2.));
#15954=CARTESIAN_POINT('Origin',(6.,11.4218894987122,0.582089095257592));
#15955=CARTESIAN_POINT('',(3.,10.8367447587398,0.));
#15956=CARTESIAN_POINT('',(3.,11.4218894987122,0.582089095257592));
#15957=CARTESIAN_POINT('',(3.,11.4218894987122,0.582089095257592));
#15958=CARTESIAN_POINT('',(6.,10.8367447587398,0.));
#15959=CARTESIAN_POINT('',(6.,11.4218894987122,0.582089095257592));
#15960=CARTESIAN_POINT('Origin',(6.,10.0113829704705,2.));
#15961=CARTESIAN_POINT('',(6.,7.61138297047048,2.));
#15962=CARTESIAN_POINT('',(3.,7.61138297047048,2.));
#15963=CARTESIAN_POINT('',(6.,7.61138297047048,2.));
#15964=CARTESIAN_POINT('',(6.,8.31877513658039,0.298506914309119));
#15965=CARTESIAN_POINT('Origin',(6.,10.0113829704705,2.));
#15966=CARTESIAN_POINT('',(3.,8.31877513658039,0.298506914309119));
#15967=CARTESIAN_POINT('',(6.,8.31877513658039,0.298506914309119));
#15968=CARTESIAN_POINT('Origin',(3.,10.0113829704705,2.));
#15969=CARTESIAN_POINT('Origin',(6.,8.31877513658039,0.298506914309119));
#15970=CARTESIAN_POINT('',(6.,8.61884904653066,0.));
#15971=CARTESIAN_POINT('',(6.,8.31877513658036,0.298506914309141));
#15972=CARTESIAN_POINT('',(3.,8.61884904653066,0.));
#15973=CARTESIAN_POINT('',(6.,8.61884904653066,-6.93889390390723E-17));
#15974=CARTESIAN_POINT('',(3.,8.31877513658036,0.298506914309141));
#15975=CARTESIAN_POINT('Origin',(3.,10.0113829704705,2.));
#15976=CARTESIAN_POINT('',(3.,8.51138297047048,0.));
#15977=CARTESIAN_POINT('',(3.,8.01138297047048,2.));
#15978=CARTESIAN_POINT('Origin',(3.,10.0113829704705,2.));
#15979=CARTESIAN_POINT('',(3.,9.01138297047048,2.));
#15980=CARTESIAN_POINT('Origin',(6.,10.0113829704705,2.));
#15981=CARTESIAN_POINT('',(6.,8.01138297047048,2.));
#15982=CARTESIAN_POINT('Origin',(6.,7.01138297047048,2.));
#15983=CARTESIAN_POINT('',(6.,7.01138297047048,0.));
#15984=CARTESIAN_POINT('',(6.,7.01138297047048,2.));
#15985=CARTESIAN_POINT('',(6.,7.01138297047048,-2.69399157074585E-16));
#15986=CARTESIAN_POINT('',(6.,7.01138297047048,2.));
#15987=CARTESIAN_POINT('',(6.,7.01138297047048,0.));
#15988=CARTESIAN_POINT('Origin',(6.,8.01138297047048,2.));
#15989=CARTESIAN_POINT('',(6.,7.01138297047048,2.));
#15990=CARTESIAN_POINT('Origin',(6.,7.01138297047048,0.));
#15991=CARTESIAN_POINT('',(6.00000000000001,24.5,0.));
#15992=CARTESIAN_POINT('Origin',(6.,10.0113829704705,2.));
#15993=CARTESIAN_POINT('Origin',(-5.,-5.,0.));
#15994=CARTESIAN_POINT('',(5.,-5.,3.));
#15995=CARTESIAN_POINT('',(-5.,-5.,3.));
#15996=CARTESIAN_POINT('',(-2.5,-5.,3.));
#15997=CARTESIAN_POINT('',(5.,-5.,6.));
#15998=CARTESIAN_POINT('',(5.,-5.,0.));
#15999=CARTESIAN_POINT('',(-5.,-5.,6.));
#16000=CARTESIAN_POINT('',(5.,-5.,6.));
#16001=CARTESIAN_POINT('',(-5.,-5.,0.));
#16002=CARTESIAN_POINT('Origin',(5.,-5.,0.));
#16003=CARTESIAN_POINT('',(5.,5.,3.));
#16004=CARTESIAN_POINT('',(5.,-2.5,3.));
#16005=CARTESIAN_POINT('',(5.,5.,6.));
#16006=CARTESIAN_POINT('',(5.,5.,0.));
#16007=CARTESIAN_POINT('',(5.,5.,6.));
#16008=CARTESIAN_POINT('Origin',(-5.,5.,0.));
#16009=CARTESIAN_POINT('',(-5.,5.,3.));
#16010=CARTESIAN_POINT('',(-5.,2.5,3.));
#16011=CARTESIAN_POINT('',(-5.,5.,6.));
#16012=CARTESIAN_POINT('',(-5.,-5.,6.));
#16013=CARTESIAN_POINT('',(-5.,5.,0.));
#16014=CARTESIAN_POINT('Origin',(5.,5.,0.));
#16015=CARTESIAN_POINT('',(2.5,5.,3.));
#16016=CARTESIAN_POINT('',(-5.,5.,6.));
#16017=CARTESIAN_POINT('Origin',(0.,0.,6.));
#16018=CARTESIAN_POINT('Origin',(-7.1,7.1,0.));
#16019=CARTESIAN_POINT('',(-7.1,7.5,0.4));
#16020=CARTESIAN_POINT('',(-7.5,7.1,0.4));
#16021=CARTESIAN_POINT('',(-7.1,7.5,0.4));
#16022=CARTESIAN_POINT('',(-7.1,7.1,0.));
#16023=CARTESIAN_POINT('',(-7.1,7.1,0.));
#16024=CARTESIAN_POINT('',(-7.5,7.1,0.4));
#16025=CARTESIAN_POINT('Origin',(-7.1,-7.5,0.4));
#16026=CARTESIAN_POINT('',(-7.1,-7.1,0.));
#16027=CARTESIAN_POINT('',(-7.5,-7.1,0.4));
#16028=CARTESIAN_POINT('',(-7.1,-7.1,0.));
#16029=CARTESIAN_POINT('',(-7.1,-7.5,0.4));
#16030=CARTESIAN_POINT('',(-7.1,-7.5,0.4));
#16031=CARTESIAN_POINT('',(-7.5,-7.1,0.4));
#16032=CARTESIAN_POINT('Origin',(7.1,7.1,0.));
#16033=CARTESIAN_POINT('',(7.5,7.1,0.4));
#16034=CARTESIAN_POINT('',(7.1,7.5,0.4));
#16035=CARTESIAN_POINT('',(7.5,7.1,0.4));
#16036=CARTESIAN_POINT('',(7.1,7.1,0.));
#16037=CARTESIAN_POINT('',(7.1,7.1,0.));
#16038=CARTESIAN_POINT('',(7.1,7.5,0.4));
#16039=CARTESIAN_POINT('Origin',(-7.5,7.1,2.6));
#16040=CARTESIAN_POINT('',(-7.1,7.5,2.6));
#16041=CARTESIAN_POINT('',(-7.1,7.1,3.));
#16042=CARTESIAN_POINT('',(-7.1,7.5,2.6));
#16043=CARTESIAN_POINT('',(-7.5,7.1,2.6));
#16044=CARTESIAN_POINT('',(-7.5,7.1,2.6));
#16045=CARTESIAN_POINT('',(-7.1,7.1,3.));
#16046=CARTESIAN_POINT('Origin',(-7.3,7.3,0.));
#16047=CARTESIAN_POINT('',(-7.1,7.5,0.));
#16048=CARTESIAN_POINT('',(-7.5,7.1,0.));
#16049=CARTESIAN_POINT('Origin',(7.1,-7.1,0.));
#16050=CARTESIAN_POINT('',(7.1,-7.5,0.4));
#16051=CARTESIAN_POINT('',(7.5,-7.1,0.4));
#16052=CARTESIAN_POINT('',(7.1,-7.5,0.4));
#16053=CARTESIAN_POINT('',(7.1,-7.1,0.));
#16054=CARTESIAN_POINT('',(7.1,-7.1,0.));
#16055=CARTESIAN_POINT('',(7.5,-7.1,0.4));
#16056=CARTESIAN_POINT('Origin',(-3.75,-7.3,0.2));
#16057=CARTESIAN_POINT('',(-3.75,-7.1,0.));
#16058=CARTESIAN_POINT('',(-3.75,-7.5,0.4));
#16059=CARTESIAN_POINT('Origin',(7.3,-3.75,0.2));
#16060=CARTESIAN_POINT('',(7.1,-3.75,0.));
#16061=CARTESIAN_POINT('',(7.5,-3.75,0.4));
#16062=CARTESIAN_POINT('Origin',(-7.1,-7.5,2.6));
#16063=CARTESIAN_POINT('',(-7.5,-7.1,2.6));
#16064=CARTESIAN_POINT('',(-7.1,-7.1,3.));
#16065=CARTESIAN_POINT('',(-7.5,-7.1,2.6));
#16066=CARTESIAN_POINT('',(-7.1,-7.5,2.6));
#16067=CARTESIAN_POINT('',(-7.1,-7.5,2.6));
#16068=CARTESIAN_POINT('',(-7.1,-7.1,3.));
#16069=CARTESIAN_POINT('Origin',(-7.3,-7.3,0.));
#16070=CARTESIAN_POINT('',(-7.5,-7.1,0.));
#16071=CARTESIAN_POINT('',(-7.1,-7.5,0.));
#16072=CARTESIAN_POINT('Origin',(7.1,7.5,2.6));
#16073=CARTESIAN_POINT('',(7.5,7.1,2.6));
#16074=CARTESIAN_POINT('',(7.1,7.1,3.));
#16075=CARTESIAN_POINT('',(7.5,7.1,2.6));
#16076=CARTESIAN_POINT('',(7.1,7.5,2.6));
#16077=CARTESIAN_POINT('',(7.1,7.5,2.6));
#16078=CARTESIAN_POINT('',(7.1,7.1,3.));
#16079=CARTESIAN_POINT('Origin',(7.3,7.3,0.));
#16080=CARTESIAN_POINT('',(7.5,7.1,0.));
#16081=CARTESIAN_POINT('',(7.1,7.5,0.));
#16082=CARTESIAN_POINT('Origin',(3.75,7.3,2.8));
#16083=CARTESIAN_POINT('',(3.75,7.1,3.));
#16084=CARTESIAN_POINT('',(3.75,7.5,2.6));
#16085=CARTESIAN_POINT('Origin',(7.5,-7.1,2.6));
#16086=CARTESIAN_POINT('',(7.1,-7.5,2.6));
#16087=CARTESIAN_POINT('',(7.1,-7.1,3.));
#16088=CARTESIAN_POINT('',(7.1,-7.5,2.6));
#16089=CARTESIAN_POINT('',(7.5,-7.1,2.6));
#16090=CARTESIAN_POINT('',(7.5,-7.1,2.6));
#16091=CARTESIAN_POINT('',(7.1,-7.1,3.));
#16092=CARTESIAN_POINT('Origin',(7.3,-7.3,0.));
#16093=CARTESIAN_POINT('',(7.1,-7.5,0.));
#16094=CARTESIAN_POINT('',(7.5,-7.1,0.));
#16095=CARTESIAN_POINT('Origin',(7.3,-3.75,2.8));
#16096=CARTESIAN_POINT('',(7.1,-3.75,3.));
#16097=CARTESIAN_POINT('',(7.5,-3.75,2.6));
#16098=CARTESIAN_POINT('Origin',(-3.75,-7.3,2.8));
#16099=CARTESIAN_POINT('',(-3.75,-7.1,3.));
#16100=CARTESIAN_POINT('',(-3.75,-7.5,2.6));
#16101=CARTESIAN_POINT('Origin',(-7.3,3.75,2.8));
#16102=CARTESIAN_POINT('',(-7.1,3.75,3.));
#16103=CARTESIAN_POINT('',(-7.5,3.75,2.6));
#16104=CARTESIAN_POINT('Origin',(3.75,7.3,0.2));
#16105=CARTESIAN_POINT('',(3.75,7.1,0.));
#16106=CARTESIAN_POINT('',(3.75,7.5,0.4));
#16107=CARTESIAN_POINT('Origin',(-7.3,3.75,0.2));
#16108=CARTESIAN_POINT('',(-7.1,3.75,0.));
#16109=CARTESIAN_POINT('',(-7.5,3.75,0.4));
#16110=CARTESIAN_POINT('Origin',(-7.5,-7.5,0.));
#16111=CARTESIAN_POINT('Origin',(0.,0.,0.));
#16112=CARTESIAN_POINT('Origin',(7.5,-7.5,0.));
#16113=CARTESIAN_POINT('Origin',(-7.5,7.5,0.));
#16114=CARTESIAN_POINT('Origin',(7.5,7.5,0.));
#16115=CARTESIAN_POINT('Origin',(0.,0.,3.));
#16116=CARTESIAN_POINT('Origin',(27.8895170415739,9.93543130066578,0.4));
#16117=CARTESIAN_POINT('',(27.8842712474619,9.52925775846857,0.));
#16118=CARTESIAN_POINT('',(28.2842712474619,9.6,0.4));
#16119=CARTESIAN_POINT('',(27.8842712474619,9.52925775846857,0.));
#16120=CARTESIAN_POINT('',(27.8895170415739,9.93543130066578,0.4));
#16121=CARTESIAN_POINT('',(27.8895170415739,9.93543130066578,0.4));
#16122=CARTESIAN_POINT('',(28.2842712474619,9.6,0.4));
#16123=CARTESIAN_POINT('Origin',(23.7985293500435,9.06362360589977,0.2));
#16124=CARTESIAN_POINT('',(13.394754205888,7.56456869933422,0.4));
#16125=CARTESIAN_POINT('',(23.7662450003764,9.26100070884378,0.4));
#16126=CARTESIAN_POINT('',(13.,7.09468449578626,0.));
#16127=CARTESIAN_POINT('',(23.8308136997106,8.86624650295575,0.));
#16128=CARTESIAN_POINT('',(13.,7.1,0.00524579411197271));
#16129=CARTESIAN_POINT('',(13.,7.74607911364104,0.642851912727493));
#16130=CARTESIAN_POINT('',(13.,7.1,0.00524579411197271));
#16131=CARTESIAN_POINT('Origin',(27.8842712474619,-9.52925775846857,0.));
#16132=CARTESIAN_POINT('',(27.8895170415739,-9.93543130066578,0.4));
#16133=CARTESIAN_POINT('',(28.2842712474619,-9.6,0.4));
#16134=CARTESIAN_POINT('',(27.8895170415739,-9.93543130066578,0.4));
#16135=CARTESIAN_POINT('',(27.8842712474619,-9.52925775846857,0.));
#16136=CARTESIAN_POINT('',(27.8842712474619,-9.52925775846857,0.));
#16137=CARTESIAN_POINT('',(28.2842712474619,-9.6,0.4));
#16138=CARTESIAN_POINT('Origin',(27.8895170415739,9.93543130066578,2.6));
#16139=CARTESIAN_POINT('',(28.2842712474619,9.6,2.6));
#16140=CARTESIAN_POINT('',(27.8842712474619,9.52925775846857,3.));
#16141=CARTESIAN_POINT('',(28.2842712474619,9.6,2.6));
#16142=CARTESIAN_POINT('',(27.8895170415739,9.93543130066578,2.6));
#16143=CARTESIAN_POINT('',(27.8895170415739,9.93543130066578,2.6));
#16144=CARTESIAN_POINT('',(27.8842712474619,9.52925775846857,3.));
#16145=CARTESIAN_POINT('Origin',(28.0868941445179,9.76771565033289,0.));
#16146=CARTESIAN_POINT('',(28.2842712474619,9.6,0.));
#16147=CARTESIAN_POINT('',(27.8895170415739,9.93543130066578,0.));
#16148=CARTESIAN_POINT('Origin',(16.1563937263126,-7.81362360589977,0.2));
#16149=CARTESIAN_POINT('',(13.,-7.09468449578626,0.));
#16150=CARTESIAN_POINT('',(16.1886780759797,-7.61624650295575,0.));
#16151=CARTESIAN_POINT('',(13.394754205888,-7.56456869933422,0.4));
#16152=CARTESIAN_POINT('',(16.1241093766455,-8.01100070884378,0.4));
#16153=CARTESIAN_POINT('',(13.,-7.1,0.00524579411197021));
#16154=CARTESIAN_POINT('',(13.394754205888,-7.56456869933422,0.4));
#16155=CARTESIAN_POINT('',(13.,-3.62995219350335,-3.41929412150571));
#16156=CARTESIAN_POINT('Origin',(13.,7.1,2.6));
#16157=CARTESIAN_POINT('',(13.394754205888,7.56456869933422,2.6));
#16158=CARTESIAN_POINT('',(13.4,7.16011123310395,3.));
#16159=CARTESIAN_POINT('',(13.394754205888,7.56456869933422,2.6));
#16160=CARTESIAN_POINT('',(13.,7.1,2.6));
#16161=CARTESIAN_POINT('',(13.,7.1,2.6));
#16162=CARTESIAN_POINT('',(13.4,7.16011123310395,3.));
#16163=CARTESIAN_POINT('Origin',(13.197377102944,7.33228434966711,0.));
#16164=CARTESIAN_POINT('',(13.,7.1,0.));
#16165=CARTESIAN_POINT('',(13.394754205888,7.56456869933422,0.));
#16166=CARTESIAN_POINT('Origin',(28.2842712474619,-9.6,2.6));
#16167=CARTESIAN_POINT('',(27.8895170415739,-9.93543130066578,2.6));
#16168=CARTESIAN_POINT('',(27.8842712474619,-9.52925775846857,3.));
#16169=CARTESIAN_POINT('',(27.8895170415739,-9.93543130066578,2.6));
#16170=CARTESIAN_POINT('',(28.2842712474619,-9.6,2.6));
#16171=CARTESIAN_POINT('',(28.2842712474619,-9.6,2.6));
#16172=CARTESIAN_POINT('',(27.8842712474619,-9.52925775846857,3.));
#16173=CARTESIAN_POINT('Origin',(28.0868941445179,-9.76771565033289,0.));
#16174=CARTESIAN_POINT('',(27.8895170415739,-9.93543130066578,0.));
#16175=CARTESIAN_POINT('',(28.2842712474619,-9.6,0.));
#16176=CARTESIAN_POINT('Origin',(28.0842712474619,-5.,2.8));
#16177=CARTESIAN_POINT('',(27.8842712474619,-5.,3.));
#16178=CARTESIAN_POINT('',(28.2842712474619,-5.,2.6));
#16179=CARTESIAN_POINT('Origin',(13.394754205888,-7.56456869933422,2.6));
#16180=CARTESIAN_POINT('',(13.,-7.1,2.6));
#16181=CARTESIAN_POINT('',(13.4,-7.16011123310395,3.));
#16182=CARTESIAN_POINT('',(13.,-7.1,2.6));
#16183=CARTESIAN_POINT('',(13.394754205888,-7.56456869933422,2.6));
#16184=CARTESIAN_POINT('',(13.394754205888,-7.56456869933422,2.6));
#16185=CARTESIAN_POINT('',(13.4,-7.16011123310395,3.));
#16186=CARTESIAN_POINT('Origin',(13.197377102944,-7.33228434966711,0.));
#16187=CARTESIAN_POINT('',(13.394754205888,-7.56456869933422,0.));
#16188=CARTESIAN_POINT('',(13.,-7.1,0.));
#16189=CARTESIAN_POINT('Origin',(16.1563937263126,-7.81362360589977,2.8));
#16190=CARTESIAN_POINT('',(16.1886780759797,-7.61624650295575,3.));
#16191=CARTESIAN_POINT('',(16.1241093766455,-8.01100070884378,2.6));
#16192=CARTESIAN_POINT('Origin',(13.2,3.75,2.8));
#16193=CARTESIAN_POINT('',(13.4,3.75,3.));
#16194=CARTESIAN_POINT('',(13.,3.75,2.6));
#16195=CARTESIAN_POINT('Origin',(23.7985293500435,9.06362360589977,2.8));
#16196=CARTESIAN_POINT('',(23.8308136997106,8.86624650295575,3.));
#16197=CARTESIAN_POINT('',(23.7662450003764,9.26100070884378,2.6));
#16198=CARTESIAN_POINT('Origin',(28.0842712474619,-5.,0.2));
#16199=CARTESIAN_POINT('',(28.2842712474619,-5.,0.4));
#16200=CARTESIAN_POINT('',(27.8842712474619,-5.,0.));
#16201=CARTESIAN_POINT('Origin',(20.642135623731,0.,0.));
#16202=CARTESIAN_POINT('',(13.,-10.,0.));
#16203=CARTESIAN_POINT('Origin',(28.2842712474619,10.,0.));
#16204=CARTESIAN_POINT('Origin',(13.,-7.5,0.));
#16205=CARTESIAN_POINT('Origin',(28.2842712474619,-10.,0.));
#16206=CARTESIAN_POINT('Origin',(20.642135623731,0.,3.));
#16207=CARTESIAN_POINT('Origin',(13.,7.5,0.));
#16208=CARTESIAN_POINT('Origin',(30.8886170295295,2.77056942545958,2.01028503178854));
#16209=CARTESIAN_POINT('',(30.8886170295295,4.58765809253895,2.01028503178854));
#16210=CARTESIAN_POINT('',(29.4968438497502,2.6,2.01028503178853));
#16211=CARTESIAN_POINT('',(29.6162778472451,2.77056942545958,2.01028503178853));
#16212=CARTESIAN_POINT('Origin',(30.8886170295295,2.6,2.01028503178854));
#16213=CARTESIAN_POINT('Origin',(30.8886170295295,2.6,2.01028503178854));
#16214=CARTESIAN_POINT('',(32.8886170295295,2.6,2.01028503178853));
#16215=CARTESIAN_POINT('',(29.4740771524837,2.6,0.596397859399202));
#16216=CARTESIAN_POINT('Origin',(30.8886170295295,2.6,2.01028503178854));
#16217=CARTESIAN_POINT('',(33.3886170295295,2.6,2.01028503178853));
#16218=CARTESIAN_POINT('',(32.3886170295295,2.6,2.01028503178853));
#16219=CARTESIAN_POINT('',(33.3886170295295,2.6,0.0102850317885347));
#16220=CARTESIAN_POINT('',(33.3886170295295,2.6,1.01028503178854));
#16221=CARTESIAN_POINT('',(30.0599195327369,2.6,0.0102850317885348));
#16222=CARTESIAN_POINT('',(30.4742682811332,2.6,0.0102850317885347));
#16223=CARTESIAN_POINT('',(29.4740771524837,2.6,0.596397859399149));
#16224=CARTESIAN_POINT('Origin',(30.8886170295295,-2.77056942545958,2.01028503178854));
#16225=CARTESIAN_POINT('',(30.8886170295295,-4.58765809253895,2.01028503178854));
#16226=CARTESIAN_POINT('',(29.4968438497502,-2.6,2.01028503178853));
#16227=CARTESIAN_POINT('',(29.6162778472451,-2.77056942545958,2.01028503178853));
#16228=CARTESIAN_POINT('Origin',(30.8886170295295,-2.6,2.01028503178854));
#16229=CARTESIAN_POINT('Origin',(33.3886170295295,0.,0.0102850317885348));
#16230=CARTESIAN_POINT('',(33.3886170295295,-2.6,2.01028503178853));
#16231=CARTESIAN_POINT('',(33.3886170295295,0.,2.01028503178853));
#16232=CARTESIAN_POINT('',(33.3886170295295,-2.6,0.0102850317885347));
#16233=CARTESIAN_POINT('',(33.3886170295295,-2.6,1.01028503178854));
#16234=CARTESIAN_POINT('',(33.3886170295295,0.,0.0102850317885348));
#16235=CARTESIAN_POINT('Origin',(33.8886170295295,0.,2.01028503178853));
#16236=CARTESIAN_POINT('',(32.8886170295295,-2.6,2.01028503178853));
#16237=CARTESIAN_POINT('',(32.8886170295295,0.,2.01028503178853));
#16238=CARTESIAN_POINT('',(32.3886170295295,-2.6,2.01028503178853));
#16239=CARTESIAN_POINT('Origin',(30.8886170295295,0.,2.01028503178854));
#16240=CARTESIAN_POINT('',(29.4740771524837,-2.6,0.596397859399202));
#16241=CARTESIAN_POINT('',(29.4740771524837,0.,0.596397859399202));
#16242=CARTESIAN_POINT('Origin',(30.8886170295295,-2.6,2.01028503178854));
#16243=CARTESIAN_POINT('Origin',(30.0599195327369,0.,0.0102850317885348));
#16244=CARTESIAN_POINT('',(30.0599195327369,-2.6,0.0102850317885348));
#16245=CARTESIAN_POINT('',(30.4742682811332,-2.6,0.0102850317885347));
#16246=CARTESIAN_POINT('',(30.0599195327369,0.,0.0102850317885348));
#16247=CARTESIAN_POINT('Origin',(29.4740771524837,0.,0.596397859399203));
#16248=CARTESIAN_POINT('',(29.4740771524837,-2.6,0.596397859399149));
#16249=CARTESIAN_POINT('Origin',(30.8886170295295,-2.6,2.01028503178854));
#16250=CARTESIAN_POINT('Origin',(30.8886170295295,3.,2.01028503178854));
#16251=CARTESIAN_POINT('',(29.2886170295295,3.,2.01028503178853));
#16252=CARTESIAN_POINT('Origin',(30.8886170295295,3.,2.01028503178854));
#16253=CARTESIAN_POINT('',(30.8886170295295,5.28503681078739,2.01028503178854));
#16254=CARTESIAN_POINT('',(29.2886170295295,3.,2.01028503178853));
#16255=CARTESIAN_POINT('Origin',(30.8886170295295,3.,2.01028503178854));
#16256=CARTESIAN_POINT('',(31.7173145263221,3.,0.0102850317885348));
#16257=CARTESIAN_POINT('',(32.3031569065754,3.,0.596397859399203));
#16258=CARTESIAN_POINT('',(32.0102357164487,3.,0.303341445593815));
#16259=CARTESIAN_POINT('',(28.8886170295295,3.,2.01028503178854));
#16260=CARTESIAN_POINT('Origin',(30.8886170295295,3.,2.01028503178854));
#16261=CARTESIAN_POINT('',(28.4886170295295,3.,2.01028503178854));
#16262=CARTESIAN_POINT('',(29.8886170295295,3.,2.01028503178853));
#16263=CARTESIAN_POINT('',(29.1911691770745,3.,0.313620424921315));
#16264=CARTESIAN_POINT('Origin',(30.8886170295295,3.,2.01028503178854));
#16265=CARTESIAN_POINT('',(29.4943646035462,3.,0.0102850317885347));
#16266=CARTESIAN_POINT('',(29.1911691770746,3.,0.313620424921263));
#16267=CARTESIAN_POINT('',(29.3886170295295,3.,0.0102850317885347));
#16268=CARTESIAN_POINT('Origin',(31.7173145263221,0.,0.0102850317885348));
#16269=CARTESIAN_POINT('',(31.7173145263221,6.,0.0102850317885347));
#16270=CARTESIAN_POINT('',(31.7173145263221,0.,0.0102850317885348));
#16271=CARTESIAN_POINT('',(32.3031569065754,6.,0.596397859399203));
#16272=CARTESIAN_POINT('',(32.3031569065754,6.,0.596397859399204));
#16273=CARTESIAN_POINT('',(32.3031569065754,0.,0.596397859399203));
#16274=CARTESIAN_POINT('Origin',(30.8886170295295,0.,2.01028503178854));
#16275=CARTESIAN_POINT('',(28.8886170295295,6.,2.01028503178853));
#16276=CARTESIAN_POINT('Origin',(30.8886170295295,6.,2.01028503178854));
#16277=CARTESIAN_POINT('',(28.8886170295295,0.,2.01028503178853));
#16278=CARTESIAN_POINT('Origin',(30.3886170295295,6.,2.01028503178854));
#16279=CARTESIAN_POINT('',(27.8886170295295,6.,0.0102850317885347));
#16280=CARTESIAN_POINT('',(30.8886170295295,6.,0.0102850317885348));
#16281=CARTESIAN_POINT('',(27.8886170295295,6.,2.01028503178853));
#16282=CARTESIAN_POINT('',(27.8886170295295,6.,0.0102850317885348));
#16283=CARTESIAN_POINT('',(33.8886170295295,6.,2.01028503178853));
#16284=CARTESIAN_POINT('Origin',(30.8886170295295,0.,2.01028503178854));
#16285=CARTESIAN_POINT('',(28.4886170295295,-3.,2.01028503178854));
#16286=CARTESIAN_POINT('',(28.4886170295295,0.,2.01028503178854));
#16287=CARTESIAN_POINT('',(29.1911691770745,-3.,0.313620424921315));
#16288=CARTESIAN_POINT('Origin',(30.8886170295295,-3.,2.01028503178854));
#16289=CARTESIAN_POINT('',(29.1911691770745,0.,0.313620424921315));
#16290=CARTESIAN_POINT('Origin',(30.8886170295295,-3.,2.01028503178854));
#16291=CARTESIAN_POINT('',(29.2886170295295,-3.,2.01028503178853));
#16292=CARTESIAN_POINT('Origin',(30.8886170295295,-3.,2.01028503178854));
#16293=CARTESIAN_POINT('',(30.8886170295295,-5.28503681078739,2.01028503178854));
#16294=CARTESIAN_POINT('',(29.2886170295295,-3.,2.01028503178853));
#16295=CARTESIAN_POINT('Origin',(29.1911691770745,0.,0.313620424921315));
#16296=CARTESIAN_POINT('',(29.4943646035462,-3.,0.0102850317885347));
#16297=CARTESIAN_POINT('',(29.1911691770746,-3.,0.313620424921263));
#16298=CARTESIAN_POINT('',(29.4943646035462,0.,0.0102850317885349));
#16299=CARTESIAN_POINT('Origin',(30.8886170295295,-3.,2.01028503178854));
#16300=CARTESIAN_POINT('',(31.7173145263221,-3.,0.0102850317885348));
#16301=CARTESIAN_POINT('',(32.3031569065754,-3.,0.596397859399203));
#16302=CARTESIAN_POINT('',(32.0102357164487,-3.,0.303341445593815));
#16303=CARTESIAN_POINT('',(29.3886170295295,-3.,0.0102850317885347));
#16304=CARTESIAN_POINT('',(28.8886170295295,-3.,2.01028503178854));
#16305=CARTESIAN_POINT('',(29.8886170295295,-3.,2.01028503178853));
#16306=CARTESIAN_POINT('Origin',(30.8886170295295,-3.,2.01028503178854));
#16307=CARTESIAN_POINT('Origin',(27.8886170295295,0.,0.0102850317885348));
#16308=CARTESIAN_POINT('',(31.7173145263221,-6.,0.0102850317885347));
#16309=CARTESIAN_POINT('',(31.7173145263221,0.,0.0102850317885348));
#16310=CARTESIAN_POINT('',(27.8886170295295,-6.,0.0102850317885347));
#16311=CARTESIAN_POINT('',(30.8886170295295,-6.,0.0102850317885348));
#16312=CARTESIAN_POINT('',(27.8886170295295,0.,0.0102850317885348));
#16313=CARTESIAN_POINT('Origin',(31.7173145263221,0.,0.0102850317885348));
#16314=CARTESIAN_POINT('',(32.3031569065754,-6.,0.596397859399203));
#16315=CARTESIAN_POINT('',(32.3031569065754,0.,0.596397859399203));
#16316=CARTESIAN_POINT('',(32.3031569065754,-6.,0.596397859399204));
#16317=CARTESIAN_POINT('Origin',(27.8886170295295,0.,2.01028503178853));
#16318=CARTESIAN_POINT('',(27.8886170295295,-6.,2.01028503178853));
#16319=CARTESIAN_POINT('',(27.8886170295295,-6.,0.0102850317885348));
#16320=CARTESIAN_POINT('',(27.8886170295295,0.,2.01028503178853));
#16321=CARTESIAN_POINT('Origin',(28.8886170295295,0.,2.01028503178853));
#16322=CARTESIAN_POINT('',(28.8886170295295,-6.,2.01028503178853));
#16323=CARTESIAN_POINT('',(33.8886170295295,-6.,2.01028503178853));
#16324=CARTESIAN_POINT('',(28.8886170295295,0.,2.01028503178853));
#16325=CARTESIAN_POINT('Origin',(30.8886170295295,0.,2.01028503178854));
#16326=CARTESIAN_POINT('Origin',(30.8886170295295,-6.,2.01028503178854));
#16327=CARTESIAN_POINT('Origin',(30.3886170295295,-6.,2.01028503178854));
#16328=CARTESIAN_POINT('Origin',(56.7658510885886,3.22943057454042,2.));
#16329=CARTESIAN_POINT('',(56.7658510885886,1.69797150880948,2.));
#16330=CARTESIAN_POINT('',(57.9576242683679,3.4,2.));
#16331=CARTESIAN_POINT('',(57.838190270873,3.22943057454042,2.));
#16332=CARTESIAN_POINT('Origin',(56.7658510885886,3.4,2.));
#16333=CARTESIAN_POINT('Origin',(56.7658510885886,6.,2.));
#16334=CARTESIAN_POINT('',(54.7658510885886,6.,2.));
#16335=CARTESIAN_POINT('',(58.1763576168303,6.,0.582089095257592));
#16336=CARTESIAN_POINT('Origin',(56.7658510885886,6.,2.));
#16337=CARTESIAN_POINT('',(54.7658510885886,3.4,2.));
#16338=CARTESIAN_POINT('',(54.7658510885886,6.,2.));
#16339=CARTESIAN_POINT('',(58.1763576168303,3.4,0.582089095257592));
#16340=CARTESIAN_POINT('Origin',(56.7658510885886,3.4,2.));
#16341=CARTESIAN_POINT('',(58.1763576168303,6.,0.582089095257592));
#16342=CARTESIAN_POINT('Origin',(58.1763576168303,6.,0.582089095257592));
#16343=CARTESIAN_POINT('',(57.5912128768579,6.,0.));
#16344=CARTESIAN_POINT('',(58.1763576168303,6.,0.582089095257592));
#16345=CARTESIAN_POINT('',(57.5912128768579,3.4,0.));
#16346=CARTESIAN_POINT('',(58.1763576168303,3.4,0.582089095257614));
#16347=CARTESIAN_POINT('',(57.5912128768579,6.,0.));
#16348=CARTESIAN_POINT('Origin',(56.7658510885886,3.4,2.));
#16349=CARTESIAN_POINT('',(54.3658510885886,3.4,2.));
#16350=CARTESIAN_POINT('',(55.2658510885885,3.4,2.));
#16351=CARTESIAN_POINT('',(55.0732432546985,3.4,0.298506914309097));
#16352=CARTESIAN_POINT('Origin',(56.7658510885886,3.4,2.));
#16353=CARTESIAN_POINT('',(55.3733171646488,3.4,0.));
#16354=CARTESIAN_POINT('',(55.0732432546985,3.4,0.298506914309066));
#16355=CARTESIAN_POINT('',(57.1785319827232,3.4,0.));
#16356=CARTESIAN_POINT('Origin',(56.7658510885886,6.,2.));
#16357=CARTESIAN_POINT('',(53.7658510885885,6.,0.));
#16358=CARTESIAN_POINT('',(42.277234059059,6.,0.));
#16359=CARTESIAN_POINT('',(53.7658510885885,6.,2.));
#16360=CARTESIAN_POINT('',(53.7658510885885,6.,-2.69399157074585E-16));
#16361=CARTESIAN_POINT('',(59.7658510885886,6.,2.));
#16362=CARTESIAN_POINT('Origin',(56.7658510885886,-3.22943057454042,2.));
#16363=CARTESIAN_POINT('',(56.7658510885886,-1.69797150880948,2.));
#16364=CARTESIAN_POINT('',(57.9576242683679,-3.4,2.));
#16365=CARTESIAN_POINT('',(57.838190270873,-3.22943057454042,2.));
#16366=CARTESIAN_POINT('Origin',(56.7658510885886,-3.4,2.));
#16367=CARTESIAN_POINT('Origin',(56.7658510885886,-6.,2.));
#16368=CARTESIAN_POINT('',(55.0732432546985,-3.4,0.298506914309097));
#16369=CARTESIAN_POINT('',(55.0732432546985,-6.,0.298506914309097));
#16370=CARTESIAN_POINT('',(54.3658510885886,-3.4,2.));
#16371=CARTESIAN_POINT('',(54.3658510885886,-6.,2.));
#16372=CARTESIAN_POINT('Origin',(56.7658510885886,-3.4,2.));
#16373=CARTESIAN_POINT('Origin',(55.0732432546985,-6.,0.298506914309097));
#16374=CARTESIAN_POINT('',(55.3733171646488,-3.4,0.));
#16375=CARTESIAN_POINT('',(55.0732432546985,-3.4,0.298506914309066));
#16376=CARTESIAN_POINT('',(55.3733171646488,-6.,0.));
#16377=CARTESIAN_POINT('Origin',(53.7658510885885,-6.,2.));
#16378=CARTESIAN_POINT('',(54.7658510885886,-6.,2.));
#16379=CARTESIAN_POINT('',(53.7658510885885,-6.,2.));
#16380=CARTESIAN_POINT('',(59.7658510885886,-6.,2.));
#16381=CARTESIAN_POINT('',(54.7658510885886,-3.4,2.));
#16382=CARTESIAN_POINT('',(54.7658510885886,-6.,2.));
#16383=CARTESIAN_POINT('',(55.2658510885885,-3.4,2.));
#16384=CARTESIAN_POINT('',(53.7658510885885,-6.,2.));
#16385=CARTESIAN_POINT('Origin',(53.7658510885885,-6.,0.));
#16386=CARTESIAN_POINT('',(53.7658510885885,-6.,0.));
#16387=CARTESIAN_POINT('',(53.7658510885885,-6.,-2.69399157074585E-16));
#16388=CARTESIAN_POINT('',(53.7658510885885,-6.,0.));
#16389=CARTESIAN_POINT('Origin',(56.7658510885886,-6.,2.));
#16390=CARTESIAN_POINT('',(58.1763576168303,-6.,0.582089095257592));
#16391=CARTESIAN_POINT('Origin',(56.7658510885886,-6.,2.));
#16392=CARTESIAN_POINT('',(58.1763576168303,-3.4,0.582089095257592));
#16393=CARTESIAN_POINT('',(58.1763576168303,-6.,0.582089095257592));
#16394=CARTESIAN_POINT('Origin',(56.7658510885886,-3.4,2.));
#16395=CARTESIAN_POINT('Origin',(57.5912128768579,-6.,0.));
#16396=CARTESIAN_POINT('',(57.5912128768579,-6.,0.));
#16397=CARTESIAN_POINT('',(42.277234059059,-6.,0.));
#16398=CARTESIAN_POINT('',(57.5912128768579,-3.4,0.));
#16399=CARTESIAN_POINT('',(57.1785319827232,-3.4,0.));
#16400=CARTESIAN_POINT('',(57.5912128768579,-6.,0.));
#16401=CARTESIAN_POINT('Origin',(58.1763576168303,-6.,0.582089095257592));
#16402=CARTESIAN_POINT('',(58.1763576168303,-6.,0.582089095257592));
#16403=CARTESIAN_POINT('',(58.1763576168303,-3.4,0.582089095257614));
#16404=CARTESIAN_POINT('Origin',(56.7658510885886,-3.4,2.));
#16405=CARTESIAN_POINT('Origin',(56.7658510885886,-6.,2.));
#16406=CARTESIAN_POINT('Origin',(56.7658510885886,3.,2.));
#16407=CARTESIAN_POINT('',(58.1658510885886,3.,2.));
#16408=CARTESIAN_POINT('Origin',(56.7658510885886,3.,2.));
#16409=CARTESIAN_POINT('',(56.7658510885886,1.00059279056104,2.));
#16410=CARTESIAN_POINT('',(58.1658510885886,3.,2.));
#16411=CARTESIAN_POINT('Origin',(56.7658510885886,6.,2.));
#16412=CARTESIAN_POINT('',(59.1658510885886,6.,2.));
#16413=CARTESIAN_POINT('',(59.1658510885886,3.,2.));
#16414=CARTESIAN_POINT('',(59.1658510885886,6.,2.));
#16415=CARTESIAN_POINT('',(58.4584589224787,6.,0.298506914309119));
#16416=CARTESIAN_POINT('Origin',(56.7658510885886,6.,2.));
#16417=CARTESIAN_POINT('',(58.4584589224787,3.,0.298506914309119));
#16418=CARTESIAN_POINT('',(58.4584589224787,6.,0.298506914309119));
#16419=CARTESIAN_POINT('Origin',(56.7658510885886,3.,2.));
#16420=CARTESIAN_POINT('Origin',(58.4584589224787,6.,0.298506914309119));
#16421=CARTESIAN_POINT('',(58.1583850125284,6.,0.));
#16422=CARTESIAN_POINT('',(58.4584589224787,6.,0.298506914309141));
#16423=CARTESIAN_POINT('',(58.1583850125284,3.,0.));
#16424=CARTESIAN_POINT('',(58.1583850125284,6.,-6.93889390390723E-17));
#16425=CARTESIAN_POINT('',(58.4584589224787,3.,0.298506914309141));
#16426=CARTESIAN_POINT('Origin',(56.7658510885886,3.,2.));
#16427=CARTESIAN_POINT('',(55.9404893003193,3.,0.));
#16428=CARTESIAN_POINT('',(58.2658510885886,3.,0.));
#16429=CARTESIAN_POINT('',(55.3553445603468,3.,0.582089095257592));
#16430=CARTESIAN_POINT('',(55.3553445603468,3.,0.582089095257592));
#16431=CARTESIAN_POINT('',(58.7658510885886,3.,2.));
#16432=CARTESIAN_POINT('Origin',(56.7658510885886,3.,2.));
#16433=CARTESIAN_POINT('',(57.7658510885885,3.,2.));
#16434=CARTESIAN_POINT('Origin',(56.7658510885886,6.,2.));
#16435=CARTESIAN_POINT('',(59.7658510885886,6.,2.));
#16436=CARTESIAN_POINT('',(59.7658510885886,6.,2.));
#16437=CARTESIAN_POINT('',(59.7658510885886,6.,0.));
#16438=CARTESIAN_POINT('',(59.7658510885886,6.,-2.69399157074585E-16));
#16439=CARTESIAN_POINT('',(42.277234059059,6.,0.));
#16440=CARTESIAN_POINT('Origin',(56.7658510885886,-3.,2.));
#16441=CARTESIAN_POINT('',(58.1658510885886,-3.,2.));
#16442=CARTESIAN_POINT('Origin',(56.7658510885886,-3.,2.));
#16443=CARTESIAN_POINT('',(56.7658510885886,-1.00059279056104,2.));
#16444=CARTESIAN_POINT('',(58.1658510885886,-3.,2.));
#16445=CARTESIAN_POINT('Origin',(55.3553445603468,-6.,0.582089095257592));
#16446=CARTESIAN_POINT('',(55.9404893003193,-3.,0.));
#16447=CARTESIAN_POINT('',(55.3553445603468,-3.,0.582089095257592));
#16448=CARTESIAN_POINT('',(55.3553445603468,-3.,0.582089095257592));
#16449=CARTESIAN_POINT('',(55.3553445603468,-6.,0.582089095257592));
#16450=CARTESIAN_POINT('',(55.9404893003193,-6.,0.));
#16451=CARTESIAN_POINT('Origin',(56.7658510885886,-6.,2.));
#16452=CARTESIAN_POINT('',(59.1658510885886,-6.,2.));
#16453=CARTESIAN_POINT('',(59.1658510885886,-3.,2.));
#16454=CARTESIAN_POINT('',(59.1658510885886,-6.,2.));
#16455=CARTESIAN_POINT('',(58.4584589224787,-3.,0.298506914309119));
#16456=CARTESIAN_POINT('Origin',(56.7658510885886,-3.,2.));
#16457=CARTESIAN_POINT('',(58.4584589224787,-6.,0.298506914309119));
#16458=CARTESIAN_POINT('',(58.4584589224787,-6.,0.298506914309119));
#16459=CARTESIAN_POINT('Origin',(56.7658510885886,-6.,2.));
#16460=CARTESIAN_POINT('Origin',(58.4584589224787,-6.,0.298506914309119));
#16461=CARTESIAN_POINT('',(58.1583850125284,-6.,0.));
#16462=CARTESIAN_POINT('',(58.4584589224787,-6.,0.298506914309141));
#16463=CARTESIAN_POINT('',(58.1583850125284,-3.,0.));
#16464=CARTESIAN_POINT('',(58.4584589224787,-3.,0.298506914309141));
#16465=CARTESIAN_POINT('',(58.1583850125284,-6.,-6.93889390390723E-17));
#16466=CARTESIAN_POINT('Origin',(56.7658510885886,-3.,2.));
#16467=CARTESIAN_POINT('',(58.7658510885886,-3.,2.));
#16468=CARTESIAN_POINT('',(57.7658510885885,-3.,2.));
#16469=CARTESIAN_POINT('Origin',(56.7658510885886,-3.,2.));
#16470=CARTESIAN_POINT('',(58.2658510885886,-3.,0.));
#16471=CARTESIAN_POINT('Origin',(56.7658510885886,-6.,2.));
#16472=CARTESIAN_POINT('',(58.7658510885886,-6.,2.));
#16473=CARTESIAN_POINT('Origin',(59.7658510885886,-6.,2.));
#16474=CARTESIAN_POINT('',(59.7658510885886,-6.,0.));
#16475=CARTESIAN_POINT('',(59.7658510885886,-6.,2.));
#16476=CARTESIAN_POINT('',(59.7658510885886,-6.,-2.69399157074585E-16));
#16477=CARTESIAN_POINT('',(59.7658510885886,-6.,0.));
#16478=CARTESIAN_POINT('',(59.7658510885886,-6.,2.));
#16479=CARTESIAN_POINT('Origin',(58.7658510885886,-6.,2.));
#16480=CARTESIAN_POINT('',(59.7658510885886,-6.,2.));
#16481=CARTESIAN_POINT('Origin',(59.7658510885886,-6.,0.));
#16482=CARTESIAN_POINT('',(42.277234059059,-6.,0.));
#16483=CARTESIAN_POINT('Origin',(56.7658510885886,-6.,2.));
#16484=CARTESIAN_POINT('Origin',(35.8886170295295,3.,2.01028503178854));
#16485=CARTESIAN_POINT('',(37.4886170295295,3.,2.01028503178853));
#16486=CARTESIAN_POINT('Origin',(35.8886170295295,3.,2.01028503178854));
#16487=CARTESIAN_POINT('',(35.8886170295295,5.28503681078739,2.01028503178854));
#16488=CARTESIAN_POINT('',(37.4886170295295,3.,2.01028503178853));
#16489=CARTESIAN_POINT('Origin',(35.8886170295295,3.,2.01028503178854));
#16490=CARTESIAN_POINT('',(35.0599195327369,3.,0.0102850317885348));
#16491=CARTESIAN_POINT('',(34.4740771524837,3.,0.596397859399203));
#16492=CARTESIAN_POINT('',(34.7669983426103,3.,0.303341445593815));
#16493=CARTESIAN_POINT('',(37.2828694555128,3.,0.0102850317885347));
#16494=CARTESIAN_POINT('',(37.3886170295295,3.,0.0102850317885347));
#16495=CARTESIAN_POINT('',(37.5860648819845,3.,0.313620424921315));
#16496=CARTESIAN_POINT('',(37.5860648819845,3.,0.313620424921263));
#16497=CARTESIAN_POINT('',(38.2886170295295,3.,2.01028503178854));
#16498=CARTESIAN_POINT('Origin',(35.8886170295295,3.,2.01028503178854));
#16499=CARTESIAN_POINT('',(37.8886170295295,3.,2.01028503178854));
#16500=CARTESIAN_POINT('',(36.8886170295295,3.,2.01028503178853));
#16501=CARTESIAN_POINT('Origin',(35.8886170295295,3.,2.01028503178854));
#16502=CARTESIAN_POINT('Origin',(35.0599195327369,0.,0.0102850317885348));
#16503=CARTESIAN_POINT('',(34.4740771524837,6.,0.596397859399203));
#16504=CARTESIAN_POINT('',(34.4740771524837,0.,0.596397859399203));
#16505=CARTESIAN_POINT('',(35.0599195327369,6.,0.0102850317885347));
#16506=CARTESIAN_POINT('',(34.4740771524837,6.,0.596397859399204));
#16507=CARTESIAN_POINT('',(35.0599195327369,0.,0.0102850317885348));
#16508=CARTESIAN_POINT('Origin',(35.8886170295295,0.,2.01028503178854));
#16509=CARTESIAN_POINT('',(37.8886170295295,6.,2.01028503178853));
#16510=CARTESIAN_POINT('',(37.8886170295295,0.,2.01028503178853));
#16511=CARTESIAN_POINT('Origin',(35.8886170295295,6.,2.01028503178854));
#16512=CARTESIAN_POINT('Origin',(36.3886170295295,6.,2.01028503178854));
#16513=CARTESIAN_POINT('',(38.8886170295295,6.,2.01028503178853));
#16514=CARTESIAN_POINT('',(32.8886170295295,6.,2.01028503178853));
#16515=CARTESIAN_POINT('',(38.8886170295295,6.,0.0102850317885347));
#16516=CARTESIAN_POINT('',(38.8886170295295,6.,0.0102850317885348));
#16517=CARTESIAN_POINT('',(35.8886170295295,6.,0.0102850317885348));
#16518=CARTESIAN_POINT('Origin',(35.8886170295295,0.,2.01028503178854));
#16519=CARTESIAN_POINT('',(38.2886170295295,-3.,2.01028503178854));
#16520=CARTESIAN_POINT('',(38.2886170295295,0.,2.01028503178854));
#16521=CARTESIAN_POINT('',(37.5860648819845,-3.,0.313620424921315));
#16522=CARTESIAN_POINT('',(37.5860648819845,0.,0.313620424921315));
#16523=CARTESIAN_POINT('Origin',(35.8886170295295,-3.,2.01028503178854));
#16524=CARTESIAN_POINT('Origin',(35.8886170295295,-3.,2.01028503178854));
#16525=CARTESIAN_POINT('',(37.4886170295295,-3.,2.01028503178853));
#16526=CARTESIAN_POINT('Origin',(35.8886170295295,-3.,2.01028503178854));
#16527=CARTESIAN_POINT('',(35.8886170295295,-5.28503681078739,2.01028503178854));
#16528=CARTESIAN_POINT('',(37.4886170295295,-3.,2.01028503178853));
#16529=CARTESIAN_POINT('Origin',(37.5860648819845,0.,0.313620424921315));
#16530=CARTESIAN_POINT('',(37.2828694555128,-3.,0.0102850317885347));
#16531=CARTESIAN_POINT('',(37.2828694555128,0.,0.0102850317885349));
#16532=CARTESIAN_POINT('',(37.5860648819845,-3.,0.313620424921263));
#16533=CARTESIAN_POINT('Origin',(35.8886170295295,-3.,2.01028503178854));
#16534=CARTESIAN_POINT('',(35.0599195327369,-3.,0.0102850317885348));
#16535=CARTESIAN_POINT('',(34.4740771524837,-3.,0.596397859399203));
#16536=CARTESIAN_POINT('',(34.7669983426103,-3.,0.303341445593815));
#16537=CARTESIAN_POINT('',(37.8886170295295,-3.,2.01028503178854));
#16538=CARTESIAN_POINT('Origin',(35.8886170295295,-3.,2.01028503178854));
#16539=CARTESIAN_POINT('',(36.8886170295295,-3.,2.01028503178853));
#16540=CARTESIAN_POINT('',(37.3886170295295,-3.,0.0102850317885347));
#16541=CARTESIAN_POINT('Origin',(38.8886170295295,0.,0.0102850317885348));
#16542=CARTESIAN_POINT('',(38.8886170295295,-6.,0.0102850317885347));
#16543=CARTESIAN_POINT('',(38.8886170295295,0.,0.0102850317885348));
#16544=CARTESIAN_POINT('',(35.0599195327369,-6.,0.0102850317885347));
#16545=CARTESIAN_POINT('',(35.8886170295295,-6.,0.0102850317885348));
#16546=CARTESIAN_POINT('',(35.0599195327369,0.,0.0102850317885348));
#16547=CARTESIAN_POINT('Origin',(35.0599195327369,0.,0.0102850317885348));
#16548=CARTESIAN_POINT('',(34.4740771524837,-6.,0.596397859399203));
#16549=CARTESIAN_POINT('',(34.4740771524837,-6.,0.596397859399204));
#16550=CARTESIAN_POINT('',(34.4740771524837,0.,0.596397859399203));
#16551=CARTESIAN_POINT('Origin',(38.8886170295295,0.,2.01028503178853));
#16552=CARTESIAN_POINT('',(38.8886170295295,-6.,2.01028503178853));
#16553=CARTESIAN_POINT('',(38.8886170295295,0.,2.01028503178853));
#16554=CARTESIAN_POINT('',(38.8886170295295,-6.,0.0102850317885348));
#16555=CARTESIAN_POINT('Origin',(37.8886170295295,0.,2.01028503178853));
#16556=CARTESIAN_POINT('',(37.8886170295295,-6.,2.01028503178853));
#16557=CARTESIAN_POINT('',(37.8886170295295,0.,2.01028503178853));
#16558=CARTESIAN_POINT('',(32.8886170295295,-6.,2.01028503178853));
#16559=CARTESIAN_POINT('Origin',(35.8886170295295,0.,2.01028503178854));
#16560=CARTESIAN_POINT('Origin',(35.8886170295295,-6.,2.01028503178854));
#16561=CARTESIAN_POINT('Origin',(36.3886170295295,-6.,2.01028503178854));
#16562=CARTESIAN_POINT('Origin',(38.8877170174852,9.93543130066578,0.4));
#16563=CARTESIAN_POINT('',(38.8929628115971,9.52925775846857,0.));
#16564=CARTESIAN_POINT('',(38.4929628115971,9.6,0.4));
#16565=CARTESIAN_POINT('',(38.8929628115971,9.52925775846857,0.));
#16566=CARTESIAN_POINT('',(38.8877170174852,9.93543130066578,0.4));
#16567=CARTESIAN_POINT('',(38.4929628115971,9.6,0.4));
#16568=CARTESIAN_POINT('',(38.8877170174852,9.93543130066578,0.4));
#16569=CARTESIAN_POINT('Origin',(42.9787047090155,9.06362360589977,0.2));
#16570=CARTESIAN_POINT('',(53.382479853171,7.56456869933422,0.4));
#16571=CARTESIAN_POINT('',(43.0109890586826,9.26100070884378,0.4));
#16572=CARTESIAN_POINT('',(53.777234059059,7.1,0.00524579411197271));
#16573=CARTESIAN_POINT('',(53.777234059059,7.1,0.00524579411197271));
#16574=CARTESIAN_POINT('',(53.777234059059,7.09468449578626,0.));
#16575=CARTESIAN_POINT('',(53.777234059059,7.74607911364104,0.642851912727493));
#16576=CARTESIAN_POINT('',(42.9464203593484,8.86624650295575,0.));
#16577=CARTESIAN_POINT('Origin',(38.8929628115971,-9.52925775846857,0.));
#16578=CARTESIAN_POINT('',(38.8877170174852,-9.93543130066578,0.4));
#16579=CARTESIAN_POINT('',(38.4929628115971,-9.6,0.4));
#16580=CARTESIAN_POINT('',(38.8877170174852,-9.93543130066578,0.4));
#16581=CARTESIAN_POINT('',(38.8929628115971,-9.52925775846857,0.));
#16582=CARTESIAN_POINT('',(38.4929628115971,-9.6,0.4));
#16583=CARTESIAN_POINT('',(38.8929628115971,-9.52925775846857,0.));
#16584=CARTESIAN_POINT('Origin',(38.8877170174852,9.93543130066578,2.6));
#16585=CARTESIAN_POINT('',(38.4929628115971,9.6,2.6));
#16586=CARTESIAN_POINT('',(38.8929628115971,9.52925775846857,3.));
#16587=CARTESIAN_POINT('',(38.4929628115971,9.6,2.6));
#16588=CARTESIAN_POINT('',(38.8877170174852,9.93543130066578,2.6));
#16589=CARTESIAN_POINT('',(38.8929628115971,9.52925775846857,3.));
#16590=CARTESIAN_POINT('',(38.8877170174852,9.93543130066578,2.6));
#16591=CARTESIAN_POINT('Origin',(38.6903399145411,9.76771565033289,0.));
#16592=CARTESIAN_POINT('',(38.8877170174852,9.93543130066578,0.));
#16593=CARTESIAN_POINT('',(38.4929628115971,9.6,0.));
#16594=CARTESIAN_POINT('Origin',(50.6208403327465,-7.81362360589977,0.2));
#16595=CARTESIAN_POINT('',(53.777234059059,-7.09468449578626,0.));
#16596=CARTESIAN_POINT('',(50.5885559830794,-7.61624650295575,0.));
#16597=CARTESIAN_POINT('',(53.777234059059,-7.1,0.00524579411197021));
#16598=CARTESIAN_POINT('',(53.777234059059,-3.62995219350335,-3.41929412150571));
#16599=CARTESIAN_POINT('',(53.382479853171,-7.56456869933422,0.4));
#16600=CARTESIAN_POINT('',(53.382479853171,-7.56456869933422,0.4));
#16601=CARTESIAN_POINT('',(50.6531246824136,-8.01100070884378,0.4));
#16602=CARTESIAN_POINT('Origin',(53.777234059059,7.1,2.6));
#16603=CARTESIAN_POINT('',(53.382479853171,7.56456869933422,2.6));
#16604=CARTESIAN_POINT('',(53.377234059059,7.16011123310395,3.));
#16605=CARTESIAN_POINT('',(53.382479853171,7.56456869933422,2.6));
#16606=CARTESIAN_POINT('',(53.777234059059,7.1,2.6));
#16607=CARTESIAN_POINT('',(53.377234059059,7.16011123310395,3.));
#16608=CARTESIAN_POINT('',(53.777234059059,7.1,2.6));
#16609=CARTESIAN_POINT('Origin',(53.579856956115,7.33228434966711,0.));
#16610=CARTESIAN_POINT('',(53.777234059059,7.1,0.));
#16611=CARTESIAN_POINT('',(53.382479853171,7.56456869933422,0.));
#16612=CARTESIAN_POINT('Origin',(38.4929628115971,-9.6,2.6));
#16613=CARTESIAN_POINT('',(38.8877170174852,-9.93543130066578,2.6));
#16614=CARTESIAN_POINT('',(38.8929628115971,-9.52925775846857,3.));
#16615=CARTESIAN_POINT('',(38.8877170174852,-9.93543130066578,2.6));
#16616=CARTESIAN_POINT('',(38.4929628115971,-9.6,2.6));
#16617=CARTESIAN_POINT('',(38.8929628115971,-9.52925775846857,3.));
#16618=CARTESIAN_POINT('',(38.4929628115971,-9.6,2.6));
#16619=CARTESIAN_POINT('Origin',(38.6903399145411,-9.76771565033289,0.));
#16620=CARTESIAN_POINT('',(38.4929628115971,-9.6,0.));
#16621=CARTESIAN_POINT('',(38.8877170174852,-9.93543130066578,0.));
#16622=CARTESIAN_POINT('Origin',(38.6929628115971,-5.,2.8));
#16623=CARTESIAN_POINT('',(38.4929628115971,-5.,2.6));
#16624=CARTESIAN_POINT('',(38.8929628115971,-5.,3.));
#16625=CARTESIAN_POINT('Origin',(53.382479853171,-7.56456869933422,2.6));
#16626=CARTESIAN_POINT('',(53.777234059059,-7.1,2.6));
#16627=CARTESIAN_POINT('',(53.377234059059,-7.16011123310395,3.));
#16628=CARTESIAN_POINT('',(53.777234059059,-7.1,2.6));
#16629=CARTESIAN_POINT('',(53.382479853171,-7.56456869933422,2.6));
#16630=CARTESIAN_POINT('',(53.377234059059,-7.16011123310395,3.));
#16631=CARTESIAN_POINT('',(53.382479853171,-7.56456869933422,2.6));
#16632=CARTESIAN_POINT('Origin',(53.579856956115,-7.33228434966711,0.));
#16633=CARTESIAN_POINT('',(53.382479853171,-7.56456869933422,0.));
#16634=CARTESIAN_POINT('',(53.777234059059,-7.1,0.));
#16635=CARTESIAN_POINT('Origin',(50.6208403327465,-7.81362360589977,2.8));
#16636=CARTESIAN_POINT('',(50.6531246824136,-8.01100070884378,2.6));
#16637=CARTESIAN_POINT('',(50.5885559830794,-7.61624650295575,3.));
#16638=CARTESIAN_POINT('Origin',(53.577234059059,3.75,2.8));
#16639=CARTESIAN_POINT('',(53.777234059059,3.75,2.6));
#16640=CARTESIAN_POINT('',(53.377234059059,3.75,3.));
#16641=CARTESIAN_POINT('Origin',(42.9787047090155,9.06362360589977,2.8));
#16642=CARTESIAN_POINT('',(43.0109890586826,9.26100070884378,2.6));
#16643=CARTESIAN_POINT('',(42.9464203593484,8.86624650295575,3.));
#16644=CARTESIAN_POINT('Origin',(38.6929628115971,-5.,0.2));
#16645=CARTESIAN_POINT('',(38.8929628115971,-5.,0.));
#16646=CARTESIAN_POINT('',(38.4929628115971,-5.,0.4));
#16647=CARTESIAN_POINT('Origin',(46.1350984353281,0.,0.));
#16648=CARTESIAN_POINT('',(53.777234059059,-10.,0.));
#16649=CARTESIAN_POINT('Origin',(38.4929628115971,10.,0.));
#16650=CARTESIAN_POINT('Origin',(53.777234059059,-7.5,0.));
#16651=CARTESIAN_POINT('Origin',(38.4929628115971,-10.,0.));
#16652=CARTESIAN_POINT('Origin',(46.1350984353281,0.,3.));
#16653=CARTESIAN_POINT('Origin',(53.777234059059,7.5,0.));
#16654=CARTESIAN_POINT('Origin',(35.8886170295295,2.77056942545958,2.01028503178854));
#16655=CARTESIAN_POINT('',(35.8886170295295,4.58765809253895,2.01028503178854));
#16656=CARTESIAN_POINT('',(37.2803902093088,2.6,2.01028503178853));
#16657=CARTESIAN_POINT('',(37.1609562118139,2.77056942545958,2.01028503178853));
#16658=CARTESIAN_POINT('Origin',(35.8886170295295,2.6,2.01028503178854));
#16659=CARTESIAN_POINT('Origin',(35.8886170295295,2.6,2.01028503178854));
#16660=CARTESIAN_POINT('',(33.8886170295295,2.6,2.01028503178853));
#16661=CARTESIAN_POINT('',(37.3031569065754,2.6,0.596397859399202));
#16662=CARTESIAN_POINT('Origin',(35.8886170295295,2.6,2.01028503178854));
#16663=CARTESIAN_POINT('',(36.7173145263221,2.6,0.0102850317885348));
#16664=CARTESIAN_POINT('',(37.3031569065753,2.6,0.596397859399149));
#16665=CARTESIAN_POINT('',(33.3886170295295,2.6,0.0102850317885347));
#16666=CARTESIAN_POINT('',(36.3029657779258,2.6,0.0102850317885347));
#16667=CARTESIAN_POINT('',(33.3886170295295,2.6,2.01028503178853));
#16668=CARTESIAN_POINT('',(33.3886170295295,2.6,1.01028503178854));
#16669=CARTESIAN_POINT('',(34.3886170295295,2.6,2.01028503178853));
#16670=CARTESIAN_POINT('Origin',(35.8886170295295,-2.77056942545958,2.01028503178854));
#16671=CARTESIAN_POINT('',(35.8886170295295,-4.58765809253895,2.01028503178854));
#16672=CARTESIAN_POINT('',(37.2803902093088,-2.6,2.01028503178853));
#16673=CARTESIAN_POINT('',(37.1609562118139,-2.77056942545958,2.01028503178853));
#16674=CARTESIAN_POINT('Origin',(35.8886170295295,-2.6,2.01028503178854));
#16675=CARTESIAN_POINT('Origin',(33.3886170295295,0.,0.0102850317885348));
#16676=CARTESIAN_POINT('',(33.3886170295295,-2.6,2.01028503178853));
#16677=CARTESIAN_POINT('',(33.3886170295295,0.,2.01028503178853));
#16678=CARTESIAN_POINT('',(33.3886170295295,-2.6,0.0102850317885347));
#16679=CARTESIAN_POINT('',(33.3886170295295,0.,0.0102850317885348));
#16680=CARTESIAN_POINT('',(33.3886170295295,-2.6,1.01028503178854));
#16681=CARTESIAN_POINT('Origin',(32.8886170295295,0.,2.01028503178853));
#16682=CARTESIAN_POINT('',(33.8886170295295,-2.6,2.01028503178853));
#16683=CARTESIAN_POINT('',(33.8886170295295,0.,2.01028503178853));
#16684=CARTESIAN_POINT('',(34.3886170295295,-2.6,2.01028503178853));
#16685=CARTESIAN_POINT('Origin',(35.8886170295295,0.,2.01028503178854));
#16686=CARTESIAN_POINT('',(37.3031569065754,-2.6,0.596397859399202));
#16687=CARTESIAN_POINT('Origin',(35.8886170295295,-2.6,2.01028503178854));
#16688=CARTESIAN_POINT('',(37.3031569065754,0.,0.596397859399202));
#16689=CARTESIAN_POINT('Origin',(36.7173145263221,0.,0.0102850317885348));
#16690=CARTESIAN_POINT('',(36.7173145263221,-2.6,0.0102850317885348));
#16691=CARTESIAN_POINT('',(36.7173145263221,0.,0.0102850317885348));
#16692=CARTESIAN_POINT('',(36.3029657779258,-2.6,0.0102850317885347));
#16693=CARTESIAN_POINT('Origin',(37.3031569065754,0.,0.596397859399203));
#16694=CARTESIAN_POINT('',(37.3031569065753,-2.6,0.596397859399149));
#16695=CARTESIAN_POINT('Origin',(35.8886170295295,-2.6,2.01028503178854));
#16696=CARTESIAN_POINT('Origin',(62.1,-5.,0.));
#16697=CARTESIAN_POINT('',(72.1,-5.,3.));
#16698=CARTESIAN_POINT('',(62.1,-5.,3.));
#16699=CARTESIAN_POINT('',(64.6,-5.,3.));
#16700=CARTESIAN_POINT('',(72.1,-5.,6.));
#16701=CARTESIAN_POINT('',(72.1,-5.,0.));
#16702=CARTESIAN_POINT('',(62.1,-5.,6.));
#16703=CARTESIAN_POINT('',(72.1,-5.,6.));
#16704=CARTESIAN_POINT('',(62.1,-5.,0.));
#16705=CARTESIAN_POINT('Origin',(72.1,-5.,0.));
#16706=CARTESIAN_POINT('',(72.1,5.,3.));
#16707=CARTESIAN_POINT('',(72.1,-2.5,3.));
#16708=CARTESIAN_POINT('',(72.1,5.,6.));
#16709=CARTESIAN_POINT('',(72.1,5.,0.));
#16710=CARTESIAN_POINT('',(72.1,5.,6.));
#16711=CARTESIAN_POINT('Origin',(62.1,5.,0.));
#16712=CARTESIAN_POINT('',(62.1,5.,3.));
#16713=CARTESIAN_POINT('',(62.1,2.5,3.));
#16714=CARTESIAN_POINT('',(62.1,5.,6.));
#16715=CARTESIAN_POINT('',(62.1,-5.,6.));
#16716=CARTESIAN_POINT('',(62.1,5.,0.));
#16717=CARTESIAN_POINT('Origin',(72.1,5.,0.));
#16718=CARTESIAN_POINT('',(69.6,5.,3.));
#16719=CARTESIAN_POINT('',(62.1,5.,6.));
#16720=CARTESIAN_POINT('Origin',(67.1,0.,6.));
#16721=CARTESIAN_POINT('Origin',(60.,7.1,0.));
#16722=CARTESIAN_POINT('',(60.,7.5,0.4));
#16723=CARTESIAN_POINT('',(59.6,7.1,0.4));
#16724=CARTESIAN_POINT('',(60.,7.5,0.4));
#16725=CARTESIAN_POINT('',(60.,7.1,0.));
#16726=CARTESIAN_POINT('',(60.,7.1,0.));
#16727=CARTESIAN_POINT('',(59.6,7.1,0.4));
#16728=CARTESIAN_POINT('Origin',(60.,-7.5,0.4));
#16729=CARTESIAN_POINT('',(60.,-7.1,0.));
#16730=CARTESIAN_POINT('',(59.6,-7.1,0.4));
#16731=CARTESIAN_POINT('',(60.,-7.1,0.));
#16732=CARTESIAN_POINT('',(60.,-7.5,0.4));
#16733=CARTESIAN_POINT('',(60.,-7.5,0.4));
#16734=CARTESIAN_POINT('',(59.6,-7.1,0.4));
#16735=CARTESIAN_POINT('Origin',(74.2,7.1,0.));
#16736=CARTESIAN_POINT('',(74.6,7.1,0.4));
#16737=CARTESIAN_POINT('',(74.2,7.5,0.4));
#16738=CARTESIAN_POINT('',(74.6,7.1,0.4));
#16739=CARTESIAN_POINT('',(74.2,7.1,0.));
#16740=CARTESIAN_POINT('',(74.2,7.1,0.));
#16741=CARTESIAN_POINT('',(74.2,7.5,0.4));
#16742=CARTESIAN_POINT('Origin',(59.6,7.1,2.6));
#16743=CARTESIAN_POINT('',(60.,7.5,2.6));
#16744=CARTESIAN_POINT('',(60.,7.1,3.));
#16745=CARTESIAN_POINT('',(60.,7.5,2.6));
#16746=CARTESIAN_POINT('',(59.6,7.1,2.6));
#16747=CARTESIAN_POINT('',(59.6,7.1,2.6));
#16748=CARTESIAN_POINT('',(60.,7.1,3.));
#16749=CARTESIAN_POINT('Origin',(59.8,7.3,0.));
#16750=CARTESIAN_POINT('',(60.,7.5,0.));
#16751=CARTESIAN_POINT('',(59.6,7.1,0.));
#16752=CARTESIAN_POINT('Origin',(74.2,-7.1,0.));
#16753=CARTESIAN_POINT('',(74.2,-7.5,0.4));
#16754=CARTESIAN_POINT('',(74.6,-7.1,0.4));
#16755=CARTESIAN_POINT('',(74.2,-7.5,0.4));
#16756=CARTESIAN_POINT('',(74.2,-7.1,0.));
#16757=CARTESIAN_POINT('',(74.2,-7.1,0.));
#16758=CARTESIAN_POINT('',(74.6,-7.1,0.4));
#16759=CARTESIAN_POINT('Origin',(63.35,-7.3,0.2));
#16760=CARTESIAN_POINT('',(63.35,-7.1,0.));
#16761=CARTESIAN_POINT('',(63.35,-7.5,0.4));
#16762=CARTESIAN_POINT('Origin',(74.4,-3.75,0.2));
#16763=CARTESIAN_POINT('',(74.2,-3.75,0.));
#16764=CARTESIAN_POINT('',(74.6,-3.75,0.4));
#16765=CARTESIAN_POINT('Origin',(60.,-7.5,2.6));
#16766=CARTESIAN_POINT('',(59.6,-7.1,2.6));
#16767=CARTESIAN_POINT('',(60.,-7.1,3.));
#16768=CARTESIAN_POINT('',(59.6,-7.1,2.6));
#16769=CARTESIAN_POINT('',(60.,-7.5,2.6));
#16770=CARTESIAN_POINT('',(60.,-7.5,2.6));
#16771=CARTESIAN_POINT('',(60.,-7.1,3.));
#16772=CARTESIAN_POINT('Origin',(59.8,-7.3,0.));
#16773=CARTESIAN_POINT('',(59.6,-7.1,0.));
#16774=CARTESIAN_POINT('',(60.,-7.5,0.));
#16775=CARTESIAN_POINT('Origin',(74.2,7.5,2.6));
#16776=CARTESIAN_POINT('',(74.6,7.1,2.6));
#16777=CARTESIAN_POINT('',(74.2,7.1,3.));
#16778=CARTESIAN_POINT('',(74.6,7.1,2.6));
#16779=CARTESIAN_POINT('',(74.2,7.5,2.6));
#16780=CARTESIAN_POINT('',(74.2,7.5,2.6));
#16781=CARTESIAN_POINT('',(74.2,7.1,3.));
#16782=CARTESIAN_POINT('Origin',(74.4,7.3,0.));
#16783=CARTESIAN_POINT('',(74.6,7.1,0.));
#16784=CARTESIAN_POINT('',(74.2,7.5,0.));
#16785=CARTESIAN_POINT('Origin',(70.85,7.3,2.8));
#16786=CARTESIAN_POINT('',(70.85,7.1,3.));
#16787=CARTESIAN_POINT('',(70.85,7.5,2.6));
#16788=CARTESIAN_POINT('Origin',(74.6,-7.1,2.6));
#16789=CARTESIAN_POINT('',(74.2,-7.5,2.6));
#16790=CARTESIAN_POINT('',(74.2,-7.1,3.));
#16791=CARTESIAN_POINT('',(74.2,-7.5,2.6));
#16792=CARTESIAN_POINT('',(74.6,-7.1,2.6));
#16793=CARTESIAN_POINT('',(74.6,-7.1,2.6));
#16794=CARTESIAN_POINT('',(74.2,-7.1,3.));
#16795=CARTESIAN_POINT('Origin',(74.4,-7.3,0.));
#16796=CARTESIAN_POINT('',(74.2,-7.5,0.));
#16797=CARTESIAN_POINT('',(74.6,-7.1,0.));
#16798=CARTESIAN_POINT('Origin',(74.4,-3.75,2.8));
#16799=CARTESIAN_POINT('',(74.2,-3.75,3.));
#16800=CARTESIAN_POINT('',(74.6,-3.75,2.6));
#16801=CARTESIAN_POINT('Origin',(63.35,-7.3,2.8));
#16802=CARTESIAN_POINT('',(63.35,-7.1,3.));
#16803=CARTESIAN_POINT('',(63.35,-7.5,2.6));
#16804=CARTESIAN_POINT('Origin',(59.8,3.75,2.8));
#16805=CARTESIAN_POINT('',(60.,3.75,3.));
#16806=CARTESIAN_POINT('',(59.6,3.75,2.6));
#16807=CARTESIAN_POINT('Origin',(70.85,7.3,0.2));
#16808=CARTESIAN_POINT('',(70.85,7.1,0.));
#16809=CARTESIAN_POINT('',(70.85,7.5,0.4));
#16810=CARTESIAN_POINT('Origin',(59.8,3.75,0.2));
#16811=CARTESIAN_POINT('',(60.,3.75,0.));
#16812=CARTESIAN_POINT('',(59.6,3.75,0.4));
#16813=CARTESIAN_POINT('Origin',(59.6,-7.5,0.));
#16814=CARTESIAN_POINT('Origin',(67.1,0.,0.));
#16815=CARTESIAN_POINT('Origin',(74.6,-7.5,0.));
#16816=CARTESIAN_POINT('Origin',(59.6,7.5,0.));
#16817=CARTESIAN_POINT('Origin',(74.6,7.5,0.));
#16818=CARTESIAN_POINT('Origin',(67.1,0.,3.));
#16819=CARTESIAN_POINT('Origin',(77.1113829704705,3.,2.));
#16820=CARTESIAN_POINT('',(75.7113829704705,3.,2.));
#16821=CARTESIAN_POINT('Origin',(77.1113829704705,3.,2.));
#16822=CARTESIAN_POINT('',(77.1113829704705,1.00059279056104,2.));
#16823=CARTESIAN_POINT('',(75.7113829704705,3.,2.));
#16824=CARTESIAN_POINT('Origin',(77.1113829704705,6.,2.));
#16825=CARTESIAN_POINT('',(74.7113829704705,6.,2.));
#16826=CARTESIAN_POINT('',(74.7113829704705,3.,2.));
#16827=CARTESIAN_POINT('',(74.7113829704705,6.,2.));
#16828=CARTESIAN_POINT('',(75.4187751365804,3.,0.298506914309119));
#16829=CARTESIAN_POINT('Origin',(77.1113829704705,3.,2.));
#16830=CARTESIAN_POINT('',(75.4187751365804,6.,0.298506914309119));
#16831=CARTESIAN_POINT('',(75.4187751365804,6.,0.298506914309119));
#16832=CARTESIAN_POINT('Origin',(77.1113829704705,6.,2.));
#16833=CARTESIAN_POINT('Origin',(75.4187751365804,6.,0.298506914309119));
#16834=CARTESIAN_POINT('',(75.7188490465307,6.,0.));
#16835=CARTESIAN_POINT('',(75.4187751365804,6.,0.298506914309141));
#16836=CARTESIAN_POINT('',(75.7188490465307,3.,0.));
#16837=CARTESIAN_POINT('',(75.4187751365804,3.,0.298506914309141));
#16838=CARTESIAN_POINT('',(75.7188490465307,6.,-6.93889390390723E-17));
#16839=CARTESIAN_POINT('Origin',(77.1113829704705,3.,2.));
#16840=CARTESIAN_POINT('',(75.1113829704705,3.,2.));
#16841=CARTESIAN_POINT('',(76.1113829704705,3.,2.));
#16842=CARTESIAN_POINT('',(78.5218894987122,3.,0.582089095257592));
#16843=CARTESIAN_POINT('Origin',(77.1113829704705,3.,2.));
#16844=CARTESIAN_POINT('',(77.9367447587398,3.,0.));
#16845=CARTESIAN_POINT('',(78.5218894987122,3.,0.582089095257592));
#16846=CARTESIAN_POINT('',(75.6113829704705,3.,0.));
#16847=CARTESIAN_POINT('Origin',(77.1113829704705,6.,2.));
#16848=CARTESIAN_POINT('',(74.1113829704705,6.,0.));
#16849=CARTESIAN_POINT('',(91.6,6.,0.));
#16850=CARTESIAN_POINT('',(74.1113829704705,6.,2.));
#16851=CARTESIAN_POINT('',(74.1113829704705,6.,-2.69399157074585E-16));
#16852=CARTESIAN_POINT('',(74.1113829704705,6.,2.));
#16853=CARTESIAN_POINT('Origin',(77.1113829704705,-3.,2.));
#16854=CARTESIAN_POINT('',(75.7113829704705,-3.,2.));
#16855=CARTESIAN_POINT('Origin',(77.1113829704705,-3.,2.));
#16856=CARTESIAN_POINT('',(77.1113829704705,-1.00059279056104,2.));
#16857=CARTESIAN_POINT('',(75.7113829704705,-3.,2.));
#16858=CARTESIAN_POINT('Origin',(78.5218894987122,-6.,0.582089095257592));
#16859=CARTESIAN_POINT('',(77.9367447587398,-3.,0.));
#16860=CARTESIAN_POINT('',(78.5218894987122,-3.,0.582089095257592));
#16861=CARTESIAN_POINT('',(78.5218894987122,-3.,0.582089095257592));
#16862=CARTESIAN_POINT('',(77.9367447587398,-6.,0.));
#16863=CARTESIAN_POINT('',(78.5218894987122,-6.,0.582089095257592));
#16864=CARTESIAN_POINT('Origin',(77.1113829704705,-6.,2.));
#16865=CARTESIAN_POINT('',(74.7113829704705,-6.,2.));
#16866=CARTESIAN_POINT('',(74.7113829704705,-3.,2.));
#16867=CARTESIAN_POINT('',(74.7113829704705,-6.,2.));
#16868=CARTESIAN_POINT('',(75.4187751365804,-6.,0.298506914309119));
#16869=CARTESIAN_POINT('Origin',(77.1113829704705,-6.,2.));
#16870=CARTESIAN_POINT('',(75.4187751365804,-3.,0.298506914309119));
#16871=CARTESIAN_POINT('',(75.4187751365804,-6.,0.298506914309119));
#16872=CARTESIAN_POINT('Origin',(77.1113829704705,-3.,2.));
#16873=CARTESIAN_POINT('Origin',(75.4187751365804,-6.,0.298506914309119));
#16874=CARTESIAN_POINT('',(75.7188490465307,-6.,0.));
#16875=CARTESIAN_POINT('',(75.4187751365804,-6.,0.298506914309141));
#16876=CARTESIAN_POINT('',(75.7188490465307,-3.,0.));
#16877=CARTESIAN_POINT('',(75.7188490465307,-6.,-6.93889390390723E-17));
#16878=CARTESIAN_POINT('',(75.4187751365804,-3.,0.298506914309141));
#16879=CARTESIAN_POINT('Origin',(77.1113829704705,-3.,2.));
#16880=CARTESIAN_POINT('',(75.6113829704705,-3.,0.));
#16881=CARTESIAN_POINT('',(75.1113829704705,-3.,2.));
#16882=CARTESIAN_POINT('Origin',(77.1113829704705,-3.,2.));
#16883=CARTESIAN_POINT('',(76.1113829704705,-3.,2.));
#16884=CARTESIAN_POINT('Origin',(77.1113829704705,-6.,2.));
#16885=CARTESIAN_POINT('',(75.1113829704705,-6.,2.));
#16886=CARTESIAN_POINT('Origin',(74.1113829704705,-6.,2.));
#16887=CARTESIAN_POINT('',(74.1113829704705,-6.,0.));
#16888=CARTESIAN_POINT('',(74.1113829704705,-6.,2.));
#16889=CARTESIAN_POINT('',(74.1113829704705,-6.,-2.69399157074585E-16));
#16890=CARTESIAN_POINT('',(74.1113829704705,-6.,2.));
#16891=CARTESIAN_POINT('',(74.1113829704705,-6.,0.));
#16892=CARTESIAN_POINT('Origin',(75.1113829704705,-6.,2.));
#16893=CARTESIAN_POINT('',(74.1113829704705,-6.,2.));
#16894=CARTESIAN_POINT('Origin',(74.1113829704705,-6.,0.));
#16895=CARTESIAN_POINT('',(91.6,-6.,0.));
#16896=CARTESIAN_POINT('Origin',(77.1113829704705,-6.,2.));
#16897=CARTESIAN_POINT('Origin',(64.1,10.0113829704705,2.));
#16898=CARTESIAN_POINT('',(64.1,8.61138297047049,2.));
#16899=CARTESIAN_POINT('Origin',(64.1,10.0113829704705,2.));
#16900=CARTESIAN_POINT('',(66.099407209439,10.0113829704705,2.));
#16901=CARTESIAN_POINT('',(64.1,8.61138297047049,2.));
#16902=CARTESIAN_POINT('Origin',(61.1,10.0113829704705,2.));
#16903=CARTESIAN_POINT('',(61.1,7.61138297047049,2.));
#16904=CARTESIAN_POINT('',(64.1,7.61138297047049,2.));
#16905=CARTESIAN_POINT('',(61.1,7.61138297047049,2.));
#16906=CARTESIAN_POINT('',(64.1,8.31877513658039,0.298506914309119));
#16907=CARTESIAN_POINT('Origin',(64.1,10.0113829704705,2.));
#16908=CARTESIAN_POINT('',(61.1,8.31877513658039,0.298506914309119));
#16909=CARTESIAN_POINT('',(61.1,8.31877513658039,0.298506914309119));
#16910=CARTESIAN_POINT('Origin',(61.1,10.0113829704705,2.));
#16911=CARTESIAN_POINT('Origin',(61.1,8.31877513658039,0.298506914309119));
#16912=CARTESIAN_POINT('',(61.1,8.61884904653066,0.));
#16913=CARTESIAN_POINT('',(61.1,8.31877513658037,0.298506914309141));
#16914=CARTESIAN_POINT('',(64.1,8.61884904653066,0.));
#16915=CARTESIAN_POINT('',(64.1,8.31877513658037,0.298506914309141));
#16916=CARTESIAN_POINT('',(61.1,8.61884904653066,-6.93889390390723E-17));
#16917=CARTESIAN_POINT('Origin',(64.1,10.0113829704705,2.));
#16918=CARTESIAN_POINT('',(64.1,8.01138297047049,2.));
#16919=CARTESIAN_POINT('',(64.1,9.01138297047048,2.));
#16920=CARTESIAN_POINT('',(64.1,11.4218894987122,0.582089095257592));
#16921=CARTESIAN_POINT('Origin',(64.1,10.0113829704705,2.));
#16922=CARTESIAN_POINT('',(64.1,10.8367447587398,0.));
#16923=CARTESIAN_POINT('',(64.1,11.4218894987122,0.582089095257592));
#16924=CARTESIAN_POINT('',(64.1,8.51138297047049,0.));
#16925=CARTESIAN_POINT('Origin',(61.1,10.0113829704705,2.));
#16926=CARTESIAN_POINT('',(61.1,7.01138297047048,0.));
#16927=CARTESIAN_POINT('',(61.1,24.5,0.));
#16928=CARTESIAN_POINT('',(61.1,7.01138297047048,2.));
#16929=CARTESIAN_POINT('',(61.1,7.01138297047048,-2.69399157074585E-16));
#16930=CARTESIAN_POINT('',(61.1,7.01138297047048,2.));
#16931=CARTESIAN_POINT('Origin',(70.1,10.0113829704705,2.));
#16932=CARTESIAN_POINT('',(70.1,8.61138297047048,2.));
#16933=CARTESIAN_POINT('Origin',(70.1,10.0113829704705,2.));
#16934=CARTESIAN_POINT('',(68.100592790561,10.0113829704705,2.));
#16935=CARTESIAN_POINT('',(70.1,8.61138297047049,2.));
#16936=CARTESIAN_POINT('Origin',(73.1,11.4218894987122,0.582089095257592));
#16937=CARTESIAN_POINT('',(70.1,10.8367447587398,0.));
#16938=CARTESIAN_POINT('',(70.1,11.4218894987122,0.582089095257592));
#16939=CARTESIAN_POINT('',(70.1,11.4218894987122,0.582089095257592));
#16940=CARTESIAN_POINT('',(73.1,10.8367447587398,0.));
#16941=CARTESIAN_POINT('',(73.1,11.4218894987122,0.582089095257592));
#16942=CARTESIAN_POINT('Origin',(73.1,10.0113829704705,2.));
#16943=CARTESIAN_POINT('',(73.1,7.61138297047048,2.));
#16944=CARTESIAN_POINT('',(70.1,7.61138297047048,2.));
#16945=CARTESIAN_POINT('',(73.1,7.61138297047048,2.));
#16946=CARTESIAN_POINT('',(73.1,8.31877513658039,0.298506914309119));
#16947=CARTESIAN_POINT('Origin',(73.1,10.0113829704705,2.));
#16948=CARTESIAN_POINT('',(70.1,8.31877513658039,0.298506914309119));
#16949=CARTESIAN_POINT('',(73.1,8.31877513658039,0.298506914309119));
#16950=CARTESIAN_POINT('Origin',(70.1,10.0113829704705,2.));
#16951=CARTESIAN_POINT('Origin',(73.1,8.31877513658039,0.298506914309119));
#16952=CARTESIAN_POINT('',(73.1,8.61884904653066,0.));
#16953=CARTESIAN_POINT('',(73.1,8.31877513658036,0.298506914309141));
#16954=CARTESIAN_POINT('',(70.1,8.61884904653066,0.));
#16955=CARTESIAN_POINT('',(73.1,8.61884904653066,-6.93889390390723E-17));
#16956=CARTESIAN_POINT('',(70.1,8.31877513658036,0.298506914309141));
#16957=CARTESIAN_POINT('Origin',(70.1,10.0113829704705,2.));
#16958=CARTESIAN_POINT('',(70.1,8.51138297047048,0.));
#16959=CARTESIAN_POINT('',(70.1,8.01138297047048,2.));
#16960=CARTESIAN_POINT('Origin',(70.1,10.0113829704705,2.));
#16961=CARTESIAN_POINT('',(70.1,9.01138297047048,2.));
#16962=CARTESIAN_POINT('Origin',(73.1,10.0113829704705,2.));
#16963=CARTESIAN_POINT('',(73.1,8.01138297047048,2.));
#16964=CARTESIAN_POINT('Origin',(73.1,7.01138297047048,2.));
#16965=CARTESIAN_POINT('',(73.1,7.01138297047048,0.));
#16966=CARTESIAN_POINT('',(73.1,7.01138297047048,2.));
#16967=CARTESIAN_POINT('',(73.1,7.01138297047048,-2.69399157074585E-16));
#16968=CARTESIAN_POINT('',(73.1,7.01138297047048,2.));
#16969=CARTESIAN_POINT('',(73.1,7.01138297047048,0.));
#16970=CARTESIAN_POINT('Origin',(73.1,8.01138297047048,2.));
#16971=CARTESIAN_POINT('',(73.1,7.01138297047048,2.));
#16972=CARTESIAN_POINT('Origin',(73.1,7.01138297047048,0.));
#16973=CARTESIAN_POINT('',(73.1,24.5,0.));
#16974=CARTESIAN_POINT('Origin',(73.1,10.0113829704705,2.));
#16975=CARTESIAN_POINT('Origin',(64.1,-10.0113829704705,2.));
#16976=CARTESIAN_POINT('',(64.1,-8.61138297047048,2.));
#16977=CARTESIAN_POINT('Origin',(64.1,-10.0113829704705,2.));
#16978=CARTESIAN_POINT('',(66.099407209439,-10.0113829704705,2.));
#16979=CARTESIAN_POINT('',(64.1,-8.61138297047049,2.));
#16980=CARTESIAN_POINT('Origin',(61.1,-10.0113829704705,2.));
#16981=CARTESIAN_POINT('',(61.1,-7.61138297047048,2.));
#16982=CARTESIAN_POINT('',(64.1,-7.61138297047048,2.));
#16983=CARTESIAN_POINT('',(61.1,-7.61138297047048,2.));
#16984=CARTESIAN_POINT('',(61.1,-8.31877513658039,0.298506914309119));
#16985=CARTESIAN_POINT('Origin',(61.1,-10.0113829704705,2.));
#16986=CARTESIAN_POINT('',(64.1,-8.31877513658039,0.298506914309119));
#16987=CARTESIAN_POINT('',(61.1,-8.31877513658039,0.298506914309119));
#16988=CARTESIAN_POINT('Origin',(64.1,-10.0113829704705,2.));
#16989=CARTESIAN_POINT('Origin',(61.1,-8.31877513658039,0.298506914309119));
#16990=CARTESIAN_POINT('',(61.1,-8.61884904653066,0.));
#16991=CARTESIAN_POINT('',(61.1,-8.31877513658036,0.298506914309141));
#16992=CARTESIAN_POINT('',(64.1,-8.61884904653066,0.));
#16993=CARTESIAN_POINT('',(61.1,-8.61884904653066,-6.93889390390723E-17));
#16994=CARTESIAN_POINT('',(64.1,-8.31877513658036,0.298506914309141));
#16995=CARTESIAN_POINT('Origin',(64.1,-10.0113829704705,2.));
#16996=CARTESIAN_POINT('',(64.1,-10.8367447587398,0.));
#16997=CARTESIAN_POINT('',(64.1,-8.51138297047048,0.));
#16998=CARTESIAN_POINT('',(64.1,-11.4218894987122,0.582089095257592));
#16999=CARTESIAN_POINT('',(64.1,-11.4218894987122,0.582089095257592));
#17000=CARTESIAN_POINT('',(64.1,-8.01138297047048,2.));
#17001=CARTESIAN_POINT('Origin',(64.1,-10.0113829704705,2.));
#17002=CARTESIAN_POINT('',(64.1,-9.01138297047048,2.));
#17003=CARTESIAN_POINT('Origin',(61.1,-10.0113829704705,2.));
#17004=CARTESIAN_POINT('',(61.1,-7.01138297047048,2.));
#17005=CARTESIAN_POINT('',(61.1,-7.01138297047048,2.));
#17006=CARTESIAN_POINT('',(61.1,-7.01138297047048,0.));
#17007=CARTESIAN_POINT('',(61.1,-7.01138297047048,-2.69399157074585E-16));
#17008=CARTESIAN_POINT('',(61.1,-24.5,0.));
#17009=CARTESIAN_POINT('Origin',(70.1,-10.0113829704705,2.));
#17010=CARTESIAN_POINT('',(70.1,-8.61138297047049,2.));
#17011=CARTESIAN_POINT('Origin',(70.1,-10.0113829704705,2.));
#17012=CARTESIAN_POINT('',(68.100592790561,-10.0113829704705,2.));
#17013=CARTESIAN_POINT('',(70.1,-8.61138297047049,2.));
#17014=CARTESIAN_POINT('Origin',(73.1,-11.4218894987122,0.582089095257592));
#17015=CARTESIAN_POINT('',(70.1,-10.8367447587398,0.));
#17016=CARTESIAN_POINT('',(70.1,-11.4218894987122,0.582089095257592));
#17017=CARTESIAN_POINT('',(70.1,-11.4218894987122,0.582089095257592));
#17018=CARTESIAN_POINT('',(73.1,-11.4218894987122,0.582089095257592));
#17019=CARTESIAN_POINT('',(73.1,-10.8367447587398,0.));
#17020=CARTESIAN_POINT('Origin',(73.1,-10.0113829704705,2.));
#17021=CARTESIAN_POINT('',(73.1,-7.61138297047049,2.));
#17022=CARTESIAN_POINT('',(70.1,-7.61138297047049,2.));
#17023=CARTESIAN_POINT('',(73.1,-7.61138297047049,2.));
#17024=CARTESIAN_POINT('',(70.1,-8.31877513658039,0.298506914309119));
#17025=CARTESIAN_POINT('Origin',(70.1,-10.0113829704705,2.));
#17026=CARTESIAN_POINT('',(73.1,-8.31877513658039,0.298506914309119));
#17027=CARTESIAN_POINT('',(73.1,-8.31877513658039,0.298506914309119));
#17028=CARTESIAN_POINT('Origin',(73.1,-10.0113829704705,2.));
#17029=CARTESIAN_POINT('Origin',(73.1,-8.31877513658039,0.298506914309119));
#17030=CARTESIAN_POINT('',(73.1,-8.61884904653066,0.));
#17031=CARTESIAN_POINT('',(73.1,-8.31877513658037,0.298506914309141));
#17032=CARTESIAN_POINT('',(70.1,-8.61884904653066,0.));
#17033=CARTESIAN_POINT('',(70.1,-8.31877513658037,0.298506914309141));
#17034=CARTESIAN_POINT('',(73.1,-8.61884904653066,-6.93889390390723E-17));
#17035=CARTESIAN_POINT('Origin',(70.1,-10.0113829704705,2.));
#17036=CARTESIAN_POINT('',(70.1,-8.01138297047049,2.));
#17037=CARTESIAN_POINT('',(70.1,-9.01138297047048,2.));
#17038=CARTESIAN_POINT('Origin',(70.1,-10.0113829704705,2.));
#17039=CARTESIAN_POINT('',(70.1,-8.51138297047049,0.));
#17040=CARTESIAN_POINT('Origin',(73.1,-10.0113829704705,2.));
#17041=CARTESIAN_POINT('',(73.1,-8.01138297047049,2.));
#17042=CARTESIAN_POINT('Origin',(73.1,-7.01138297047048,2.));
#17043=CARTESIAN_POINT('',(73.1,-7.01138297047048,0.));
#17044=CARTESIAN_POINT('',(73.1,-7.01138297047048,2.));
#17045=CARTESIAN_POINT('',(73.1,-7.01138297047048,-2.69399157074585E-16));
#17046=CARTESIAN_POINT('',(73.1,-7.01138297047048,0.));
#17047=CARTESIAN_POINT('',(73.1,-7.01138297047048,2.));
#17048=CARTESIAN_POINT('Origin',(73.1,-8.01138297047049,2.));
#17049=CARTESIAN_POINT('',(73.1,-7.01138297047048,2.));
#17050=CARTESIAN_POINT('Origin',(73.1,-7.01138297047048,0.));
#17051=CARTESIAN_POINT('',(73.1,-24.5,0.));
#17052=CARTESIAN_POINT('Origin',(73.1,-10.0113829704705,2.));
#17053=CARTESIAN_POINT('Origin',(-9.93543130066577,27.8895170415739,0.4));
#17054=CARTESIAN_POINT('',(-9.52925775846857,27.8842712474619,0.));
#17055=CARTESIAN_POINT('',(-9.59999999999999,28.2842712474619,0.4));
#17056=CARTESIAN_POINT('',(-9.52925775846857,27.8842712474619,0.));
#17057=CARTESIAN_POINT('',(-9.93543130066577,27.8895170415739,0.4));
#17058=CARTESIAN_POINT('',(-9.93543130066577,27.8895170415739,0.4));
#17059=CARTESIAN_POINT('',(-9.6,28.2842712474619,0.4));
#17060=CARTESIAN_POINT('Origin',(-9.06362360589976,23.7985293500435,0.2));
#17061=CARTESIAN_POINT('',(-7.56456869933422,13.394754205888,0.4));
#17062=CARTESIAN_POINT('',(-9.26100070884378,23.7662450003764,0.4));
#17063=CARTESIAN_POINT('',(-7.09468449578626,13.,0.));
#17064=CARTESIAN_POINT('',(-8.86624650295575,23.8308136997106,0.));
#17065=CARTESIAN_POINT('',(-7.1,13.,0.00524579411197271));
#17066=CARTESIAN_POINT('',(-7.74607911364104,13.,0.642851912727493));
#17067=CARTESIAN_POINT('',(-7.1,13.,0.00524579411197271));
#17068=CARTESIAN_POINT('Origin',(9.52925775846857,27.8842712474619,0.));
#17069=CARTESIAN_POINT('',(9.93543130066578,27.8895170415739,0.4));
#17070=CARTESIAN_POINT('',(9.6,28.2842712474619,0.4));
#17071=CARTESIAN_POINT('',(9.93543130066578,27.8895170415739,0.4));
#17072=CARTESIAN_POINT('',(9.52925775846857,27.8842712474619,0.));
#17073=CARTESIAN_POINT('',(9.52925775846857,27.8842712474619,0.));
#17074=CARTESIAN_POINT('',(9.6,28.2842712474619,0.4));
#17075=CARTESIAN_POINT('Origin',(-9.93543130066577,27.8895170415739,2.6));
#17076=CARTESIAN_POINT('',(-9.6,28.2842712474619,2.6));
#17077=CARTESIAN_POINT('',(-9.52925775846857,27.8842712474619,3.));
#17078=CARTESIAN_POINT('',(-9.59999999999999,28.2842712474619,2.6));
#17079=CARTESIAN_POINT('',(-9.93543130066577,27.8895170415739,2.6));
#17080=CARTESIAN_POINT('',(-9.93543130066577,27.8895170415739,2.6));
#17081=CARTESIAN_POINT('',(-9.52925775846857,27.8842712474619,3.));
#17082=CARTESIAN_POINT('Origin',(-9.76771565033289,28.0868941445179,0.));
#17083=CARTESIAN_POINT('',(-9.6,28.2842712474619,0.));
#17084=CARTESIAN_POINT('',(-9.93543130066577,27.8895170415739,0.));
#17085=CARTESIAN_POINT('Origin',(7.81362360589977,16.1563937263126,0.2));
#17086=CARTESIAN_POINT('',(7.09468449578626,13.,0.));
#17087=CARTESIAN_POINT('',(7.61624650295575,16.1886780759797,0.));
#17088=CARTESIAN_POINT('',(7.56456869933422,13.394754205888,0.4));
#17089=CARTESIAN_POINT('',(8.01100070884378,16.1241093766455,0.4));
#17090=CARTESIAN_POINT('',(7.1,13.,0.00524579411197021));
#17091=CARTESIAN_POINT('',(7.56456869933422,13.394754205888,0.4));
#17092=CARTESIAN_POINT('',(3.62995219350335,13.,-3.41929412150571));
#17093=CARTESIAN_POINT('Origin',(-7.1,13.,2.6));
#17094=CARTESIAN_POINT('',(-7.56456869933422,13.394754205888,2.6));
#17095=CARTESIAN_POINT('',(-7.16011123310395,13.4,3.));
#17096=CARTESIAN_POINT('',(-7.56456869933422,13.394754205888,2.6));
#17097=CARTESIAN_POINT('',(-7.1,13.,2.6));
#17098=CARTESIAN_POINT('',(-7.1,13.,2.6));
#17099=CARTESIAN_POINT('',(-7.16011123310395,13.4,3.));
#17100=CARTESIAN_POINT('Origin',(-7.33228434966711,13.197377102944,0.));
#17101=CARTESIAN_POINT('',(-7.1,13.,0.));
#17102=CARTESIAN_POINT('',(-7.56456869933422,13.394754205888,0.));
#17103=CARTESIAN_POINT('Origin',(9.6,28.2842712474619,2.6));
#17104=CARTESIAN_POINT('',(9.93543130066578,27.8895170415739,2.6));
#17105=CARTESIAN_POINT('',(9.52925775846857,27.8842712474619,3.));
#17106=CARTESIAN_POINT('',(9.93543130066578,27.8895170415739,2.6));
#17107=CARTESIAN_POINT('',(9.6,28.2842712474619,2.6));
#17108=CARTESIAN_POINT('',(9.6,28.2842712474619,2.6));
#17109=CARTESIAN_POINT('',(9.52925775846857,27.8842712474619,3.));
#17110=CARTESIAN_POINT('Origin',(9.76771565033289,28.0868941445179,0.));
#17111=CARTESIAN_POINT('',(9.93543130066578,27.8895170415739,0.));
#17112=CARTESIAN_POINT('',(9.6,28.2842712474619,0.));
#17113=CARTESIAN_POINT('Origin',(5.,28.0842712474619,2.8));
#17114=CARTESIAN_POINT('',(5.,27.8842712474619,3.));
#17115=CARTESIAN_POINT('',(5.,28.2842712474619,2.6));
#17116=CARTESIAN_POINT('Origin',(7.56456869933422,13.394754205888,2.6));
#17117=CARTESIAN_POINT('',(7.1,13.,2.6));
#17118=CARTESIAN_POINT('',(7.16011123310395,13.4,3.));
#17119=CARTESIAN_POINT('',(7.1,13.,2.6));
#17120=CARTESIAN_POINT('',(7.56456869933422,13.394754205888,2.6));
#17121=CARTESIAN_POINT('',(7.56456869933422,13.394754205888,2.6));
#17122=CARTESIAN_POINT('',(7.16011123310395,13.4,3.));
#17123=CARTESIAN_POINT('Origin',(7.33228434966711,13.197377102944,0.));
#17124=CARTESIAN_POINT('',(7.56456869933422,13.394754205888,0.));
#17125=CARTESIAN_POINT('',(7.1,13.,0.));
#17126=CARTESIAN_POINT('Origin',(7.81362360589977,16.1563937263126,2.8));
#17127=CARTESIAN_POINT('',(7.61624650295575,16.1886780759797,3.));
#17128=CARTESIAN_POINT('',(8.01100070884378,16.1241093766455,2.6));
#17129=CARTESIAN_POINT('Origin',(-3.75,13.2,2.8));
#17130=CARTESIAN_POINT('',(-3.75,13.4,3.));
#17131=CARTESIAN_POINT('',(-3.75,13.,2.6));
#17132=CARTESIAN_POINT('Origin',(-9.06362360589976,23.7985293500435,2.8));
#17133=CARTESIAN_POINT('',(-8.86624650295575,23.8308136997106,3.));
#17134=CARTESIAN_POINT('',(-9.26100070884378,23.7662450003764,2.6));
#17135=CARTESIAN_POINT('Origin',(5.,28.0842712474619,0.2));
#17136=CARTESIAN_POINT('',(5.,28.2842712474619,0.4));
#17137=CARTESIAN_POINT('',(5.,27.8842712474619,0.));
#17138=CARTESIAN_POINT('Origin',(1.26396626595838E-15,20.642135623731,0.));
#17139=CARTESIAN_POINT('',(10.,13.,0.));
#17140=CARTESIAN_POINT('Origin',(-10.,28.2842712474619,0.));
#17141=CARTESIAN_POINT('Origin',(7.5,13.,0.));
#17142=CARTESIAN_POINT('Origin',(10.,28.2842712474619,0.));
#17143=CARTESIAN_POINT('Origin',(1.26396626595838E-15,20.642135623731,3.));
#17144=CARTESIAN_POINT('Origin',(-7.5,13.,0.));
#17145=CARTESIAN_POINT('Origin',(-27.8895170415739,-9.93543130066577,0.4));
#17146=CARTESIAN_POINT('',(-27.8842712474619,-9.52925775846857,0.));
#17147=CARTESIAN_POINT('',(-28.2842712474619,-9.59999999999999,0.4));
#17148=CARTESIAN_POINT('',(-27.8842712474619,-9.52925775846857,0.));
#17149=CARTESIAN_POINT('',(-27.8895170415739,-9.93543130066577,0.4));
#17150=CARTESIAN_POINT('',(-27.8895170415739,-9.93543130066577,0.4));
#17151=CARTESIAN_POINT('',(-28.2842712474619,-9.59999999999999,0.4));
#17152=CARTESIAN_POINT('Origin',(-23.7985293500435,-9.06362360589976,0.2));
#17153=CARTESIAN_POINT('',(-13.394754205888,-7.56456869933422,0.4));
#17154=CARTESIAN_POINT('',(-23.7662450003764,-9.26100070884378,0.4));
#17155=CARTESIAN_POINT('',(-13.,-7.09468449578626,0.));
#17156=CARTESIAN_POINT('',(-23.8308136997106,-8.86624650295575,0.));
#17157=CARTESIAN_POINT('',(-13.,-7.1,0.00524579411197271));
#17158=CARTESIAN_POINT('',(-13.,-7.74607911364104,0.642851912727493));
#17159=CARTESIAN_POINT('',(-13.,-7.1,0.00524579411197271));
#17160=CARTESIAN_POINT('Origin',(-27.8842712474619,9.52925775846857,0.));
#17161=CARTESIAN_POINT('',(-27.8895170415739,9.93543130066578,0.4));
#17162=CARTESIAN_POINT('',(-28.2842712474619,9.6,0.4));
#17163=CARTESIAN_POINT('',(-27.8895170415739,9.93543130066578,0.4));
#17164=CARTESIAN_POINT('',(-27.8842712474619,9.52925775846857,0.));
#17165=CARTESIAN_POINT('',(-27.8842712474619,9.52925775846857,0.));
#17166=CARTESIAN_POINT('',(-28.2842712474619,9.6,0.4));
#17167=CARTESIAN_POINT('Origin',(-27.8895170415739,-9.93543130066577,2.6));
#17168=CARTESIAN_POINT('',(-28.2842712474619,-9.59999999999999,2.6));
#17169=CARTESIAN_POINT('',(-27.8842712474619,-9.52925775846857,3.));
#17170=CARTESIAN_POINT('',(-28.2842712474619,-9.59999999999999,2.6));
#17171=CARTESIAN_POINT('',(-27.8895170415739,-9.93543130066577,2.6));
#17172=CARTESIAN_POINT('',(-27.8895170415739,-9.93543130066577,2.6));
#17173=CARTESIAN_POINT('',(-27.8842712474619,-9.52925775846857,3.));
#17174=CARTESIAN_POINT('Origin',(-28.0868941445179,-9.76771565033289,0.));
#17175=CARTESIAN_POINT('',(-28.2842712474619,-9.59999999999999,0.));
#17176=CARTESIAN_POINT('',(-27.8895170415739,-9.93543130066577,0.));
#17177=CARTESIAN_POINT('Origin',(-16.1563937263126,7.81362360589977,0.2));
#17178=CARTESIAN_POINT('',(-13.,7.09468449578626,0.));
#17179=CARTESIAN_POINT('',(-16.1886780759797,7.61624650295575,0.));
#17180=CARTESIAN_POINT('',(-13.394754205888,7.56456869933422,0.4));
#17181=CARTESIAN_POINT('',(-16.1241093766455,8.01100070884378,0.4));
#17182=CARTESIAN_POINT('',(-13.,7.1,0.00524579411197021));
#17183=CARTESIAN_POINT('',(-13.394754205888,7.56456869933422,0.4));
#17184=CARTESIAN_POINT('',(-13.,3.62995219350336,-3.41929412150571));
#17185=CARTESIAN_POINT('Origin',(-13.,-7.1,2.6));
#17186=CARTESIAN_POINT('',(-13.394754205888,-7.56456869933422,2.6));
#17187=CARTESIAN_POINT('',(-13.4,-7.16011123310395,3.));
#17188=CARTESIAN_POINT('',(-13.394754205888,-7.56456869933422,2.6));
#17189=CARTESIAN_POINT('',(-13.,-7.1,2.6));
#17190=CARTESIAN_POINT('',(-13.,-7.1,2.6));
#17191=CARTESIAN_POINT('',(-13.4,-7.16011123310395,3.));
#17192=CARTESIAN_POINT('Origin',(-13.197377102944,-7.33228434966711,0.));
#17193=CARTESIAN_POINT('',(-13.,-7.1,0.));
#17194=CARTESIAN_POINT('',(-13.394754205888,-7.56456869933422,0.));
#17195=CARTESIAN_POINT('Origin',(-28.2842712474619,9.6,2.6));
#17196=CARTESIAN_POINT('',(-27.8895170415739,9.93543130066578,2.6));
#17197=CARTESIAN_POINT('',(-27.8842712474619,9.52925775846857,3.));
#17198=CARTESIAN_POINT('',(-27.8895170415739,9.93543130066578,2.6));
#17199=CARTESIAN_POINT('',(-28.2842712474619,9.6,2.6));
#17200=CARTESIAN_POINT('',(-28.2842712474619,9.6,2.6));
#17201=CARTESIAN_POINT('',(-27.8842712474619,9.52925775846857,3.));
#17202=CARTESIAN_POINT('Origin',(-28.0868941445179,9.76771565033289,0.));
#17203=CARTESIAN_POINT('',(-27.8895170415739,9.93543130066578,0.));
#17204=CARTESIAN_POINT('',(-28.2842712474619,9.6,0.));
#17205=CARTESIAN_POINT('Origin',(-28.0842712474619,5.,2.8));
#17206=CARTESIAN_POINT('',(-27.8842712474619,5.,3.));
#17207=CARTESIAN_POINT('',(-28.2842712474619,5.,2.6));
#17208=CARTESIAN_POINT('Origin',(-13.394754205888,7.56456869933422,2.6));
#17209=CARTESIAN_POINT('',(-13.,7.1,2.6));
#17210=CARTESIAN_POINT('',(-13.4,7.16011123310395,3.));
#17211=CARTESIAN_POINT('',(-13.,7.1,2.6));
#17212=CARTESIAN_POINT('',(-13.394754205888,7.56456869933422,2.6));
#17213=CARTESIAN_POINT('',(-13.394754205888,7.56456869933422,2.6));
#17214=CARTESIAN_POINT('',(-13.4,7.16011123310395,3.));
#17215=CARTESIAN_POINT('Origin',(-13.197377102944,7.33228434966711,0.));
#17216=CARTESIAN_POINT('',(-13.394754205888,7.56456869933422,0.));
#17217=CARTESIAN_POINT('',(-13.,7.1,0.));
#17218=CARTESIAN_POINT('Origin',(-16.1563937263126,7.81362360589977,2.8));
#17219=CARTESIAN_POINT('',(-16.1886780759797,7.61624650295575,3.));
#17220=CARTESIAN_POINT('',(-16.1241093766455,8.01100070884378,2.6));
#17221=CARTESIAN_POINT('Origin',(-13.2,-3.75,2.8));
#17222=CARTESIAN_POINT('',(-13.4,-3.75,3.));
#17223=CARTESIAN_POINT('',(-13.,-3.75,2.6));
#17224=CARTESIAN_POINT('Origin',(-23.7985293500435,-9.06362360589976,2.8));
#17225=CARTESIAN_POINT('',(-23.8308136997106,-8.86624650295575,3.));
#17226=CARTESIAN_POINT('',(-23.7662450003764,-9.26100070884378,2.6));
#17227=CARTESIAN_POINT('Origin',(-28.0842712474619,5.,0.2));
#17228=CARTESIAN_POINT('',(-28.2842712474619,5.,0.4));
#17229=CARTESIAN_POINT('',(-27.8842712474619,5.,0.));
#17230=CARTESIAN_POINT('Origin',(-20.642135623731,2.52793253191677E-15,
0.));
#17231=CARTESIAN_POINT('',(-13.,10.,0.));
#17232=CARTESIAN_POINT('Origin',(-28.2842712474619,-10.,0.));
#17233=CARTESIAN_POINT('Origin',(-13.,7.5,0.));
#17234=CARTESIAN_POINT('Origin',(-28.2842712474619,10.,0.));
#17235=CARTESIAN_POINT('Origin',(-20.642135623731,2.52793253191677E-15,
3.));
#17236=CARTESIAN_POINT('Origin',(-13.,-7.5,0.));
#17237=CARTESIAN_POINT('Origin',(9.93543130066577,-27.8895170415739,0.4));
#17238=CARTESIAN_POINT('',(9.52925775846856,-27.8842712474619,0.));
#17239=CARTESIAN_POINT('',(9.59999999999999,-28.2842712474619,0.4));
#17240=CARTESIAN_POINT('',(9.52925775846857,-27.8842712474619,0.));
#17241=CARTESIAN_POINT('',(9.93543130066577,-27.8895170415739,0.4));
#17242=CARTESIAN_POINT('',(9.93543130066577,-27.8895170415739,0.4));
#17243=CARTESIAN_POINT('',(9.59999999999999,-28.2842712474619,0.4));
#17244=CARTESIAN_POINT('Origin',(9.06362360589976,-23.7985293500435,0.2));
#17245=CARTESIAN_POINT('',(7.56456869933422,-13.394754205888,0.4));
#17246=CARTESIAN_POINT('',(9.26100070884377,-23.7662450003764,0.4));
#17247=CARTESIAN_POINT('',(7.09468449578626,-13.,0.));
#17248=CARTESIAN_POINT('',(8.86624650295575,-23.8308136997106,0.));
#17249=CARTESIAN_POINT('',(7.1,-13.,0.00524579411197271));
#17250=CARTESIAN_POINT('',(7.74607911364103,-13.,0.642851912727493));
#17251=CARTESIAN_POINT('',(7.1,-13.,0.00524579411197271));
#17252=CARTESIAN_POINT('Origin',(-9.52925775846857,-27.8842712474619,0.));
#17253=CARTESIAN_POINT('',(-9.93543130066578,-27.8895170415739,0.4));
#17254=CARTESIAN_POINT('',(-9.6,-28.2842712474619,0.4));
#17255=CARTESIAN_POINT('',(-9.93543130066578,-27.8895170415739,0.4));
#17256=CARTESIAN_POINT('',(-9.52925775846857,-27.8842712474619,0.));
#17257=CARTESIAN_POINT('',(-9.52925775846857,-27.8842712474619,0.));
#17258=CARTESIAN_POINT('',(-9.6,-28.2842712474619,0.4));
#17259=CARTESIAN_POINT('Origin',(9.93543130066577,-27.8895170415739,2.6));
#17260=CARTESIAN_POINT('',(9.59999999999999,-28.2842712474619,2.6));
#17261=CARTESIAN_POINT('',(9.52925775846856,-27.8842712474619,3.));
#17262=CARTESIAN_POINT('',(9.59999999999999,-28.2842712474619,2.6));
#17263=CARTESIAN_POINT('',(9.93543130066577,-27.8895170415739,2.6));
#17264=CARTESIAN_POINT('',(9.93543130066577,-27.8895170415739,2.6));
#17265=CARTESIAN_POINT('',(9.52925775846857,-27.8842712474619,3.));
#17266=CARTESIAN_POINT('Origin',(9.76771565033288,-28.0868941445179,0.));
#17267=CARTESIAN_POINT('',(9.59999999999999,-28.2842712474619,0.));
#17268=CARTESIAN_POINT('',(9.93543130066577,-27.8895170415739,0.));
#17269=CARTESIAN_POINT('Origin',(-7.81362360589977,-16.1563937263126,0.2));
#17270=CARTESIAN_POINT('',(-7.09468449578626,-13.,0.));
#17271=CARTESIAN_POINT('',(-7.61624650295576,-16.1886780759797,0.));
#17272=CARTESIAN_POINT('',(-7.56456869933422,-13.394754205888,0.4));
#17273=CARTESIAN_POINT('',(-8.01100070884378,-16.1241093766454,0.4));
#17274=CARTESIAN_POINT('',(-7.1,-13.,0.00524579411197021));
#17275=CARTESIAN_POINT('',(-7.56456869933422,-13.394754205888,0.4));
#17276=CARTESIAN_POINT('',(-3.62995219350336,-13.,-3.41929412150571));
#17277=CARTESIAN_POINT('Origin',(7.1,-13.,2.6));
#17278=CARTESIAN_POINT('',(7.56456869933422,-13.394754205888,2.6));
#17279=CARTESIAN_POINT('',(7.16011123310395,-13.4,3.));
#17280=CARTESIAN_POINT('',(7.56456869933422,-13.394754205888,2.6));
#17281=CARTESIAN_POINT('',(7.1,-13.,2.6));
#17282=CARTESIAN_POINT('',(7.1,-13.,2.6));
#17283=CARTESIAN_POINT('',(7.16011123310395,-13.4,3.));
#17284=CARTESIAN_POINT('Origin',(7.33228434966711,-13.197377102944,0.));
#17285=CARTESIAN_POINT('',(7.1,-13.,0.));
#17286=CARTESIAN_POINT('',(7.56456869933422,-13.394754205888,0.));
#17287=CARTESIAN_POINT('Origin',(-9.6,-28.2842712474619,2.6));
#17288=CARTESIAN_POINT('',(-9.93543130066578,-27.8895170415739,2.6));
#17289=CARTESIAN_POINT('',(-9.52925775846858,-27.8842712474619,3.));
#17290=CARTESIAN_POINT('',(-9.93543130066578,-27.8895170415739,2.6));
#17291=CARTESIAN_POINT('',(-9.6,-28.2842712474619,2.6));
#17292=CARTESIAN_POINT('',(-9.6,-28.2842712474619,2.6));
#17293=CARTESIAN_POINT('',(-9.52925775846858,-27.8842712474619,3.));
#17294=CARTESIAN_POINT('Origin',(-9.76771565033289,-28.0868941445179,0.));
#17295=CARTESIAN_POINT('',(-9.93543130066578,-27.8895170415739,0.));
#17296=CARTESIAN_POINT('',(-9.6,-28.2842712474619,0.));
#17297=CARTESIAN_POINT('Origin',(-5.,-28.0842712474619,2.8));
#17298=CARTESIAN_POINT('',(-5.,-27.8842712474619,3.));
#17299=CARTESIAN_POINT('',(-5.,-28.2842712474619,2.6));
#17300=CARTESIAN_POINT('Origin',(-7.56456869933422,-13.394754205888,2.6));
#17301=CARTESIAN_POINT('',(-7.1,-13.,2.6));
#17302=CARTESIAN_POINT('',(-7.16011123310395,-13.4,3.));
#17303=CARTESIAN_POINT('',(-7.1,-13.,2.6));
#17304=CARTESIAN_POINT('',(-7.56456869933422,-13.394754205888,2.6));
#17305=CARTESIAN_POINT('',(-7.56456869933422,-13.394754205888,2.6));
#17306=CARTESIAN_POINT('',(-7.16011123310395,-13.4,3.));
#17307=CARTESIAN_POINT('Origin',(-7.33228434966711,-13.197377102944,0.));
#17308=CARTESIAN_POINT('',(-7.56456869933422,-13.394754205888,0.));
#17309=CARTESIAN_POINT('',(-7.1,-13.,0.));
#17310=CARTESIAN_POINT('Origin',(-7.81362360589977,-16.1563937263126,2.8));
#17311=CARTESIAN_POINT('',(-7.61624650295576,-16.1886780759797,3.));
#17312=CARTESIAN_POINT('',(-8.01100070884378,-16.1241093766454,2.6));
#17313=CARTESIAN_POINT('Origin',(3.75,-13.2,2.8));
#17314=CARTESIAN_POINT('',(3.75,-13.4,3.));
#17315=CARTESIAN_POINT('',(3.75,-13.,2.6));
#17316=CARTESIAN_POINT('Origin',(9.06362360589976,-23.7985293500435,2.8));
#17317=CARTESIAN_POINT('',(8.86624650295575,-23.8308136997106,3.));
#17318=CARTESIAN_POINT('',(9.26100070884377,-23.7662450003764,2.6));
#17319=CARTESIAN_POINT('Origin',(-5.,-28.0842712474619,0.2));
#17320=CARTESIAN_POINT('',(-5.,-28.2842712474619,0.4));
#17321=CARTESIAN_POINT('',(-5.,-27.8842712474619,0.));
#17322=CARTESIAN_POINT('Origin',(-3.79189879787515E-15,-20.642135623731,
0.));
#17323=CARTESIAN_POINT('',(-10.,-13.,0.));
#17324=CARTESIAN_POINT('Origin',(9.99999999999999,-28.2842712474619,0.));
#17325=CARTESIAN_POINT('Origin',(-7.5,-13.,0.));
#17326=CARTESIAN_POINT('Origin',(-10.,-28.2842712474619,0.));
#17327=CARTESIAN_POINT('Origin',(-3.79189879787515E-15,-20.642135623731,
3.));
#17328=CARTESIAN_POINT('Origin',(7.5,-13.,0.));
#17329=CARTESIAN_POINT('Origin',(-3.,30.8886170295295,2.01028503178854));
#17330=CARTESIAN_POINT('',(-3.,29.2886170295295,2.01028503178853));
#17331=CARTESIAN_POINT('Origin',(-3.,30.8886170295295,2.01028503178854));
#17332=CARTESIAN_POINT('',(-5.28503681078738,30.8886170295295,2.01028503178854));
#17333=CARTESIAN_POINT('',(-3.,29.2886170295295,2.01028503178853));
#17334=CARTESIAN_POINT('Origin',(-3.,30.8886170295295,2.01028503178854));
#17335=CARTESIAN_POINT('',(-3.,31.7173145263221,0.0102850317885348));
#17336=CARTESIAN_POINT('',(-3.,32.3031569065754,0.596397859399203));
#17337=CARTESIAN_POINT('',(-3.,32.0102357164487,0.303341445593815));
#17338=CARTESIAN_POINT('',(-3.,28.8886170295295,2.01028503178854));
#17339=CARTESIAN_POINT('Origin',(-3.,30.8886170295295,2.01028503178854));
#17340=CARTESIAN_POINT('',(-3.,28.4886170295295,2.01028503178854));
#17341=CARTESIAN_POINT('',(-3.,29.8886170295295,2.01028503178853));
#17342=CARTESIAN_POINT('',(-3.,29.1911691770745,0.313620424921315));
#17343=CARTESIAN_POINT('Origin',(-3.,30.8886170295295,2.01028503178854));
#17344=CARTESIAN_POINT('',(-3.,29.4943646035462,0.0102850317885347));
#17345=CARTESIAN_POINT('',(-3.,29.1911691770746,0.313620424921263));
#17346=CARTESIAN_POINT('',(-3.,29.3886170295295,0.0102850317885347));
#17347=CARTESIAN_POINT('Origin',(1.94212538561051E-15,31.7173145263221,
0.0102850317885348));
#17348=CARTESIAN_POINT('',(-6.,31.7173145263221,0.0102850317885347));
#17349=CARTESIAN_POINT('',(1.94212538561051E-15,31.7173145263221,0.0102850317885348));
#17350=CARTESIAN_POINT('',(-6.,32.3031569065754,0.596397859399203));
#17351=CARTESIAN_POINT('',(-6.,32.3031569065754,0.596397859399204));
#17352=CARTESIAN_POINT('',(1.97799788539961E-15,32.3031569065754,0.596397859399203));
#17353=CARTESIAN_POINT('Origin',(1.89138229876509E-15,30.8886170295295,
2.01028503178854));
#17354=CARTESIAN_POINT('',(-6.,28.8886170295295,2.01028503178853));
#17355=CARTESIAN_POINT('Origin',(-6.,30.8886170295295,2.01028503178854));
#17356=CARTESIAN_POINT('',(1.76891761885035E-15,28.8886170295295,2.01028503178853));
#17357=CARTESIAN_POINT('Origin',(-6.,30.3886170295295,2.01028503178854));
#17358=CARTESIAN_POINT('',(-6.,27.8886170295295,0.0102850317885347));
#17359=CARTESIAN_POINT('',(-6.,30.8886170295295,0.0102850317885348));
#17360=CARTESIAN_POINT('',(-6.,27.8886170295295,2.01028503178853));
#17361=CARTESIAN_POINT('',(-6.,27.8886170295295,0.0102850317885348));
#17362=CARTESIAN_POINT('',(-6.,33.8886170295295,2.01028503178853));
#17363=CARTESIAN_POINT('Origin',(1.89138229876509E-15,30.8886170295295,
2.01028503178854));
#17364=CARTESIAN_POINT('',(3.,28.4886170295295,2.01028503178854));
#17365=CARTESIAN_POINT('',(1.7444246828674E-15,28.4886170295295,2.01028503178854));
#17366=CARTESIAN_POINT('',(3.,29.1911691770745,0.313620424921315));
#17367=CARTESIAN_POINT('Origin',(3.,30.8886170295295,2.01028503178854));
#17368=CARTESIAN_POINT('',(1.78744359480366E-15,29.1911691770745,0.313620424921315));
#17369=CARTESIAN_POINT('Origin',(3.,30.8886170295295,2.01028503178854));
#17370=CARTESIAN_POINT('',(3.,29.2886170295295,2.01028503178853));
#17371=CARTESIAN_POINT('Origin',(3.,30.8886170295295,2.01028503178854));
#17372=CARTESIAN_POINT('',(5.28503681078739,30.8886170295295,2.01028503178854));
#17373=CARTESIAN_POINT('',(3.,29.2886170295295,2.01028503178853));
#17374=CARTESIAN_POINT('Origin',(1.78744359480366E-15,29.1911691770745,
0.313620424921315));
#17375=CARTESIAN_POINT('',(3.,29.4943646035462,0.0102850317885347));
#17376=CARTESIAN_POINT('',(3.,29.1911691770746,0.313620424921263));
#17377=CARTESIAN_POINT('',(1.80600896023089E-15,29.4943646035462,0.0102850317885349));
#17378=CARTESIAN_POINT('Origin',(3.,30.8886170295295,2.01028503178854));
#17379=CARTESIAN_POINT('',(3.,31.7173145263221,0.0102850317885348));
#17380=CARTESIAN_POINT('',(3.,32.3031569065754,0.596397859399203));
#17381=CARTESIAN_POINT('',(3.,32.0102357164487,0.303341445593815));
#17382=CARTESIAN_POINT('',(3.,29.3886170295295,0.0102850317885347));
#17383=CARTESIAN_POINT('',(3.,28.8886170295295,2.01028503178854));
#17384=CARTESIAN_POINT('',(3.,29.8886170295295,2.01028503178853));
#17385=CARTESIAN_POINT('Origin',(3.,30.8886170295295,2.01028503178854));
#17386=CARTESIAN_POINT('Origin',(1.70768527889298E-15,27.8886170295295,
0.0102850317885348));
#17387=CARTESIAN_POINT('',(6.,31.7173145263221,0.0102850317885347));
#17388=CARTESIAN_POINT('',(1.94212538561051E-15,31.7173145263221,0.0102850317885348));
#17389=CARTESIAN_POINT('',(6.,27.8886170295295,0.0102850317885347));
#17390=CARTESIAN_POINT('',(6.,30.8886170295295,0.0102850317885348));
#17391=CARTESIAN_POINT('',(1.70768527889298E-15,27.8886170295295,0.0102850317885348));
#17392=CARTESIAN_POINT('Origin',(1.94212538561051E-15,31.7173145263221,
0.0102850317885348));
#17393=CARTESIAN_POINT('',(6.,32.3031569065754,0.596397859399203));
#17394=CARTESIAN_POINT('',(1.97799788539961E-15,32.3031569065754,0.596397859399203));
#17395=CARTESIAN_POINT('',(6.,32.3031569065754,0.596397859399204));
#17396=CARTESIAN_POINT('Origin',(1.70768527889298E-15,27.8886170295295,
2.01028503178853));
#17397=CARTESIAN_POINT('',(6.,27.8886170295295,2.01028503178853));
#17398=CARTESIAN_POINT('',(6.,27.8886170295295,0.0102850317885348));
#17399=CARTESIAN_POINT('',(1.70768527889298E-15,27.8886170295295,2.01028503178853));
#17400=CARTESIAN_POINT('Origin',(1.76891761885035E-15,28.8886170295295,
2.01028503178853));
#17401=CARTESIAN_POINT('',(6.,28.8886170295295,2.01028503178853));
#17402=CARTESIAN_POINT('',(6.,33.8886170295295,2.01028503178853));
#17403=CARTESIAN_POINT('',(1.76891761885035E-15,28.8886170295295,2.01028503178853));
#17404=CARTESIAN_POINT('Origin',(1.89138229876509E-15,30.8886170295295,
2.01028503178854));
#17405=CARTESIAN_POINT('Origin',(6.,30.8886170295295,2.01028503178854));
#17406=CARTESIAN_POINT('Origin',(6.,30.3886170295295,2.01028503178854));
#17407=CARTESIAN_POINT('Origin',(-30.8886170295295,-3.,2.01028503178854));
#17408=CARTESIAN_POINT('',(-29.2886170295295,-3.,2.01028503178853));
#17409=CARTESIAN_POINT('Origin',(-30.8886170295295,-3.,2.01028503178854));
#17410=CARTESIAN_POINT('',(-30.8886170295295,-5.28503681078738,2.01028503178854));
#17411=CARTESIAN_POINT('',(-29.2886170295295,-3.,2.01028503178853));
#17412=CARTESIAN_POINT('Origin',(-30.8886170295295,-3.,2.01028503178854));
#17413=CARTESIAN_POINT('',(-31.7173145263221,-3.,0.0102850317885348));
#17414=CARTESIAN_POINT('',(-32.3031569065754,-3.,0.596397859399203));
#17415=CARTESIAN_POINT('',(-32.0102357164487,-3.,0.303341445593815));
#17416=CARTESIAN_POINT('',(-28.8886170295295,-3.,2.01028503178854));
#17417=CARTESIAN_POINT('Origin',(-30.8886170295295,-3.,2.01028503178854));
#17418=CARTESIAN_POINT('',(-28.4886170295295,-3.,2.01028503178854));
#17419=CARTESIAN_POINT('',(-29.8886170295295,-3.,2.01028503178853));
#17420=CARTESIAN_POINT('',(-29.1911691770745,-3.,0.313620424921315));
#17421=CARTESIAN_POINT('Origin',(-30.8886170295295,-3.,2.01028503178854));
#17422=CARTESIAN_POINT('',(-29.4943646035462,-3.,0.0102850317885347));
#17423=CARTESIAN_POINT('',(-29.1911691770746,-3.,0.313620424921263));
#17424=CARTESIAN_POINT('',(-29.3886170295295,-3.,0.0102850317885347));
#17425=CARTESIAN_POINT('Origin',(-31.7173145263221,3.88425077122102E-15,
0.0102850317885348));
#17426=CARTESIAN_POINT('',(-31.7173145263221,-6.,0.0102850317885347));
#17427=CARTESIAN_POINT('',(-31.7173145263221,3.88425077122102E-15,0.0102850317885348));
#17428=CARTESIAN_POINT('',(-32.3031569065754,-6.,0.596397859399203));
#17429=CARTESIAN_POINT('',(-32.3031569065754,-6.,0.596397859399204));
#17430=CARTESIAN_POINT('',(-32.3031569065754,3.95599577079922E-15,0.596397859399203));
#17431=CARTESIAN_POINT('Origin',(-30.8886170295295,3.78276459753017E-15,
2.01028503178854));
#17432=CARTESIAN_POINT('',(-28.8886170295295,-6.,2.01028503178853));
#17433=CARTESIAN_POINT('Origin',(-30.8886170295295,-6.,2.01028503178854));
#17434=CARTESIAN_POINT('',(-28.8886170295295,3.5378352377007E-15,2.01028503178853));
#17435=CARTESIAN_POINT('Origin',(-30.3886170295295,-6.,2.01028503178854));
#17436=CARTESIAN_POINT('',(-27.8886170295295,-6.,0.0102850317885347));
#17437=CARTESIAN_POINT('',(-30.8886170295295,-6.,0.0102850317885348));
#17438=CARTESIAN_POINT('',(-27.8886170295295,-6.,2.01028503178853));
#17439=CARTESIAN_POINT('',(-27.8886170295295,-6.,0.0102850317885348));
#17440=CARTESIAN_POINT('',(-33.8886170295295,-6.,2.01028503178853));
#17441=CARTESIAN_POINT('Origin',(-30.8886170295295,3.78276459753017E-15,
2.01028503178854));
#17442=CARTESIAN_POINT('',(-28.4886170295295,3.,2.01028503178854));
#17443=CARTESIAN_POINT('',(-28.4886170295295,3.48884936573481E-15,2.01028503178854));
#17444=CARTESIAN_POINT('',(-29.1911691770745,3.,0.313620424921315));
#17445=CARTESIAN_POINT('Origin',(-30.8886170295295,3.,2.01028503178854));
#17446=CARTESIAN_POINT('',(-29.1911691770745,3.57488718960732E-15,0.313620424921315));
#17447=CARTESIAN_POINT('Origin',(-30.8886170295295,3.,2.01028503178854));
#17448=CARTESIAN_POINT('',(-29.2886170295295,3.,2.01028503178853));
#17449=CARTESIAN_POINT('Origin',(-30.8886170295295,3.,2.01028503178854));
#17450=CARTESIAN_POINT('',(-30.8886170295295,5.28503681078739,2.01028503178854));
#17451=CARTESIAN_POINT('',(-29.2886170295295,3.,2.01028503178853));
#17452=CARTESIAN_POINT('Origin',(-29.1911691770745,3.57488718960732E-15,
0.313620424921315));
#17453=CARTESIAN_POINT('',(-29.4943646035462,3.,0.0102850317885347));
#17454=CARTESIAN_POINT('',(-29.1911691770746,3.,0.313620424921263));
#17455=CARTESIAN_POINT('',(-29.4943646035462,3.61201792046179E-15,0.0102850317885349));
#17456=CARTESIAN_POINT('Origin',(-30.8886170295295,3.,2.01028503178854));
#17457=CARTESIAN_POINT('',(-31.7173145263221,3.,0.0102850317885348));
#17458=CARTESIAN_POINT('',(-32.3031569065754,3.,0.596397859399203));
#17459=CARTESIAN_POINT('',(-32.0102357164487,3.,0.303341445593815));
#17460=CARTESIAN_POINT('',(-29.3886170295295,3.,0.0102850317885347));
#17461=CARTESIAN_POINT('',(-28.8886170295295,3.,2.01028503178854));
#17462=CARTESIAN_POINT('',(-29.8886170295295,3.,2.01028503178853));
#17463=CARTESIAN_POINT('Origin',(-30.8886170295295,3.,2.01028503178854));
#17464=CARTESIAN_POINT('Origin',(-27.8886170295295,3.41537055778597E-15,
0.0102850317885348));
#17465=CARTESIAN_POINT('',(-31.7173145263221,6.,0.0102850317885347));
#17466=CARTESIAN_POINT('',(-31.7173145263221,3.88425077122102E-15,0.0102850317885348));
#17467=CARTESIAN_POINT('',(-27.8886170295295,6.,0.0102850317885347));
#17468=CARTESIAN_POINT('',(-30.8886170295295,6.,0.0102850317885348));
#17469=CARTESIAN_POINT('',(-27.8886170295295,3.41537055778597E-15,0.0102850317885348));
#17470=CARTESIAN_POINT('Origin',(-31.7173145263221,3.88425077122102E-15,
0.0102850317885348));
#17471=CARTESIAN_POINT('',(-32.3031569065754,6.00000000000001,0.596397859399203));
#17472=CARTESIAN_POINT('',(-32.3031569065754,3.95599577079922E-15,0.596397859399203));
#17473=CARTESIAN_POINT('',(-32.3031569065754,6.00000000000001,0.596397859399204));
#17474=CARTESIAN_POINT('Origin',(-27.8886170295295,3.41537055778597E-15,
2.01028503178853));
#17475=CARTESIAN_POINT('',(-27.8886170295295,6.,2.01028503178853));
#17476=CARTESIAN_POINT('',(-27.8886170295295,6.,0.0102850317885348));
#17477=CARTESIAN_POINT('',(-27.8886170295295,3.41537055778597E-15,2.01028503178853));
#17478=CARTESIAN_POINT('Origin',(-28.8886170295295,3.5378352377007E-15,
2.01028503178853));
#17479=CARTESIAN_POINT('',(-28.8886170295295,6.,2.01028503178853));
#17480=CARTESIAN_POINT('',(-33.8886170295295,6.00000000000001,2.01028503178853));
#17481=CARTESIAN_POINT('',(-28.8886170295295,3.5378352377007E-15,2.01028503178853));
#17482=CARTESIAN_POINT('Origin',(-30.8886170295295,3.78276459753017E-15,
2.01028503178854));
#17483=CARTESIAN_POINT('Origin',(-30.8886170295295,6.,2.01028503178854));
#17484=CARTESIAN_POINT('Origin',(-30.3886170295295,6.,2.01028503178854));
#17485=CARTESIAN_POINT('Origin',(2.99999999999999,-30.8886170295295,2.01028503178854));
#17486=CARTESIAN_POINT('',(2.99999999999999,-29.2886170295295,2.01028503178853));
#17487=CARTESIAN_POINT('Origin',(2.99999999999999,-30.8886170295295,2.01028503178854));
#17488=CARTESIAN_POINT('',(5.28503681078738,-30.8886170295295,2.01028503178854));
#17489=CARTESIAN_POINT('',(3.,-29.2886170295295,2.01028503178853));
#17490=CARTESIAN_POINT('Origin',(2.99999999999999,-30.8886170295295,2.01028503178854));
#17491=CARTESIAN_POINT('',(2.99999999999999,-31.7173145263221,0.0102850317885348));
#17492=CARTESIAN_POINT('',(2.99999999999999,-32.3031569065754,0.596397859399203));
#17493=CARTESIAN_POINT('',(2.99999999999999,-32.0102357164487,0.303341445593815));
#17494=CARTESIAN_POINT('',(2.99999999999999,-28.8886170295295,2.01028503178854));
#17495=CARTESIAN_POINT('Origin',(2.99999999999999,-30.8886170295295,2.01028503178854));
#17496=CARTESIAN_POINT('',(3.,-28.4886170295295,2.01028503178854));
#17497=CARTESIAN_POINT('',(2.99999999999999,-29.8886170295295,2.01028503178853));
#17498=CARTESIAN_POINT('',(2.99999999999999,-29.1911691770745,0.313620424921315));
#17499=CARTESIAN_POINT('Origin',(2.99999999999999,-30.8886170295295,2.01028503178854));
#17500=CARTESIAN_POINT('',(2.99999999999999,-29.4943646035462,0.0102850317885347));
#17501=CARTESIAN_POINT('',(2.99999999999999,-29.1911691770746,0.313620424921263));
#17502=CARTESIAN_POINT('',(2.99999999999999,-29.3886170295295,0.0102850317885347));
#17503=CARTESIAN_POINT('Origin',(-5.82637615683153E-15,-31.7173145263221,
0.0102850317885348));
#17504=CARTESIAN_POINT('',(6.,-31.7173145263221,0.0102850317885347));
#17505=CARTESIAN_POINT('',(-5.82637615683153E-15,-31.7173145263221,0.0102850317885348));
#17506=CARTESIAN_POINT('',(6.,-32.3031569065754,0.596397859399203));
#17507=CARTESIAN_POINT('',(6.,-32.3031569065754,0.596397859399204));
#17508=CARTESIAN_POINT('',(-5.93399365619884E-15,-32.3031569065754,0.596397859399203));
#17509=CARTESIAN_POINT('Origin',(-5.67414689629526E-15,-30.8886170295295,
2.01028503178854));
#17510=CARTESIAN_POINT('',(6.,-28.8886170295295,2.01028503178853));
#17511=CARTESIAN_POINT('Origin',(6.,-30.8886170295295,2.01028503178854));
#17512=CARTESIAN_POINT('',(-5.30675285655106E-15,-28.8886170295295,2.01028503178853));
#17513=CARTESIAN_POINT('Origin',(6.,-30.3886170295295,2.01028503178854));
#17514=CARTESIAN_POINT('',(6.,-27.8886170295295,0.0102850317885347));
#17515=CARTESIAN_POINT('',(6.,-30.8886170295295,0.0102850317885348));
#17516=CARTESIAN_POINT('',(6.,-27.8886170295295,2.01028503178853));
#17517=CARTESIAN_POINT('',(6.,-27.8886170295295,0.0102850317885348));
#17518=CARTESIAN_POINT('',(5.99999999999999,-33.8886170295295,2.01028503178853));
#17519=CARTESIAN_POINT('Origin',(-5.67414689629526E-15,-30.8886170295295,
2.01028503178854));
#17520=CARTESIAN_POINT('',(-3.00000000000001,-28.4886170295295,2.01028503178854));
#17521=CARTESIAN_POINT('',(-5.23327404860221E-15,-28.4886170295295,2.01028503178854));
#17522=CARTESIAN_POINT('',(-3.00000000000001,-29.1911691770745,0.313620424921315));
#17523=CARTESIAN_POINT('Origin',(-3.00000000000001,-30.8886170295295,2.01028503178854));
#17524=CARTESIAN_POINT('',(-5.36233078441098E-15,-29.1911691770745,0.313620424921315));
#17525=CARTESIAN_POINT('Origin',(-3.00000000000001,-30.8886170295295,2.01028503178854));
#17526=CARTESIAN_POINT('',(-3.00000000000001,-29.2886170295295,2.01028503178853));
#17527=CARTESIAN_POINT('Origin',(-3.00000000000001,-30.8886170295295,2.01028503178854));
#17528=CARTESIAN_POINT('',(-5.28503681078739,-30.8886170295295,2.01028503178854));
#17529=CARTESIAN_POINT('',(-3.00000000000001,-29.2886170295295,2.01028503178853));
#17530=CARTESIAN_POINT('Origin',(-5.36233078441098E-15,-29.1911691770745,
0.313620424921315));
#17531=CARTESIAN_POINT('',(-3.00000000000001,-29.4943646035462,0.0102850317885347));
#17532=CARTESIAN_POINT('',(-3.00000000000001,-29.1911691770746,0.313620424921263));
#17533=CARTESIAN_POINT('',(-5.41802688069268E-15,-29.4943646035462,0.0102850317885349));
#17534=CARTESIAN_POINT('Origin',(-3.00000000000001,-30.8886170295295,2.01028503178854));
#17535=CARTESIAN_POINT('',(-3.00000000000001,-31.7173145263221,0.0102850317885348));
#17536=CARTESIAN_POINT('',(-3.00000000000001,-32.3031569065754,0.596397859399203));
#17537=CARTESIAN_POINT('',(-3.00000000000001,-32.0102357164487,0.303341445593815));
#17538=CARTESIAN_POINT('',(-3.00000000000001,-29.3886170295295,0.0102850317885347));
#17539=CARTESIAN_POINT('',(-3.00000000000001,-28.8886170295295,2.01028503178854));
#17540=CARTESIAN_POINT('',(-3.00000000000001,-29.8886170295295,2.01028503178853));
#17541=CARTESIAN_POINT('Origin',(-3.00000000000001,-30.8886170295295,2.01028503178854));
#17542=CARTESIAN_POINT('Origin',(-5.12305583667895E-15,-27.8886170295295,
0.0102850317885348));
#17543=CARTESIAN_POINT('',(-6.00000000000001,-31.7173145263221,0.0102850317885347));
#17544=CARTESIAN_POINT('',(-5.82637615683153E-15,-31.7173145263221,0.0102850317885348));
#17545=CARTESIAN_POINT('',(-6.00000000000001,-27.8886170295295,0.0102850317885347));
#17546=CARTESIAN_POINT('',(-6.00000000000001,-30.8886170295295,0.0102850317885348));
#17547=CARTESIAN_POINT('',(-5.12305583667895E-15,-27.8886170295295,0.0102850317885348));
#17548=CARTESIAN_POINT('Origin',(-5.82637615683153E-15,-31.7173145263221,
0.0102850317885348));
#17549=CARTESIAN_POINT('',(-6.00000000000001,-32.3031569065754,0.596397859399203));
#17550=CARTESIAN_POINT('',(-5.93399365619884E-15,-32.3031569065754,0.596397859399203));
#17551=CARTESIAN_POINT('',(-6.00000000000001,-32.3031569065754,0.596397859399204));
#17552=CARTESIAN_POINT('Origin',(-5.12305583667895E-15,-27.8886170295295,
2.01028503178853));
#17553=CARTESIAN_POINT('',(-6.00000000000001,-27.8886170295295,2.01028503178853));
#17554=CARTESIAN_POINT('',(-6.00000000000001,-27.8886170295295,0.0102850317885348));
#17555=CARTESIAN_POINT('',(-5.12305583667895E-15,-27.8886170295295,2.01028503178853));
#17556=CARTESIAN_POINT('Origin',(-5.30675285655106E-15,-28.8886170295295,
2.01028503178853));
#17557=CARTESIAN_POINT('',(-6.00000000000001,-28.8886170295295,2.01028503178853));
#17558=CARTESIAN_POINT('',(-6.00000000000001,-33.8886170295295,2.01028503178853));
#17559=CARTESIAN_POINT('',(-5.30675285655106E-15,-28.8886170295295,2.01028503178853));
#17560=CARTESIAN_POINT('Origin',(-5.67414689629526E-15,-30.8886170295295,
2.01028503178854));
#17561=CARTESIAN_POINT('Origin',(-6.00000000000001,-30.8886170295295,2.01028503178854));
#17562=CARTESIAN_POINT('Origin',(-6.00000000000001,-30.3886170295295,2.01028503178854));
#17563=CARTESIAN_POINT('Origin',(-3.22943057454042,56.7658510885886,2.));
#17564=CARTESIAN_POINT('',(-1.69797150880948,56.7658510885886,2.));
#17565=CARTESIAN_POINT('',(-3.4,57.9576242683679,2.));
#17566=CARTESIAN_POINT('',(-3.22943057454042,57.838190270873,2.));
#17567=CARTESIAN_POINT('Origin',(-3.4,56.7658510885886,2.));
#17568=CARTESIAN_POINT('Origin',(-6.,56.7658510885886,2.));
#17569=CARTESIAN_POINT('',(-6.,54.7658510885886,2.));
#17570=CARTESIAN_POINT('',(-6.,58.1763576168303,0.582089095257592));
#17571=CARTESIAN_POINT('Origin',(-6.,56.7658510885886,2.));
#17572=CARTESIAN_POINT('',(-3.4,54.7658510885886,2.));
#17573=CARTESIAN_POINT('',(-6.,54.7658510885886,2.));
#17574=CARTESIAN_POINT('',(-3.4,58.1763576168303,0.582089095257592));
#17575=CARTESIAN_POINT('Origin',(-3.4,56.7658510885886,2.));
#17576=CARTESIAN_POINT('',(-6.,58.1763576168303,0.582089095257592));
#17577=CARTESIAN_POINT('Origin',(-6.,58.1763576168303,0.582089095257592));
#17578=CARTESIAN_POINT('',(-6.,57.5912128768579,0.));
#17579=CARTESIAN_POINT('',(-6.,58.1763576168303,0.582089095257592));
#17580=CARTESIAN_POINT('',(-3.4,57.5912128768579,0.));
#17581=CARTESIAN_POINT('',(-3.4,58.1763576168303,0.582089095257614));
#17582=CARTESIAN_POINT('',(-6.,57.5912128768579,0.));
#17583=CARTESIAN_POINT('Origin',(-3.4,56.7658510885886,2.));
#17584=CARTESIAN_POINT('',(-3.4,54.3658510885886,2.));
#17585=CARTESIAN_POINT('',(-3.4,55.2658510885885,2.));
#17586=CARTESIAN_POINT('',(-3.4,55.0732432546985,0.298506914309097));
#17587=CARTESIAN_POINT('Origin',(-3.4,56.7658510885886,2.));
#17588=CARTESIAN_POINT('',(-3.4,55.3733171646488,0.));
#17589=CARTESIAN_POINT('',(-3.4,55.0732432546985,0.298506914309066));
#17590=CARTESIAN_POINT('',(-3.4,57.1785319827232,0.));
#17591=CARTESIAN_POINT('Origin',(-6.,56.7658510885886,2.));
#17592=CARTESIAN_POINT('',(-6.,53.7658510885885,0.));
#17593=CARTESIAN_POINT('',(-6.,42.277234059059,0.));
#17594=CARTESIAN_POINT('',(-6.,53.7658510885885,2.));
#17595=CARTESIAN_POINT('',(-6.,53.7658510885885,-2.69399157074585E-16));
#17596=CARTESIAN_POINT('',(-6.,59.7658510885886,2.));
#17597=CARTESIAN_POINT('Origin',(3.22943057454042,56.7658510885886,2.));
#17598=CARTESIAN_POINT('',(1.69797150880948,56.7658510885886,2.));
#17599=CARTESIAN_POINT('',(3.4,57.9576242683679,2.));
#17600=CARTESIAN_POINT('',(3.22943057454042,57.838190270873,2.));
#17601=CARTESIAN_POINT('Origin',(3.4,56.7658510885886,2.));
#17602=CARTESIAN_POINT('Origin',(6.,56.7658510885886,2.));
#17603=CARTESIAN_POINT('',(3.4,55.0732432546985,0.298506914309097));
#17604=CARTESIAN_POINT('',(6.,55.0732432546985,0.298506914309097));
#17605=CARTESIAN_POINT('',(3.4,54.3658510885886,2.));
#17606=CARTESIAN_POINT('',(6.,54.3658510885886,2.));
#17607=CARTESIAN_POINT('Origin',(3.4,56.7658510885886,2.));
#17608=CARTESIAN_POINT('Origin',(6.,55.0732432546985,0.298506914309097));
#17609=CARTESIAN_POINT('',(3.4,55.3733171646488,0.));
#17610=CARTESIAN_POINT('',(3.4,55.0732432546985,0.298506914309066));
#17611=CARTESIAN_POINT('',(6.,55.3733171646488,0.));
#17612=CARTESIAN_POINT('Origin',(6.,53.7658510885885,2.));
#17613=CARTESIAN_POINT('',(6.,54.7658510885886,2.));
#17614=CARTESIAN_POINT('',(6.,53.7658510885885,2.));
#17615=CARTESIAN_POINT('',(6.,59.7658510885886,2.));
#17616=CARTESIAN_POINT('',(3.4,54.7658510885886,2.));
#17617=CARTESIAN_POINT('',(6.,54.7658510885886,2.));
#17618=CARTESIAN_POINT('',(3.4,55.2658510885885,2.));
#17619=CARTESIAN_POINT('',(6.,53.7658510885885,2.));
#17620=CARTESIAN_POINT('Origin',(6.,53.7658510885885,0.));
#17621=CARTESIAN_POINT('',(6.,53.7658510885885,0.));
#17622=CARTESIAN_POINT('',(6.,53.7658510885885,-2.69399157074585E-16));
#17623=CARTESIAN_POINT('',(6.,53.7658510885885,0.));
#17624=CARTESIAN_POINT('Origin',(6.,56.7658510885886,2.));
#17625=CARTESIAN_POINT('',(6.,58.1763576168303,0.582089095257592));
#17626=CARTESIAN_POINT('Origin',(6.,56.7658510885886,2.));
#17627=CARTESIAN_POINT('',(3.4,58.1763576168303,0.582089095257592));
#17628=CARTESIAN_POINT('',(6.,58.1763576168303,0.582089095257592));
#17629=CARTESIAN_POINT('Origin',(3.4,56.7658510885886,2.));
#17630=CARTESIAN_POINT('Origin',(6.,57.5912128768579,0.));
#17631=CARTESIAN_POINT('',(6.,57.5912128768579,0.));
#17632=CARTESIAN_POINT('',(6.,42.277234059059,0.));
#17633=CARTESIAN_POINT('',(3.4,57.5912128768579,0.));
#17634=CARTESIAN_POINT('',(3.4,57.1785319827232,0.));
#17635=CARTESIAN_POINT('',(6.,57.5912128768579,0.));
#17636=CARTESIAN_POINT('Origin',(6.,58.1763576168303,0.582089095257592));
#17637=CARTESIAN_POINT('',(6.,58.1763576168303,0.582089095257592));
#17638=CARTESIAN_POINT('',(3.4,58.1763576168303,0.582089095257614));
#17639=CARTESIAN_POINT('Origin',(3.4,56.7658510885886,2.));
#17640=CARTESIAN_POINT('Origin',(6.,56.7658510885886,2.));
#17641=CARTESIAN_POINT('Origin',(-56.7658510885886,-3.22943057454041,2.));
#17642=CARTESIAN_POINT('',(-56.7658510885886,-1.69797150880947,2.));
#17643=CARTESIAN_POINT('',(-57.9576242683679,-3.39999999999999,2.));
#17644=CARTESIAN_POINT('',(-57.838190270873,-3.22943057454041,2.));
#17645=CARTESIAN_POINT('Origin',(-56.7658510885886,-3.39999999999999,2.));
#17646=CARTESIAN_POINT('Origin',(-56.7658510885886,-5.99999999999999,2.));
#17647=CARTESIAN_POINT('',(-54.7658510885886,-5.99999999999999,2.));
#17648=CARTESIAN_POINT('',(-58.1763576168303,-5.99999999999999,0.582089095257592));
#17649=CARTESIAN_POINT('Origin',(-56.7658510885886,-5.99999999999999,2.));
#17650=CARTESIAN_POINT('',(-54.7658510885886,-3.39999999999999,2.));
#17651=CARTESIAN_POINT('',(-54.7658510885886,-5.99999999999999,2.));
#17652=CARTESIAN_POINT('',(-58.1763576168303,-3.39999999999999,0.582089095257592));
#17653=CARTESIAN_POINT('Origin',(-56.7658510885886,-3.39999999999999,2.));
#17654=CARTESIAN_POINT('',(-58.1763576168303,-5.99999999999999,0.582089095257592));
#17655=CARTESIAN_POINT('Origin',(-58.1763576168303,-5.99999999999999,0.582089095257592));
#17656=CARTESIAN_POINT('',(-57.5912128768579,-5.99999999999999,0.));
#17657=CARTESIAN_POINT('',(-58.1763576168303,-5.99999999999999,0.582089095257592));
#17658=CARTESIAN_POINT('',(-57.5912128768579,-3.39999999999999,0.));
#17659=CARTESIAN_POINT('',(-58.1763576168303,-3.39999999999999,0.582089095257614));
#17660=CARTESIAN_POINT('',(-57.5912128768579,-5.99999999999999,0.));
#17661=CARTESIAN_POINT('Origin',(-56.7658510885886,-3.39999999999999,2.));
#17662=CARTESIAN_POINT('',(-54.3658510885886,-3.39999999999999,2.));
#17663=CARTESIAN_POINT('',(-55.2658510885885,-3.39999999999999,2.));
#17664=CARTESIAN_POINT('',(-55.0732432546985,-3.39999999999999,0.298506914309097));
#17665=CARTESIAN_POINT('Origin',(-56.7658510885886,-3.39999999999999,2.));
#17666=CARTESIAN_POINT('',(-55.3733171646488,-3.39999999999999,0.));
#17667=CARTESIAN_POINT('',(-55.0732432546985,-3.39999999999999,0.298506914309066));
#17668=CARTESIAN_POINT('',(-57.1785319827232,-3.39999999999999,0.));
#17669=CARTESIAN_POINT('Origin',(-56.7658510885886,-5.99999999999999,2.));
#17670=CARTESIAN_POINT('',(-53.7658510885885,-5.99999999999999,0.));
#17671=CARTESIAN_POINT('',(-42.277234059059,-6.,0.));
#17672=CARTESIAN_POINT('',(-53.7658510885885,-5.99999999999999,2.));
#17673=CARTESIAN_POINT('',(-53.7658510885885,-5.99999999999999,-2.69399157074585E-16));
#17674=CARTESIAN_POINT('',(-59.7658510885886,-5.99999999999999,2.));
#17675=CARTESIAN_POINT('Origin',(-56.7658510885886,3.22943057454043,2.));
#17676=CARTESIAN_POINT('',(-56.7658510885886,1.69797150880949,2.));
#17677=CARTESIAN_POINT('',(-57.9576242683679,3.40000000000001,2.));
#17678=CARTESIAN_POINT('',(-57.838190270873,3.22943057454043,2.));
#17679=CARTESIAN_POINT('Origin',(-56.7658510885886,3.40000000000001,2.));
#17680=CARTESIAN_POINT('Origin',(-56.7658510885886,6.00000000000001,2.));
#17681=CARTESIAN_POINT('',(-55.0732432546985,3.40000000000001,0.298506914309097));
#17682=CARTESIAN_POINT('',(-55.0732432546985,6.00000000000001,0.298506914309097));
#17683=CARTESIAN_POINT('',(-54.3658510885886,3.40000000000001,2.));
#17684=CARTESIAN_POINT('',(-54.3658510885886,6.00000000000001,2.));
#17685=CARTESIAN_POINT('Origin',(-56.7658510885886,3.40000000000001,2.));
#17686=CARTESIAN_POINT('Origin',(-55.0732432546985,6.00000000000001,0.298506914309097));
#17687=CARTESIAN_POINT('',(-55.3733171646488,3.40000000000001,0.));
#17688=CARTESIAN_POINT('',(-55.0732432546985,3.40000000000001,0.298506914309066));
#17689=CARTESIAN_POINT('',(-55.3733171646488,6.00000000000001,0.));
#17690=CARTESIAN_POINT('Origin',(-53.7658510885885,6.00000000000001,2.));
#17691=CARTESIAN_POINT('',(-54.7658510885886,6.00000000000001,2.));
#17692=CARTESIAN_POINT('',(-53.7658510885885,6.00000000000001,2.));
#17693=CARTESIAN_POINT('',(-59.7658510885886,6.00000000000001,2.));
#17694=CARTESIAN_POINT('',(-54.7658510885886,3.40000000000001,2.));
#17695=CARTESIAN_POINT('',(-54.7658510885886,6.00000000000001,2.));
#17696=CARTESIAN_POINT('',(-55.2658510885885,3.40000000000001,2.));
#17697=CARTESIAN_POINT('',(-53.7658510885885,6.00000000000001,2.));
#17698=CARTESIAN_POINT('Origin',(-53.7658510885885,6.00000000000001,0.));
#17699=CARTESIAN_POINT('',(-53.7658510885885,6.00000000000001,0.));
#17700=CARTESIAN_POINT('',(-53.7658510885885,6.00000000000001,-2.69399157074585E-16));
#17701=CARTESIAN_POINT('',(-53.7658510885885,6.00000000000001,0.));
#17702=CARTESIAN_POINT('Origin',(-56.7658510885886,6.00000000000001,2.));
#17703=CARTESIAN_POINT('',(-58.1763576168303,6.00000000000001,0.582089095257592));
#17704=CARTESIAN_POINT('Origin',(-56.7658510885886,6.00000000000001,2.));
#17705=CARTESIAN_POINT('',(-58.1763576168303,3.40000000000001,0.582089095257592));
#17706=CARTESIAN_POINT('',(-58.1763576168303,6.00000000000001,0.582089095257592));
#17707=CARTESIAN_POINT('Origin',(-56.7658510885886,3.40000000000001,2.));
#17708=CARTESIAN_POINT('Origin',(-57.5912128768579,6.00000000000001,0.));
#17709=CARTESIAN_POINT('',(-57.5912128768579,6.00000000000001,0.));
#17710=CARTESIAN_POINT('',(-42.277234059059,6.00000000000001,0.));
#17711=CARTESIAN_POINT('',(-57.5912128768579,3.40000000000001,0.));
#17712=CARTESIAN_POINT('',(-57.1785319827232,3.40000000000001,0.));
#17713=CARTESIAN_POINT('',(-57.5912128768579,6.00000000000001,0.));
#17714=CARTESIAN_POINT('Origin',(-58.1763576168303,6.00000000000001,0.582089095257592));
#17715=CARTESIAN_POINT('',(-58.1763576168303,6.00000000000001,0.582089095257592));
#17716=CARTESIAN_POINT('',(-58.1763576168303,3.40000000000001,0.582089095257614));
#17717=CARTESIAN_POINT('Origin',(-56.7658510885886,3.40000000000001,2.));
#17718=CARTESIAN_POINT('Origin',(-56.7658510885886,6.00000000000001,2.));
#17719=CARTESIAN_POINT('Origin',(3.22943057454041,-56.7658510885886,2.));
#17720=CARTESIAN_POINT('',(1.69797150880947,-56.7658510885886,2.));
#17721=CARTESIAN_POINT('',(3.39999999999999,-57.9576242683679,2.));
#17722=CARTESIAN_POINT('',(3.22943057454041,-57.838190270873,2.));
#17723=CARTESIAN_POINT('Origin',(3.39999999999999,-56.7658510885886,2.));
#17724=CARTESIAN_POINT('Origin',(5.99999999999999,-56.7658510885886,2.));
#17725=CARTESIAN_POINT('',(5.99999999999999,-54.7658510885886,2.));
#17726=CARTESIAN_POINT('',(5.99999999999999,-58.1763576168303,0.582089095257592));
#17727=CARTESIAN_POINT('Origin',(5.99999999999999,-56.7658510885886,2.));
#17728=CARTESIAN_POINT('',(3.39999999999999,-54.7658510885886,2.));
#17729=CARTESIAN_POINT('',(5.99999999999999,-54.7658510885886,2.));
#17730=CARTESIAN_POINT('',(3.39999999999999,-58.1763576168303,0.582089095257592));
#17731=CARTESIAN_POINT('Origin',(3.39999999999999,-56.7658510885886,2.));
#17732=CARTESIAN_POINT('',(5.99999999999999,-58.1763576168303,0.582089095257592));
#17733=CARTESIAN_POINT('Origin',(5.99999999999999,-58.1763576168303,0.582089095257592));
#17734=CARTESIAN_POINT('',(5.99999999999999,-57.5912128768579,0.));
#17735=CARTESIAN_POINT('',(5.99999999999999,-58.1763576168303,0.582089095257592));
#17736=CARTESIAN_POINT('',(3.39999999999999,-57.5912128768579,0.));
#17737=CARTESIAN_POINT('',(3.39999999999999,-58.1763576168303,0.582089095257614));
#17738=CARTESIAN_POINT('',(5.99999999999999,-57.5912128768579,0.));
#17739=CARTESIAN_POINT('Origin',(3.39999999999999,-56.7658510885886,2.));
#17740=CARTESIAN_POINT('',(3.39999999999999,-54.3658510885886,2.));
#17741=CARTESIAN_POINT('',(3.39999999999999,-55.2658510885885,2.));
#17742=CARTESIAN_POINT('',(3.39999999999999,-55.0732432546985,0.298506914309097));
#17743=CARTESIAN_POINT('Origin',(3.39999999999999,-56.7658510885886,2.));
#17744=CARTESIAN_POINT('',(3.39999999999999,-55.3733171646488,0.));
#17745=CARTESIAN_POINT('',(3.39999999999999,-55.0732432546985,0.298506914309066));
#17746=CARTESIAN_POINT('',(3.39999999999999,-57.1785319827232,0.));
#17747=CARTESIAN_POINT('Origin',(5.99999999999999,-56.7658510885886,2.));
#17748=CARTESIAN_POINT('',(5.99999999999999,-53.7658510885885,0.));
#17749=CARTESIAN_POINT('',(5.99999999999999,-42.277234059059,0.));
#17750=CARTESIAN_POINT('',(5.99999999999999,-53.7658510885885,2.));
#17751=CARTESIAN_POINT('',(5.99999999999999,-53.7658510885885,-2.69399157074585E-16));
#17752=CARTESIAN_POINT('',(5.99999999999999,-59.7658510885886,2.));
#17753=CARTESIAN_POINT('Origin',(-3.22943057454043,-56.7658510885886,2.));
#17754=CARTESIAN_POINT('',(-1.69797150880949,-56.7658510885886,2.));
#17755=CARTESIAN_POINT('',(-3.40000000000001,-57.9576242683679,2.));
#17756=CARTESIAN_POINT('',(-3.22943057454043,-57.838190270873,2.));
#17757=CARTESIAN_POINT('Origin',(-3.40000000000001,-56.7658510885886,2.));
#17758=CARTESIAN_POINT('Origin',(-6.00000000000001,-56.7658510885886,2.));
#17759=CARTESIAN_POINT('',(-3.40000000000001,-55.0732432546985,0.298506914309097));
#17760=CARTESIAN_POINT('',(-6.00000000000001,-55.0732432546985,0.298506914309097));
#17761=CARTESIAN_POINT('',(-3.40000000000001,-54.3658510885886,2.));
#17762=CARTESIAN_POINT('',(-6.00000000000001,-54.3658510885886,2.));
#17763=CARTESIAN_POINT('Origin',(-3.40000000000001,-56.7658510885886,2.));
#17764=CARTESIAN_POINT('Origin',(-6.00000000000001,-55.0732432546985,0.298506914309097));
#17765=CARTESIAN_POINT('',(-3.40000000000001,-55.3733171646488,0.));
#17766=CARTESIAN_POINT('',(-3.40000000000001,-55.0732432546985,0.298506914309066));
#17767=CARTESIAN_POINT('',(-6.00000000000001,-55.3733171646488,0.));
#17768=CARTESIAN_POINT('Origin',(-6.00000000000001,-53.7658510885885,2.));
#17769=CARTESIAN_POINT('',(-6.00000000000001,-54.7658510885886,2.));
#17770=CARTESIAN_POINT('',(-6.00000000000001,-53.7658510885885,2.));
#17771=CARTESIAN_POINT('',(-6.00000000000001,-59.7658510885886,2.));
#17772=CARTESIAN_POINT('',(-3.40000000000001,-54.7658510885886,2.));
#17773=CARTESIAN_POINT('',(-6.00000000000001,-54.7658510885886,2.));
#17774=CARTESIAN_POINT('',(-3.40000000000001,-55.2658510885885,2.));
#17775=CARTESIAN_POINT('',(-6.00000000000001,-53.7658510885885,2.));
#17776=CARTESIAN_POINT('Origin',(-6.00000000000001,-53.7658510885885,0.));
#17777=CARTESIAN_POINT('',(-6.00000000000001,-53.7658510885885,0.));
#17778=CARTESIAN_POINT('',(-6.00000000000001,-53.7658510885885,-2.69399157074585E-16));
#17779=CARTESIAN_POINT('',(-6.00000000000001,-53.7658510885885,0.));
#17780=CARTESIAN_POINT('Origin',(-6.00000000000001,-56.7658510885886,2.));
#17781=CARTESIAN_POINT('',(-6.00000000000001,-58.1763576168303,0.582089095257592));
#17782=CARTESIAN_POINT('Origin',(-6.00000000000001,-56.7658510885886,2.));
#17783=CARTESIAN_POINT('',(-3.40000000000001,-58.1763576168303,0.582089095257592));
#17784=CARTESIAN_POINT('',(-6.00000000000001,-58.1763576168303,0.582089095257592));
#17785=CARTESIAN_POINT('Origin',(-3.40000000000001,-56.7658510885886,2.));
#17786=CARTESIAN_POINT('Origin',(-6.00000000000001,-57.5912128768579,0.));
#17787=CARTESIAN_POINT('',(-6.00000000000001,-57.5912128768579,0.));
#17788=CARTESIAN_POINT('',(-6.00000000000001,-42.277234059059,0.));
#17789=CARTESIAN_POINT('',(-3.40000000000001,-57.5912128768579,0.));
#17790=CARTESIAN_POINT('',(-3.40000000000001,-57.1785319827232,0.));
#17791=CARTESIAN_POINT('',(-6.00000000000001,-57.5912128768579,0.));
#17792=CARTESIAN_POINT('Origin',(-6.00000000000001,-58.1763576168303,0.582089095257592));
#17793=CARTESIAN_POINT('',(-6.00000000000001,-58.1763576168303,0.582089095257592));
#17794=CARTESIAN_POINT('',(-3.40000000000001,-58.1763576168303,0.582089095257614));
#17795=CARTESIAN_POINT('Origin',(-3.40000000000001,-56.7658510885886,2.));
#17796=CARTESIAN_POINT('Origin',(-6.00000000000001,-56.7658510885886,2.));
#17797=CARTESIAN_POINT('Origin',(-3.,35.8886170295295,2.01028503178854));
#17798=CARTESIAN_POINT('',(-3.,37.4886170295295,2.01028503178853));
#17799=CARTESIAN_POINT('Origin',(-3.,35.8886170295295,2.01028503178854));
#17800=CARTESIAN_POINT('',(-5.28503681078738,35.8886170295295,2.01028503178854));
#17801=CARTESIAN_POINT('',(-3.,37.4886170295295,2.01028503178853));
#17802=CARTESIAN_POINT('Origin',(-3.,35.8886170295295,2.01028503178854));
#17803=CARTESIAN_POINT('',(-3.,35.0599195327369,0.0102850317885348));
#17804=CARTESIAN_POINT('',(-3.,34.4740771524837,0.596397859399203));
#17805=CARTESIAN_POINT('',(-3.,34.7669983426103,0.303341445593815));
#17806=CARTESIAN_POINT('',(-3.,37.2828694555128,0.0102850317885347));
#17807=CARTESIAN_POINT('',(-3.,37.3886170295295,0.0102850317885347));
#17808=CARTESIAN_POINT('',(-3.,37.5860648819845,0.313620424921315));
#17809=CARTESIAN_POINT('',(-3.,37.5860648819845,0.313620424921263));
#17810=CARTESIAN_POINT('',(-3.,38.2886170295295,2.01028503178854));
#17811=CARTESIAN_POINT('Origin',(-3.,35.8886170295295,2.01028503178854));
#17812=CARTESIAN_POINT('',(-3.,37.8886170295295,2.01028503178854));
#17813=CARTESIAN_POINT('',(-3.,36.8886170295295,2.01028503178853));
#17814=CARTESIAN_POINT('Origin',(-3.,35.8886170295295,2.01028503178854));
#17815=CARTESIAN_POINT('Origin',(2.1468009117065E-15,35.0599195327369,0.0102850317885348));
#17816=CARTESIAN_POINT('',(-6.,34.4740771524837,0.596397859399203));
#17817=CARTESIAN_POINT('',(2.1109284119174E-15,34.4740771524837,0.596397859399203));
#17818=CARTESIAN_POINT('',(-6.,35.0599195327369,0.0102850317885347));
#17819=CARTESIAN_POINT('',(-6.,34.4740771524837,0.596397859399204));
#17820=CARTESIAN_POINT('',(2.1468009117065E-15,35.0599195327369,0.0102850317885348));
#17821=CARTESIAN_POINT('Origin',(2.19754399855193E-15,35.8886170295295,
2.01028503178854));
#17822=CARTESIAN_POINT('',(-6.,37.8886170295295,2.01028503178853));
#17823=CARTESIAN_POINT('',(2.32000867846666E-15,37.8886170295295,2.01028503178853));
#17824=CARTESIAN_POINT('Origin',(-6.,35.8886170295295,2.01028503178854));
#17825=CARTESIAN_POINT('Origin',(-6.,36.3886170295295,2.01028503178854));
#17826=CARTESIAN_POINT('',(-6.,38.8886170295295,2.01028503178853));
#17827=CARTESIAN_POINT('',(-6.,32.8886170295295,2.01028503178853));
#17828=CARTESIAN_POINT('',(-6.,38.8886170295295,0.0102850317885347));
#17829=CARTESIAN_POINT('',(-6.,38.8886170295295,0.0102850317885348));
#17830=CARTESIAN_POINT('',(-6.,35.8886170295295,0.0102850317885348));
#17831=CARTESIAN_POINT('Origin',(2.19754399855193E-15,35.8886170295295,
2.01028503178854));
#17832=CARTESIAN_POINT('',(3.,38.2886170295295,2.01028503178854));
#17833=CARTESIAN_POINT('',(2.34450161444961E-15,38.2886170295295,2.01028503178854));
#17834=CARTESIAN_POINT('',(3.,37.5860648819845,0.313620424921315));
#17835=CARTESIAN_POINT('',(2.30148270251335E-15,37.5860648819845,0.313620424921315));
#17836=CARTESIAN_POINT('Origin',(3.,35.8886170295295,2.01028503178854));
#17837=CARTESIAN_POINT('Origin',(3.,35.8886170295295,2.01028503178854));
#17838=CARTESIAN_POINT('',(3.,37.4886170295295,2.01028503178853));
#17839=CARTESIAN_POINT('Origin',(3.,35.8886170295295,2.01028503178854));
#17840=CARTESIAN_POINT('',(5.28503681078739,35.8886170295295,2.01028503178854));
#17841=CARTESIAN_POINT('',(3.,37.4886170295295,2.01028503178853));
#17842=CARTESIAN_POINT('Origin',(2.30148270251335E-15,37.5860648819845,
0.313620424921315));
#17843=CARTESIAN_POINT('',(3.,37.2828694555128,0.0102850317885347));
#17844=CARTESIAN_POINT('',(2.28291733708612E-15,37.2828694555128,0.0102850317885349));
#17845=CARTESIAN_POINT('',(3.,37.5860648819845,0.313620424921263));
#17846=CARTESIAN_POINT('Origin',(3.,35.8886170295295,2.01028503178854));
#17847=CARTESIAN_POINT('',(3.,35.0599195327369,0.0102850317885348));
#17848=CARTESIAN_POINT('',(3.,34.4740771524837,0.596397859399203));
#17849=CARTESIAN_POINT('',(3.,34.7669983426103,0.303341445593815));
#17850=CARTESIAN_POINT('',(3.,37.8886170295295,2.01028503178854));
#17851=CARTESIAN_POINT('Origin',(3.,35.8886170295295,2.01028503178854));
#17852=CARTESIAN_POINT('',(3.,36.8886170295295,2.01028503178853));
#17853=CARTESIAN_POINT('',(3.,37.3886170295295,0.0102850317885347));
#17854=CARTESIAN_POINT('Origin',(2.38124101842403E-15,38.8886170295295,
0.0102850317885348));
#17855=CARTESIAN_POINT('',(6.,38.8886170295295,0.0102850317885347));
#17856=CARTESIAN_POINT('',(2.38124101842403E-15,38.8886170295295,0.0102850317885348));
#17857=CARTESIAN_POINT('',(6.,35.0599195327369,0.0102850317885347));
#17858=CARTESIAN_POINT('',(6.,35.8886170295295,0.0102850317885348));
#17859=CARTESIAN_POINT('',(2.1468009117065E-15,35.0599195327369,0.0102850317885348));
#17860=CARTESIAN_POINT('Origin',(2.1468009117065E-15,35.0599195327369,0.0102850317885348));
#17861=CARTESIAN_POINT('',(6.,34.4740771524837,0.596397859399203));
#17862=CARTESIAN_POINT('',(6.,34.4740771524837,0.596397859399204));
#17863=CARTESIAN_POINT('',(2.1109284119174E-15,34.4740771524837,0.596397859399203));
#17864=CARTESIAN_POINT('Origin',(2.38124101842403E-15,38.8886170295295,
2.01028503178853));
#17865=CARTESIAN_POINT('',(6.,38.8886170295295,2.01028503178853));
#17866=CARTESIAN_POINT('',(2.38124101842403E-15,38.8886170295295,2.01028503178853));
#17867=CARTESIAN_POINT('',(6.,38.8886170295295,0.0102850317885348));
#17868=CARTESIAN_POINT('Origin',(2.32000867846666E-15,37.8886170295295,
2.01028503178853));
#17869=CARTESIAN_POINT('',(6.,37.8886170295295,2.01028503178853));
#17870=CARTESIAN_POINT('',(2.32000867846666E-15,37.8886170295295,2.01028503178853));
#17871=CARTESIAN_POINT('',(6.,32.8886170295295,2.01028503178853));
#17872=CARTESIAN_POINT('Origin',(2.19754399855193E-15,35.8886170295295,
2.01028503178854));
#17873=CARTESIAN_POINT('Origin',(6.,35.8886170295295,2.01028503178854));
#17874=CARTESIAN_POINT('Origin',(6.,36.3886170295295,2.01028503178854));
#17875=CARTESIAN_POINT('Origin',(-35.8886170295295,-3.,2.01028503178854));
#17876=CARTESIAN_POINT('',(-37.4886170295295,-3.,2.01028503178853));
#17877=CARTESIAN_POINT('Origin',(-35.8886170295295,-3.,2.01028503178854));
#17878=CARTESIAN_POINT('',(-35.8886170295295,-5.28503681078738,2.01028503178854));
#17879=CARTESIAN_POINT('',(-37.4886170295295,-3.,2.01028503178853));
#17880=CARTESIAN_POINT('Origin',(-35.8886170295295,-3.,2.01028503178854));
#17881=CARTESIAN_POINT('',(-35.0599195327369,-3.,0.0102850317885348));
#17882=CARTESIAN_POINT('',(-34.4740771524837,-3.,0.596397859399203));
#17883=CARTESIAN_POINT('',(-34.7669983426103,-3.,0.303341445593815));
#17884=CARTESIAN_POINT('',(-37.2828694555128,-3.,0.0102850317885347));
#17885=CARTESIAN_POINT('',(-37.3886170295295,-3.,0.0102850317885347));
#17886=CARTESIAN_POINT('',(-37.5860648819845,-3.,0.313620424921315));
#17887=CARTESIAN_POINT('',(-37.5860648819845,-3.,0.313620424921263));
#17888=CARTESIAN_POINT('',(-38.2886170295295,-3.,2.01028503178854));
#17889=CARTESIAN_POINT('Origin',(-35.8886170295295,-3.,2.01028503178854));
#17890=CARTESIAN_POINT('',(-37.8886170295295,-3.,2.01028503178854));
#17891=CARTESIAN_POINT('',(-36.8886170295295,-3.,2.01028503178853));
#17892=CARTESIAN_POINT('Origin',(-35.8886170295295,-3.,2.01028503178854));
#17893=CARTESIAN_POINT('Origin',(-35.0599195327369,4.293601823413E-15,0.0102850317885348));
#17894=CARTESIAN_POINT('',(-34.4740771524837,-6.,0.596397859399203));
#17895=CARTESIAN_POINT('',(-34.4740771524837,4.2218568238348E-15,0.596397859399203));
#17896=CARTESIAN_POINT('',(-35.0599195327369,-6.,0.0102850317885347));
#17897=CARTESIAN_POINT('',(-34.4740771524837,-6.,0.596397859399204));
#17898=CARTESIAN_POINT('',(-35.0599195327369,4.293601823413E-15,0.0102850317885348));
#17899=CARTESIAN_POINT('Origin',(-35.8886170295295,4.39508799710385E-15,
2.01028503178854));
#17900=CARTESIAN_POINT('',(-37.8886170295295,-6.,2.01028503178853));
#17901=CARTESIAN_POINT('',(-37.8886170295295,4.64001735693332E-15,2.01028503178853));
#17902=CARTESIAN_POINT('Origin',(-35.8886170295295,-6.,2.01028503178854));
#17903=CARTESIAN_POINT('Origin',(-36.3886170295295,-6.,2.01028503178854));
#17904=CARTESIAN_POINT('',(-38.8886170295295,-6.,2.01028503178853));
#17905=CARTESIAN_POINT('',(-32.8886170295295,-6.,2.01028503178853));
#17906=CARTESIAN_POINT('',(-38.8886170295295,-6.,0.0102850317885347));
#17907=CARTESIAN_POINT('',(-38.8886170295295,-6.,0.0102850317885348));
#17908=CARTESIAN_POINT('',(-35.8886170295295,-6.,0.0102850317885348));
#17909=CARTESIAN_POINT('Origin',(-35.8886170295295,4.39508799710385E-15,
2.01028503178854));
#17910=CARTESIAN_POINT('',(-38.2886170295295,3.,2.01028503178854));
#17911=CARTESIAN_POINT('',(-38.2886170295295,4.68900322889922E-15,2.01028503178854));
#17912=CARTESIAN_POINT('',(-37.5860648819845,3.,0.313620424921315));
#17913=CARTESIAN_POINT('',(-37.5860648819845,4.60296540502671E-15,0.313620424921315));
#17914=CARTESIAN_POINT('Origin',(-35.8886170295295,3.,2.01028503178854));
#17915=CARTESIAN_POINT('Origin',(-35.8886170295295,3.,2.01028503178854));
#17916=CARTESIAN_POINT('',(-37.4886170295295,3.,2.01028503178853));
#17917=CARTESIAN_POINT('Origin',(-35.8886170295295,3.,2.01028503178854));
#17918=CARTESIAN_POINT('',(-35.8886170295295,5.28503681078739,2.01028503178854));
#17919=CARTESIAN_POINT('',(-37.4886170295295,3.,2.01028503178853));
#17920=CARTESIAN_POINT('Origin',(-37.5860648819845,4.60296540502671E-15,
0.313620424921315));
#17921=CARTESIAN_POINT('',(-37.2828694555128,3.,0.0102850317885347));
#17922=CARTESIAN_POINT('',(-37.2828694555128,4.56583467417224E-15,0.0102850317885349));
#17923=CARTESIAN_POINT('',(-37.5860648819845,3.,0.313620424921263));
#17924=CARTESIAN_POINT('Origin',(-35.8886170295295,3.,2.01028503178854));
#17925=CARTESIAN_POINT('',(-35.0599195327369,3.,0.0102850317885348));
#17926=CARTESIAN_POINT('',(-34.4740771524837,3.,0.596397859399203));
#17927=CARTESIAN_POINT('',(-34.7669983426103,3.,0.303341445593815));
#17928=CARTESIAN_POINT('',(-37.8886170295295,3.,2.01028503178854));
#17929=CARTESIAN_POINT('Origin',(-35.8886170295295,3.,2.01028503178854));
#17930=CARTESIAN_POINT('',(-36.8886170295295,3.,2.01028503178853));
#17931=CARTESIAN_POINT('',(-37.3886170295295,3.,0.0102850317885347));
#17932=CARTESIAN_POINT('Origin',(-38.8886170295295,4.76248203684806E-15,
0.0102850317885348));
#17933=CARTESIAN_POINT('',(-38.8886170295295,6.00000000000001,0.0102850317885347));
#17934=CARTESIAN_POINT('',(-38.8886170295295,4.76248203684806E-15,0.0102850317885348));
#17935=CARTESIAN_POINT('',(-35.0599195327369,6.00000000000001,0.0102850317885347));
#17936=CARTESIAN_POINT('',(-35.8886170295295,6.00000000000001,0.0102850317885348));
#17937=CARTESIAN_POINT('',(-35.0599195327369,4.293601823413E-15,0.0102850317885348));
#17938=CARTESIAN_POINT('Origin',(-35.0599195327369,4.293601823413E-15,0.0102850317885348));
#17939=CARTESIAN_POINT('',(-34.4740771524837,6.00000000000001,0.596397859399203));
#17940=CARTESIAN_POINT('',(-34.4740771524837,6.00000000000001,0.596397859399204));
#17941=CARTESIAN_POINT('',(-34.4740771524837,4.2218568238348E-15,0.596397859399203));
#17942=CARTESIAN_POINT('Origin',(-38.8886170295295,4.76248203684806E-15,
2.01028503178853));
#17943=CARTESIAN_POINT('',(-38.8886170295295,6.00000000000001,2.01028503178853));
#17944=CARTESIAN_POINT('',(-38.8886170295295,4.76248203684806E-15,2.01028503178853));
#17945=CARTESIAN_POINT('',(-38.8886170295295,6.00000000000001,0.0102850317885348));
#17946=CARTESIAN_POINT('Origin',(-37.8886170295295,4.64001735693332E-15,
2.01028503178853));
#17947=CARTESIAN_POINT('',(-37.8886170295295,6.00000000000001,2.01028503178853));
#17948=CARTESIAN_POINT('',(-37.8886170295295,4.64001735693332E-15,2.01028503178853));
#17949=CARTESIAN_POINT('',(-32.8886170295295,6.00000000000001,2.01028503178853));
#17950=CARTESIAN_POINT('Origin',(-35.8886170295295,4.39508799710385E-15,
2.01028503178854));
#17951=CARTESIAN_POINT('Origin',(-35.8886170295295,6.00000000000001,2.01028503178854));
#17952=CARTESIAN_POINT('Origin',(-36.3886170295295,6.00000000000001,2.01028503178854));
#17953=CARTESIAN_POINT('Origin',(2.99999999999999,-35.8886170295295,2.01028503178854));
#17954=CARTESIAN_POINT('',(2.99999999999999,-37.4886170295295,2.01028503178853));
#17955=CARTESIAN_POINT('Origin',(2.99999999999999,-35.8886170295295,2.01028503178854));
#17956=CARTESIAN_POINT('',(5.28503681078738,-35.8886170295295,2.01028503178854));
#17957=CARTESIAN_POINT('',(2.99999999999999,-37.4886170295295,2.01028503178853));
#17958=CARTESIAN_POINT('Origin',(2.99999999999999,-35.8886170295295,2.01028503178854));
#17959=CARTESIAN_POINT('',(2.99999999999999,-35.0599195327369,0.0102850317885348));
#17960=CARTESIAN_POINT('',(2.99999999999999,-34.4740771524837,0.596397859399203));
#17961=CARTESIAN_POINT('',(2.99999999999999,-34.7669983426103,0.303341445593815));
#17962=CARTESIAN_POINT('',(2.99999999999999,-37.2828694555128,0.0102850317885347));
#17963=CARTESIAN_POINT('',(2.99999999999999,-37.3886170295295,0.0102850317885347));
#17964=CARTESIAN_POINT('',(2.99999999999999,-37.5860648819845,0.313620424921315));
#17965=CARTESIAN_POINT('',(2.99999999999999,-37.5860648819845,0.313620424921263));
#17966=CARTESIAN_POINT('',(2.99999999999999,-38.2886170295295,2.01028503178854));
#17967=CARTESIAN_POINT('Origin',(2.99999999999999,-35.8886170295295,2.01028503178854));
#17968=CARTESIAN_POINT('',(2.99999999999999,-37.8886170295295,2.01028503178854));
#17969=CARTESIAN_POINT('',(2.99999999999999,-36.8886170295295,2.01028503178853));
#17970=CARTESIAN_POINT('Origin',(2.99999999999999,-35.8886170295295,2.01028503178854));
#17971=CARTESIAN_POINT('Origin',(-6.44040273511951E-15,-35.0599195327369,
0.0102850317885348));
#17972=CARTESIAN_POINT('',(5.99999999999999,-34.4740771524837,0.596397859399203));
#17973=CARTESIAN_POINT('',(-6.3327852357522E-15,-34.4740771524837,0.596397859399203));
#17974=CARTESIAN_POINT('',(5.99999999999999,-35.0599195327369,0.0102850317885347));
#17975=CARTESIAN_POINT('',(5.99999999999999,-34.4740771524837,0.596397859399204));
#17976=CARTESIAN_POINT('',(-6.44040273511951E-15,-35.0599195327369,0.0102850317885348));
#17977=CARTESIAN_POINT('Origin',(-6.59263199565578E-15,-35.8886170295295,
2.01028503178854));
#17978=CARTESIAN_POINT('',(5.99999999999999,-37.8886170295295,2.01028503178853));
#17979=CARTESIAN_POINT('',(-6.96002603539998E-15,-37.8886170295295,2.01028503178853));
#17980=CARTESIAN_POINT('Origin',(5.99999999999999,-35.8886170295295,2.01028503178854));
#17981=CARTESIAN_POINT('Origin',(5.99999999999999,-36.3886170295295,2.01028503178854));
#17982=CARTESIAN_POINT('',(5.99999999999999,-38.8886170295295,2.01028503178853));
#17983=CARTESIAN_POINT('',(6.,-32.8886170295295,2.01028503178853));
#17984=CARTESIAN_POINT('',(5.99999999999999,-38.8886170295295,0.0102850317885347));
#17985=CARTESIAN_POINT('',(5.99999999999999,-38.8886170295295,0.0102850317885348));
#17986=CARTESIAN_POINT('',(5.99999999999999,-35.8886170295295,0.0102850317885348));
#17987=CARTESIAN_POINT('Origin',(-6.59263199565578E-15,-35.8886170295295,
2.01028503178854));
#17988=CARTESIAN_POINT('',(-3.00000000000001,-38.2886170295295,2.01028503178854));
#17989=CARTESIAN_POINT('',(-7.03350484334883E-15,-38.2886170295295,2.01028503178854));
#17990=CARTESIAN_POINT('',(-3.00000000000001,-37.5860648819845,0.313620424921315));
#17991=CARTESIAN_POINT('',(-6.90444810754006E-15,-37.5860648819845,0.313620424921315));
#17992=CARTESIAN_POINT('Origin',(-3.00000000000001,-35.8886170295295,2.01028503178854));
#17993=CARTESIAN_POINT('Origin',(-3.00000000000001,-35.8886170295295,2.01028503178854));
#17994=CARTESIAN_POINT('',(-3.00000000000001,-37.4886170295295,2.01028503178853));
#17995=CARTESIAN_POINT('Origin',(-3.00000000000001,-35.8886170295295,2.01028503178854));
#17996=CARTESIAN_POINT('',(-5.28503681078739,-35.8886170295295,2.01028503178854));
#17997=CARTESIAN_POINT('',(-3.00000000000001,-37.4886170295295,2.01028503178853));
#17998=CARTESIAN_POINT('Origin',(-6.90444810754006E-15,-37.5860648819845,
0.313620424921315));
#17999=CARTESIAN_POINT('',(-3.00000000000001,-37.2828694555128,0.0102850317885347));
#18000=CARTESIAN_POINT('',(-6.84875201125836E-15,-37.2828694555128,0.0102850317885349));
#18001=CARTESIAN_POINT('',(-3.00000000000001,-37.5860648819845,0.313620424921263));
#18002=CARTESIAN_POINT('Origin',(-3.00000000000001,-35.8886170295295,2.01028503178854));
#18003=CARTESIAN_POINT('',(-3.00000000000001,-35.0599195327369,0.0102850317885348));
#18004=CARTESIAN_POINT('',(-3.00000000000001,-34.4740771524837,0.596397859399203));
#18005=CARTESIAN_POINT('',(-3.00000000000001,-34.7669983426103,0.303341445593815));
#18006=CARTESIAN_POINT('',(-3.00000000000001,-37.8886170295295,2.01028503178854));
#18007=CARTESIAN_POINT('Origin',(-3.00000000000001,-35.8886170295295,2.01028503178854));
#18008=CARTESIAN_POINT('',(-3.00000000000001,-36.8886170295295,2.01028503178853));
#18009=CARTESIAN_POINT('',(-3.00000000000001,-37.3886170295295,0.0102850317885347));
#18010=CARTESIAN_POINT('Origin',(-7.14372305527209E-15,-38.8886170295295,
0.0102850317885348));
#18011=CARTESIAN_POINT('',(-6.00000000000001,-38.8886170295295,0.0102850317885347));
#18012=CARTESIAN_POINT('',(-7.14372305527209E-15,-38.8886170295295,0.0102850317885348));
#18013=CARTESIAN_POINT('',(-6.00000000000001,-35.0599195327369,0.0102850317885347));
#18014=CARTESIAN_POINT('',(-6.00000000000001,-35.8886170295295,0.0102850317885348));
#18015=CARTESIAN_POINT('',(-6.44040273511951E-15,-35.0599195327369,0.0102850317885348));
#18016=CARTESIAN_POINT('Origin',(-6.44040273511951E-15,-35.0599195327369,
0.0102850317885348));
#18017=CARTESIAN_POINT('',(-6.00000000000001,-34.4740771524837,0.596397859399203));
#18018=CARTESIAN_POINT('',(-6.00000000000001,-34.4740771524837,0.596397859399204));
#18019=CARTESIAN_POINT('',(-6.3327852357522E-15,-34.4740771524837,0.596397859399203));
#18020=CARTESIAN_POINT('Origin',(-7.14372305527209E-15,-38.8886170295295,
2.01028503178853));
#18021=CARTESIAN_POINT('',(-6.00000000000001,-38.8886170295295,2.01028503178853));
#18022=CARTESIAN_POINT('',(-7.14372305527209E-15,-38.8886170295295,2.01028503178853));
#18023=CARTESIAN_POINT('',(-6.00000000000001,-38.8886170295295,0.0102850317885348));
#18024=CARTESIAN_POINT('Origin',(-6.96002603539998E-15,-37.8886170295295,
2.01028503178853));
#18025=CARTESIAN_POINT('',(-6.00000000000001,-37.8886170295295,2.01028503178853));
#18026=CARTESIAN_POINT('',(-6.96002603539998E-15,-37.8886170295295,2.01028503178853));
#18027=CARTESIAN_POINT('',(-6.00000000000001,-32.8886170295295,2.01028503178853));
#18028=CARTESIAN_POINT('Origin',(-6.59263199565578E-15,-35.8886170295295,
2.01028503178854));
#18029=CARTESIAN_POINT('Origin',(-6.00000000000001,-35.8886170295295,2.01028503178854));
#18030=CARTESIAN_POINT('Origin',(-6.00000000000001,-36.3886170295295,2.01028503178854));
#18031=CARTESIAN_POINT('Origin',(-2.77056942545958,35.8886170295295,2.01028503178854));
#18032=CARTESIAN_POINT('',(-4.58765809253894,35.8886170295295,2.01028503178854));
#18033=CARTESIAN_POINT('',(-2.6,37.2803902093088,2.01028503178853));
#18034=CARTESIAN_POINT('',(-2.77056942545958,37.1609562118139,2.01028503178853));
#18035=CARTESIAN_POINT('Origin',(-2.6,35.8886170295295,2.01028503178854));
#18036=CARTESIAN_POINT('Origin',(-2.6,35.8886170295295,2.01028503178854));
#18037=CARTESIAN_POINT('',(-2.6,33.8886170295295,2.01028503178853));
#18038=CARTESIAN_POINT('',(-2.6,37.3031569065754,0.596397859399202));
#18039=CARTESIAN_POINT('Origin',(-2.6,35.8886170295295,2.01028503178854));
#18040=CARTESIAN_POINT('',(-2.6,36.7173145263221,0.0102850317885348));
#18041=CARTESIAN_POINT('',(-2.6,37.3031569065753,0.596397859399149));
#18042=CARTESIAN_POINT('',(-2.6,33.3886170295295,0.0102850317885347));
#18043=CARTESIAN_POINT('',(-2.6,36.3029657779258,0.0102850317885347));
#18044=CARTESIAN_POINT('',(-2.6,33.3886170295295,2.01028503178853));
#18045=CARTESIAN_POINT('',(-2.6,33.3886170295295,1.01028503178854));
#18046=CARTESIAN_POINT('',(-2.6,34.3886170295295,2.01028503178853));
#18047=CARTESIAN_POINT('Origin',(2.77056942545958,35.8886170295295,2.01028503178854));
#18048=CARTESIAN_POINT('',(4.58765809253895,35.8886170295295,2.01028503178854));
#18049=CARTESIAN_POINT('',(2.6,37.2803902093088,2.01028503178853));
#18050=CARTESIAN_POINT('',(2.77056942545958,37.1609562118139,2.01028503178853));
#18051=CARTESIAN_POINT('Origin',(2.6,35.8886170295295,2.01028503178854));
#18052=CARTESIAN_POINT('Origin',(2.04446314865851E-15,33.3886170295295,
0.0102850317885348));
#18053=CARTESIAN_POINT('',(2.6,33.3886170295295,2.01028503178853));
#18054=CARTESIAN_POINT('',(2.04446314865851E-15,33.3886170295295,2.01028503178853));
#18055=CARTESIAN_POINT('',(2.6,33.3886170295295,0.0102850317885347));
#18056=CARTESIAN_POINT('',(2.04446314865851E-15,33.3886170295295,0.0102850317885348));
#18057=CARTESIAN_POINT('',(2.6,33.3886170295295,1.01028503178854));
#18058=CARTESIAN_POINT('Origin',(2.01384697867982E-15,32.8886170295295,
2.01028503178853));
#18059=CARTESIAN_POINT('',(2.6,33.8886170295295,2.01028503178853));
#18060=CARTESIAN_POINT('',(2.07507931863719E-15,33.8886170295295,2.01028503178853));
#18061=CARTESIAN_POINT('',(2.6,34.3886170295295,2.01028503178853));
#18062=CARTESIAN_POINT('Origin',(2.19754399855193E-15,35.8886170295295,
2.01028503178854));
#18063=CARTESIAN_POINT('',(2.6,37.3031569065754,0.596397859399202));
#18064=CARTESIAN_POINT('Origin',(2.6,35.8886170295295,2.01028503178854));
#18065=CARTESIAN_POINT('',(2.28415958518645E-15,37.3031569065754,0.596397859399202));
#18066=CARTESIAN_POINT('Origin',(2.24828708539735E-15,36.7173145263221,
0.0102850317885348));
#18067=CARTESIAN_POINT('',(2.6,36.7173145263221,0.0102850317885348));
#18068=CARTESIAN_POINT('',(2.24828708539735E-15,36.7173145263221,0.0102850317885348));
#18069=CARTESIAN_POINT('',(2.6,36.3029657779258,0.0102850317885347));
#18070=CARTESIAN_POINT('Origin',(2.28415958518645E-15,37.3031569065754,
0.596397859399203));
#18071=CARTESIAN_POINT('',(2.6,37.3031569065753,0.596397859399149));
#18072=CARTESIAN_POINT('Origin',(2.6,35.8886170295295,2.01028503178854));
#18073=CARTESIAN_POINT('Origin',(-35.8886170295295,-2.77056942545958,2.01028503178854));
#18074=CARTESIAN_POINT('',(-35.8886170295295,-4.58765809253894,2.01028503178854));
#18075=CARTESIAN_POINT('',(-37.2803902093088,-2.6,2.01028503178853));
#18076=CARTESIAN_POINT('',(-37.1609562118139,-2.77056942545958,2.01028503178853));
#18077=CARTESIAN_POINT('Origin',(-35.8886170295295,-2.6,2.01028503178854));
#18078=CARTESIAN_POINT('Origin',(-35.8886170295295,-2.6,2.01028503178854));
#18079=CARTESIAN_POINT('',(-33.8886170295295,-2.6,2.01028503178853));
#18080=CARTESIAN_POINT('',(-37.3031569065754,-2.6,0.596397859399202));
#18081=CARTESIAN_POINT('Origin',(-35.8886170295295,-2.6,2.01028503178854));
#18082=CARTESIAN_POINT('',(-36.7173145263221,-2.6,0.0102850317885348));
#18083=CARTESIAN_POINT('',(-37.3031569065753,-2.6,0.596397859399149));
#18084=CARTESIAN_POINT('',(-33.3886170295295,-2.6,0.0102850317885347));
#18085=CARTESIAN_POINT('',(-36.3029657779258,-2.6,0.0102850317885347));
#18086=CARTESIAN_POINT('',(-33.3886170295295,-2.6,2.01028503178853));
#18087=CARTESIAN_POINT('',(-33.3886170295295,-2.6,1.01028503178854));
#18088=CARTESIAN_POINT('',(-34.3886170295295,-2.6,2.01028503178853));
#18089=CARTESIAN_POINT('Origin',(-35.8886170295295,2.77056942545959,2.01028503178854));
#18090=CARTESIAN_POINT('',(-35.8886170295295,4.58765809253895,2.01028503178854));
#18091=CARTESIAN_POINT('',(-37.2803902093088,2.6,2.01028503178853));
#18092=CARTESIAN_POINT('',(-37.1609562118139,2.77056942545959,2.01028503178853));
#18093=CARTESIAN_POINT('Origin',(-35.8886170295295,2.6,2.01028503178854));
#18094=CARTESIAN_POINT('Origin',(-33.3886170295295,4.08892629731701E-15,
0.0102850317885348));
#18095=CARTESIAN_POINT('',(-33.3886170295295,2.6,2.01028503178853));
#18096=CARTESIAN_POINT('',(-33.3886170295295,4.08892629731701E-15,2.01028503178853));
#18097=CARTESIAN_POINT('',(-33.3886170295295,2.6,0.0102850317885347));
#18098=CARTESIAN_POINT('',(-33.3886170295295,4.08892629731701E-15,0.0102850317885348));
#18099=CARTESIAN_POINT('',(-33.3886170295295,2.6,1.01028503178854));
#18100=CARTESIAN_POINT('Origin',(-32.8886170295295,4.02769395735965E-15,
2.01028503178853));
#18101=CARTESIAN_POINT('',(-33.8886170295295,2.6,2.01028503178853));
#18102=CARTESIAN_POINT('',(-33.8886170295295,4.15015863727438E-15,2.01028503178853));
#18103=CARTESIAN_POINT('',(-34.3886170295295,2.6,2.01028503178853));
#18104=CARTESIAN_POINT('Origin',(-35.8886170295295,4.39508799710385E-15,
2.01028503178854));
#18105=CARTESIAN_POINT('',(-37.3031569065754,2.6,0.596397859399202));
#18106=CARTESIAN_POINT('Origin',(-35.8886170295295,2.6,2.01028503178854));
#18107=CARTESIAN_POINT('',(-37.3031569065754,4.5683191703729E-15,0.596397859399202));
#18108=CARTESIAN_POINT('Origin',(-36.7173145263221,4.4965741707947E-15,
0.0102850317885348));
#18109=CARTESIAN_POINT('',(-36.7173145263221,2.6,0.0102850317885348));
#18110=CARTESIAN_POINT('',(-36.7173145263221,4.4965741707947E-15,0.0102850317885348));
#18111=CARTESIAN_POINT('',(-36.3029657779258,2.6,0.0102850317885347));
#18112=CARTESIAN_POINT('Origin',(-37.3031569065754,4.5683191703729E-15,
0.596397859399203));
#18113=CARTESIAN_POINT('',(-37.3031569065753,2.6,0.596397859399149));
#18114=CARTESIAN_POINT('Origin',(-35.8886170295295,2.6,2.01028503178854));
#18115=CARTESIAN_POINT('Origin',(2.77056942545958,-35.8886170295295,2.01028503178854));
#18116=CARTESIAN_POINT('',(4.58765809253894,-35.8886170295295,2.01028503178854));
#18117=CARTESIAN_POINT('',(2.59999999999999,-37.2803902093088,2.01028503178853));
#18118=CARTESIAN_POINT('',(2.77056942545958,-37.1609562118139,2.01028503178853));
#18119=CARTESIAN_POINT('Origin',(2.59999999999999,-35.8886170295295,2.01028503178854));
#18120=CARTESIAN_POINT('Origin',(2.59999999999999,-35.8886170295295,2.01028503178854));
#18121=CARTESIAN_POINT('',(2.59999999999999,-33.8886170295295,2.01028503178853));
#18122=CARTESIAN_POINT('',(2.59999999999999,-37.3031569065754,0.596397859399202));
#18123=CARTESIAN_POINT('Origin',(2.59999999999999,-35.8886170295295,2.01028503178854));
#18124=CARTESIAN_POINT('',(2.59999999999999,-36.7173145263221,0.0102850317885348));
#18125=CARTESIAN_POINT('',(2.59999999999999,-37.3031569065753,0.596397859399149));
#18126=CARTESIAN_POINT('',(2.59999999999999,-33.3886170295295,0.0102850317885347));
#18127=CARTESIAN_POINT('',(2.59999999999999,-36.3029657779258,0.0102850317885347));
#18128=CARTESIAN_POINT('',(2.59999999999999,-33.3886170295295,2.01028503178853));
#18129=CARTESIAN_POINT('',(2.59999999999999,-33.3886170295295,1.01028503178854));
#18130=CARTESIAN_POINT('',(2.59999999999999,-34.3886170295295,2.01028503178853));
#18131=CARTESIAN_POINT('Origin',(-2.77056942545959,-35.8886170295295,2.01028503178854));
#18132=CARTESIAN_POINT('',(-4.58765809253895,-35.8886170295295,2.01028503178854));
#18133=CARTESIAN_POINT('',(-2.60000000000001,-37.2803902093088,2.01028503178853));
#18134=CARTESIAN_POINT('',(-2.77056942545959,-37.1609562118139,2.01028503178853));
#18135=CARTESIAN_POINT('Origin',(-2.60000000000001,-35.8886170295295,2.01028503178854));
#18136=CARTESIAN_POINT('Origin',(-6.13338944597552E-15,-33.3886170295295,
0.0102850317885348));
#18137=CARTESIAN_POINT('',(-2.60000000000001,-33.3886170295295,2.01028503178853));
#18138=CARTESIAN_POINT('',(-6.13338944597552E-15,-33.3886170295295,2.01028503178853));
#18139=CARTESIAN_POINT('',(-2.60000000000001,-33.3886170295295,0.0102850317885347));
#18140=CARTESIAN_POINT('',(-6.13338944597552E-15,-33.3886170295295,0.0102850317885348));
#18141=CARTESIAN_POINT('',(-2.60000000000001,-33.3886170295295,1.01028503178854));
#18142=CARTESIAN_POINT('Origin',(-6.04154093603947E-15,-32.8886170295295,
2.01028503178853));
#18143=CARTESIAN_POINT('',(-2.60000000000001,-33.8886170295295,2.01028503178853));
#18144=CARTESIAN_POINT('',(-6.22523795591157E-15,-33.8886170295295,2.01028503178853));
#18145=CARTESIAN_POINT('',(-2.60000000000001,-34.3886170295295,2.01028503178853));
#18146=CARTESIAN_POINT('Origin',(-6.59263199565578E-15,-35.8886170295295,
2.01028503178854));
#18147=CARTESIAN_POINT('',(-2.60000000000001,-37.3031569065754,0.596397859399202));
#18148=CARTESIAN_POINT('Origin',(-2.60000000000001,-35.8886170295295,2.01028503178854));
#18149=CARTESIAN_POINT('',(-6.85247875555935E-15,-37.3031569065754,0.596397859399202));
#18150=CARTESIAN_POINT('Origin',(-6.74486125619205E-15,-36.7173145263221,
0.0102850317885348));
#18151=CARTESIAN_POINT('',(-2.60000000000001,-36.7173145263221,0.0102850317885348));
#18152=CARTESIAN_POINT('',(-6.74486125619205E-15,-36.7173145263221,0.0102850317885348));
#18153=CARTESIAN_POINT('',(-2.60000000000001,-36.3029657779258,0.0102850317885347));
#18154=CARTESIAN_POINT('Origin',(-6.85247875555935E-15,-37.3031569065754,
0.596397859399203));
#18155=CARTESIAN_POINT('',(-2.60000000000001,-37.3031569065753,0.596397859399149));
#18156=CARTESIAN_POINT('Origin',(-2.60000000000001,-35.8886170295295,2.01028503178854));
#18157=CARTESIAN_POINT('Origin',(-2.77056942545958,30.8886170295295,2.01028503178854));
#18158=CARTESIAN_POINT('',(-4.58765809253894,30.8886170295295,2.01028503178854));
#18159=CARTESIAN_POINT('',(-2.6,29.4968438497502,2.01028503178853));
#18160=CARTESIAN_POINT('',(-2.77056942545958,29.6162778472451,2.01028503178853));
#18161=CARTESIAN_POINT('Origin',(-2.6,30.8886170295295,2.01028503178854));
#18162=CARTESIAN_POINT('Origin',(-2.6,30.8886170295295,2.01028503178854));
#18163=CARTESIAN_POINT('',(-2.6,32.8886170295295,2.01028503178853));
#18164=CARTESIAN_POINT('',(-2.6,29.4740771524837,0.596397859399202));
#18165=CARTESIAN_POINT('Origin',(-2.6,30.8886170295295,2.01028503178854));
#18166=CARTESIAN_POINT('',(-2.6,33.3886170295295,2.01028503178853));
#18167=CARTESIAN_POINT('',(-2.6,32.3886170295295,2.01028503178853));
#18168=CARTESIAN_POINT('',(-2.6,33.3886170295295,0.0102850317885347));
#18169=CARTESIAN_POINT('',(-2.6,33.3886170295295,1.01028503178854));
#18170=CARTESIAN_POINT('',(-2.6,30.0599195327369,0.0102850317885348));
#18171=CARTESIAN_POINT('',(-2.6,30.4742682811332,0.0102850317885347));
#18172=CARTESIAN_POINT('',(-2.6,29.4740771524837,0.596397859399149));
#18173=CARTESIAN_POINT('Origin',(2.77056942545958,30.8886170295295,2.01028503178854));
#18174=CARTESIAN_POINT('',(4.58765809253895,30.8886170295295,2.01028503178854));
#18175=CARTESIAN_POINT('',(2.6,29.4968438497502,2.01028503178853));
#18176=CARTESIAN_POINT('',(2.77056942545958,29.6162778472451,2.01028503178853));
#18177=CARTESIAN_POINT('Origin',(2.6,30.8886170295295,2.01028503178854));
#18178=CARTESIAN_POINT('Origin',(2.04446314865851E-15,33.3886170295295,
0.0102850317885348));
#18179=CARTESIAN_POINT('',(2.6,33.3886170295295,2.01028503178853));
#18180=CARTESIAN_POINT('',(2.04446314865851E-15,33.3886170295295,2.01028503178853));
#18181=CARTESIAN_POINT('',(2.6,33.3886170295295,0.0102850317885347));
#18182=CARTESIAN_POINT('',(2.6,33.3886170295295,1.01028503178854));
#18183=CARTESIAN_POINT('',(2.04446314865851E-15,33.3886170295295,0.0102850317885348));
#18184=CARTESIAN_POINT('Origin',(2.07507931863719E-15,33.8886170295295,
2.01028503178853));
#18185=CARTESIAN_POINT('',(2.6,32.8886170295295,2.01028503178853));
#18186=CARTESIAN_POINT('',(2.01384697867982E-15,32.8886170295295,2.01028503178853));
#18187=CARTESIAN_POINT('',(2.6,32.3886170295295,2.01028503178853));
#18188=CARTESIAN_POINT('Origin',(1.89138229876509E-15,30.8886170295295,
2.01028503178854));
#18189=CARTESIAN_POINT('',(2.6,29.4740771524837,0.596397859399202));
#18190=CARTESIAN_POINT('',(1.80476671213056E-15,29.4740771524837,0.596397859399202));
#18191=CARTESIAN_POINT('Origin',(2.6,30.8886170295295,2.01028503178854));
#18192=CARTESIAN_POINT('Origin',(1.84063921191966E-15,30.0599195327369,
0.0102850317885348));
#18193=CARTESIAN_POINT('',(2.6,30.0599195327369,0.0102850317885348));
#18194=CARTESIAN_POINT('',(2.6,30.4742682811332,0.0102850317885347));
#18195=CARTESIAN_POINT('',(1.84063921191966E-15,30.0599195327369,0.0102850317885348));
#18196=CARTESIAN_POINT('Origin',(1.80476671213056E-15,29.4740771524837,
0.596397859399203));
#18197=CARTESIAN_POINT('',(2.6,29.4740771524837,0.596397859399149));
#18198=CARTESIAN_POINT('Origin',(2.6,30.8886170295295,2.01028503178854));
#18199=CARTESIAN_POINT('Origin',(-30.8886170295295,-2.77056942545958,2.01028503178854));
#18200=CARTESIAN_POINT('',(-30.8886170295295,-4.58765809253894,2.01028503178854));
#18201=CARTESIAN_POINT('',(-29.4968438497502,-2.6,2.01028503178853));
#18202=CARTESIAN_POINT('',(-29.6162778472451,-2.77056942545958,2.01028503178853));
#18203=CARTESIAN_POINT('Origin',(-30.8886170295295,-2.6,2.01028503178854));
#18204=CARTESIAN_POINT('Origin',(-30.8886170295295,-2.6,2.01028503178854));
#18205=CARTESIAN_POINT('',(-32.8886170295295,-2.6,2.01028503178853));
#18206=CARTESIAN_POINT('',(-29.4740771524837,-2.6,0.596397859399202));
#18207=CARTESIAN_POINT('Origin',(-30.8886170295295,-2.6,2.01028503178854));
#18208=CARTESIAN_POINT('',(-33.3886170295295,-2.6,2.01028503178853));
#18209=CARTESIAN_POINT('',(-32.3886170295295,-2.6,2.01028503178853));
#18210=CARTESIAN_POINT('',(-33.3886170295295,-2.6,0.0102850317885347));
#18211=CARTESIAN_POINT('',(-33.3886170295295,-2.6,1.01028503178854));
#18212=CARTESIAN_POINT('',(-30.0599195327369,-2.6,0.0102850317885348));
#18213=CARTESIAN_POINT('',(-30.4742682811332,-2.6,0.0102850317885347));
#18214=CARTESIAN_POINT('',(-29.4740771524837,-2.6,0.596397859399149));
#18215=CARTESIAN_POINT('Origin',(-30.8886170295295,2.77056942545959,2.01028503178854));
#18216=CARTESIAN_POINT('',(-30.8886170295295,4.58765809253895,2.01028503178854));
#18217=CARTESIAN_POINT('',(-29.4968438497502,2.6,2.01028503178853));
#18218=CARTESIAN_POINT('',(-29.6162778472451,2.77056942545959,2.01028503178853));
#18219=CARTESIAN_POINT('Origin',(-30.8886170295295,2.6,2.01028503178854));
#18220=CARTESIAN_POINT('Origin',(-33.3886170295295,4.08892629731701E-15,
0.0102850317885348));
#18221=CARTESIAN_POINT('',(-33.3886170295295,2.6,2.01028503178853));
#18222=CARTESIAN_POINT('',(-33.3886170295295,4.08892629731701E-15,2.01028503178853));
#18223=CARTESIAN_POINT('',(-33.3886170295295,2.6,0.0102850317885347));
#18224=CARTESIAN_POINT('',(-33.3886170295295,2.6,1.01028503178854));
#18225=CARTESIAN_POINT('',(-33.3886170295295,4.08892629731701E-15,0.0102850317885348));
#18226=CARTESIAN_POINT('Origin',(-33.8886170295295,4.15015863727438E-15,
2.01028503178853));
#18227=CARTESIAN_POINT('',(-32.8886170295295,2.6,2.01028503178853));
#18228=CARTESIAN_POINT('',(-32.8886170295295,4.02769395735965E-15,2.01028503178853));
#18229=CARTESIAN_POINT('',(-32.3886170295295,2.6,2.01028503178853));
#18230=CARTESIAN_POINT('Origin',(-30.8886170295295,3.78276459753017E-15,
2.01028503178854));
#18231=CARTESIAN_POINT('',(-29.4740771524837,2.6,0.596397859399202));
#18232=CARTESIAN_POINT('',(-29.4740771524837,3.60953342426112E-15,0.596397859399202));
#18233=CARTESIAN_POINT('Origin',(-30.8886170295295,2.6,2.01028503178854));
#18234=CARTESIAN_POINT('Origin',(-30.0599195327369,3.68127842383933E-15,
0.0102850317885348));
#18235=CARTESIAN_POINT('',(-30.0599195327369,2.6,0.0102850317885348));
#18236=CARTESIAN_POINT('',(-30.4742682811332,2.6,0.0102850317885347));
#18237=CARTESIAN_POINT('',(-30.0599195327369,3.68127842383933E-15,0.0102850317885348));
#18238=CARTESIAN_POINT('Origin',(-29.4740771524837,3.60953342426112E-15,
0.596397859399203));
#18239=CARTESIAN_POINT('',(-29.4740771524837,2.6,0.596397859399149));
#18240=CARTESIAN_POINT('Origin',(-30.8886170295295,2.6,2.01028503178854));
#18241=CARTESIAN_POINT('Origin',(2.77056942545958,-30.8886170295295,2.01028503178854));
#18242=CARTESIAN_POINT('',(4.58765809253894,-30.8886170295295,2.01028503178854));
#18243=CARTESIAN_POINT('',(2.59999999999999,-29.4968438497502,2.01028503178853));
#18244=CARTESIAN_POINT('',(2.77056942545958,-29.6162778472451,2.01028503178853));
#18245=CARTESIAN_POINT('Origin',(2.59999999999999,-30.8886170295295,2.01028503178854));
#18246=CARTESIAN_POINT('Origin',(2.59999999999999,-30.8886170295295,2.01028503178854));
#18247=CARTESIAN_POINT('',(2.59999999999999,-32.8886170295295,2.01028503178853));
#18248=CARTESIAN_POINT('',(2.59999999999999,-29.4740771524837,0.596397859399202));
#18249=CARTESIAN_POINT('Origin',(2.59999999999999,-30.8886170295295,2.01028503178854));
#18250=CARTESIAN_POINT('',(2.59999999999999,-33.3886170295295,2.01028503178853));
#18251=CARTESIAN_POINT('',(2.59999999999999,-32.3886170295295,2.01028503178853));
#18252=CARTESIAN_POINT('',(2.59999999999999,-33.3886170295295,0.0102850317885347));
#18253=CARTESIAN_POINT('',(2.59999999999999,-33.3886170295295,1.01028503178854));
#18254=CARTESIAN_POINT('',(2.59999999999999,-30.0599195327369,0.0102850317885348));
#18255=CARTESIAN_POINT('',(2.59999999999999,-30.4742682811332,0.0102850317885347));
#18256=CARTESIAN_POINT('',(2.59999999999999,-29.4740771524837,0.596397859399149));
#18257=CARTESIAN_POINT('Origin',(-2.77056942545959,-30.8886170295295,2.01028503178854));
#18258=CARTESIAN_POINT('',(-4.58765809253895,-30.8886170295295,2.01028503178854));
#18259=CARTESIAN_POINT('',(-2.60000000000001,-29.4968438497502,2.01028503178853));
#18260=CARTESIAN_POINT('',(-2.77056942545959,-29.6162778472451,2.01028503178853));
#18261=CARTESIAN_POINT('Origin',(-2.60000000000001,-30.8886170295295,2.01028503178854));
#18262=CARTESIAN_POINT('Origin',(-6.13338944597552E-15,-33.3886170295295,
0.0102850317885348));
#18263=CARTESIAN_POINT('',(-2.60000000000001,-33.3886170295295,2.01028503178853));
#18264=CARTESIAN_POINT('',(-6.13338944597552E-15,-33.3886170295295,2.01028503178853));
#18265=CARTESIAN_POINT('',(-2.60000000000001,-33.3886170295295,0.0102850317885347));
#18266=CARTESIAN_POINT('',(-2.60000000000001,-33.3886170295295,1.01028503178854));
#18267=CARTESIAN_POINT('',(-6.13338944597552E-15,-33.3886170295295,0.0102850317885348));
#18268=CARTESIAN_POINT('Origin',(-6.22523795591157E-15,-33.8886170295295,
2.01028503178853));
#18269=CARTESIAN_POINT('',(-2.60000000000001,-32.8886170295295,2.01028503178853));
#18270=CARTESIAN_POINT('',(-6.04154093603947E-15,-32.8886170295295,2.01028503178853));
#18271=CARTESIAN_POINT('',(-2.60000000000001,-32.3886170295295,2.01028503178853));
#18272=CARTESIAN_POINT('Origin',(-5.67414689629526E-15,-30.8886170295295,
2.01028503178854));
#18273=CARTESIAN_POINT('',(-2.60000000000001,-29.4740771524837,0.596397859399202));
#18274=CARTESIAN_POINT('',(-5.41430013639169E-15,-29.4740771524837,0.596397859399202));
#18275=CARTESIAN_POINT('Origin',(-2.60000000000001,-30.8886170295295,2.01028503178854));
#18276=CARTESIAN_POINT('Origin',(-5.52191763575899E-15,-30.0599195327369,
0.0102850317885348));
#18277=CARTESIAN_POINT('',(-2.60000000000001,-30.0599195327369,0.0102850317885348));
#18278=CARTESIAN_POINT('',(-2.60000000000001,-30.4742682811332,0.0102850317885347));
#18279=CARTESIAN_POINT('',(-5.52191763575899E-15,-30.0599195327369,0.0102850317885348));
#18280=CARTESIAN_POINT('Origin',(-5.41430013639169E-15,-29.4740771524837,
0.596397859399203));
#18281=CARTESIAN_POINT('',(-2.60000000000001,-29.4740771524837,0.596397859399149));
#18282=CARTESIAN_POINT('Origin',(-2.60000000000001,-30.8886170295295,2.01028503178854));
#18283=CARTESIAN_POINT('Origin',(-9.93543130066577,38.8877170174852,0.4));
#18284=CARTESIAN_POINT('',(-9.52925775846857,38.8929628115971,0.));
#18285=CARTESIAN_POINT('',(-9.59999999999999,38.4929628115971,0.4));
#18286=CARTESIAN_POINT('',(-9.52925775846857,38.8929628115971,0.));
#18287=CARTESIAN_POINT('',(-9.93543130066577,38.8877170174852,0.4));
#18288=CARTESIAN_POINT('',(-9.6,38.4929628115971,0.4));
#18289=CARTESIAN_POINT('',(-9.93543130066577,38.8877170174852,0.4));
#18290=CARTESIAN_POINT('Origin',(-9.06362360589976,42.9787047090155,0.2));
#18291=CARTESIAN_POINT('',(-7.56456869933422,53.382479853171,0.4));
#18292=CARTESIAN_POINT('',(-9.26100070884378,43.0109890586826,0.4));
#18293=CARTESIAN_POINT('',(-7.1,53.777234059059,0.00524579411197271));
#18294=CARTESIAN_POINT('',(-7.1,53.777234059059,0.00524579411197271));
#18295=CARTESIAN_POINT('',(-7.09468449578626,53.777234059059,0.));
#18296=CARTESIAN_POINT('',(-7.74607911364103,53.777234059059,0.642851912727493));
#18297=CARTESIAN_POINT('',(-8.86624650295575,42.9464203593484,0.));
#18298=CARTESIAN_POINT('Origin',(9.52925775846857,38.8929628115971,0.));
#18299=CARTESIAN_POINT('',(9.93543130066578,38.8877170174852,0.4));
#18300=CARTESIAN_POINT('',(9.6,38.4929628115971,0.4));
#18301=CARTESIAN_POINT('',(9.93543130066578,38.8877170174852,0.4));
#18302=CARTESIAN_POINT('',(9.52925775846857,38.8929628115971,0.));
#18303=CARTESIAN_POINT('',(9.6,38.4929628115971,0.4));
#18304=CARTESIAN_POINT('',(9.52925775846857,38.8929628115971,0.));
#18305=CARTESIAN_POINT('Origin',(-9.93543130066577,38.8877170174852,2.6));
#18306=CARTESIAN_POINT('',(-9.6,38.4929628115971,2.6));
#18307=CARTESIAN_POINT('',(-9.52925775846857,38.8929628115971,3.));
#18308=CARTESIAN_POINT('',(-9.59999999999999,38.4929628115971,2.6));
#18309=CARTESIAN_POINT('',(-9.93543130066577,38.8877170174852,2.6));
#18310=CARTESIAN_POINT('',(-9.52925775846857,38.8929628115971,3.));
#18311=CARTESIAN_POINT('',(-9.93543130066577,38.8877170174852,2.6));
#18312=CARTESIAN_POINT('Origin',(-9.76771565033289,38.6903399145411,0.));
#18313=CARTESIAN_POINT('',(-9.93543130066577,38.8877170174852,0.));
#18314=CARTESIAN_POINT('',(-9.6,38.4929628115971,0.));
#18315=CARTESIAN_POINT('Origin',(7.81362360589977,50.6208403327465,0.2));
#18316=CARTESIAN_POINT('',(7.09468449578626,53.777234059059,0.));
#18317=CARTESIAN_POINT('',(7.61624650295576,50.5885559830794,0.));
#18318=CARTESIAN_POINT('',(7.1,53.777234059059,0.00524579411197021));
#18319=CARTESIAN_POINT('',(3.62995219350336,53.777234059059,-3.41929412150571));
#18320=CARTESIAN_POINT('',(7.56456869933423,53.382479853171,0.4));
#18321=CARTESIAN_POINT('',(7.56456869933423,53.382479853171,0.4));
#18322=CARTESIAN_POINT('',(8.01100070884378,50.6531246824136,0.4));
#18323=CARTESIAN_POINT('Origin',(-7.1,53.777234059059,2.6));
#18324=CARTESIAN_POINT('',(-7.56456869933422,53.382479853171,2.6));
#18325=CARTESIAN_POINT('',(-7.16011123310395,53.377234059059,3.));
#18326=CARTESIAN_POINT('',(-7.56456869933422,53.382479853171,2.6));
#18327=CARTESIAN_POINT('',(-7.1,53.777234059059,2.6));
#18328=CARTESIAN_POINT('',(-7.16011123310395,53.377234059059,3.));
#18329=CARTESIAN_POINT('',(-7.1,53.777234059059,2.6));
#18330=CARTESIAN_POINT('Origin',(-7.33228434966711,53.579856956115,0.));
#18331=CARTESIAN_POINT('',(-7.1,53.777234059059,0.));
#18332=CARTESIAN_POINT('',(-7.56456869933422,53.382479853171,0.));
#18333=CARTESIAN_POINT('Origin',(9.6,38.4929628115971,2.6));
#18334=CARTESIAN_POINT('',(9.93543130066578,38.8877170174852,2.6));
#18335=CARTESIAN_POINT('',(9.52925775846857,38.8929628115971,3.));
#18336=CARTESIAN_POINT('',(9.93543130066578,38.8877170174852,2.6));
#18337=CARTESIAN_POINT('',(9.6,38.4929628115971,2.6));
#18338=CARTESIAN_POINT('',(9.52925775846857,38.8929628115971,3.));
#18339=CARTESIAN_POINT('',(9.6,38.4929628115971,2.6));
#18340=CARTESIAN_POINT('Origin',(9.76771565033289,38.6903399145411,0.));
#18341=CARTESIAN_POINT('',(9.6,38.4929628115971,0.));
#18342=CARTESIAN_POINT('',(9.93543130066578,38.8877170174852,0.));
#18343=CARTESIAN_POINT('Origin',(5.,38.6929628115971,2.8));
#18344=CARTESIAN_POINT('',(5.,38.4929628115971,2.6));
#18345=CARTESIAN_POINT('',(5.,38.8929628115971,3.));
#18346=CARTESIAN_POINT('Origin',(7.56456869933423,53.382479853171,2.6));
#18347=CARTESIAN_POINT('',(7.1,53.777234059059,2.6));
#18348=CARTESIAN_POINT('',(7.16011123310396,53.377234059059,3.));
#18349=CARTESIAN_POINT('',(7.1,53.777234059059,2.6));
#18350=CARTESIAN_POINT('',(7.56456869933423,53.382479853171,2.6));
#18351=CARTESIAN_POINT('',(7.16011123310395,53.377234059059,3.));
#18352=CARTESIAN_POINT('',(7.56456869933423,53.382479853171,2.6));
#18353=CARTESIAN_POINT('Origin',(7.33228434966711,53.579856956115,0.));
#18354=CARTESIAN_POINT('',(7.56456869933423,53.382479853171,0.));
#18355=CARTESIAN_POINT('',(7.1,53.777234059059,0.));
#18356=CARTESIAN_POINT('Origin',(7.81362360589977,50.6208403327465,2.8));
#18357=CARTESIAN_POINT('',(8.01100070884378,50.6531246824136,2.6));
#18358=CARTESIAN_POINT('',(7.61624650295576,50.5885559830794,3.));
#18359=CARTESIAN_POINT('Origin',(-3.75,53.577234059059,2.8));
#18360=CARTESIAN_POINT('',(-3.75,53.777234059059,2.6));
#18361=CARTESIAN_POINT('',(-3.75,53.377234059059,3.));
#18362=CARTESIAN_POINT('Origin',(-9.06362360589976,42.9787047090155,2.8));
#18363=CARTESIAN_POINT('',(-9.26100070884378,43.0109890586826,2.6));
#18364=CARTESIAN_POINT('',(-8.86624650295575,42.9464203593484,3.));
#18365=CARTESIAN_POINT('Origin',(5.,38.6929628115971,0.2));
#18366=CARTESIAN_POINT('',(5.,38.8929628115971,0.));
#18367=CARTESIAN_POINT('',(5.,38.4929628115971,0.4));
#18368=CARTESIAN_POINT('Origin',(2.82496003135863E-15,46.1350984353281,
0.));
#18369=CARTESIAN_POINT('',(10.,53.777234059059,0.));
#18370=CARTESIAN_POINT('Origin',(-10.,38.4929628115971,0.));
#18371=CARTESIAN_POINT('Origin',(7.5,53.777234059059,0.));
#18372=CARTESIAN_POINT('Origin',(10.,38.4929628115971,0.));
#18373=CARTESIAN_POINT('Origin',(2.82496003135863E-15,46.1350984353281,
3.));
#18374=CARTESIAN_POINT('Origin',(-7.5,53.777234059059,0.));
#18375=CARTESIAN_POINT('Origin',(-38.8877170174852,-9.93543130066577,0.4));
#18376=CARTESIAN_POINT('',(-38.8929628115971,-9.52925775846857,0.));
#18377=CARTESIAN_POINT('',(-38.4929628115971,-9.59999999999999,0.4));
#18378=CARTESIAN_POINT('',(-38.8929628115971,-9.52925775846857,0.));
#18379=CARTESIAN_POINT('',(-38.8877170174852,-9.93543130066577,0.4));
#18380=CARTESIAN_POINT('',(-38.4929628115971,-9.59999999999999,0.4));
#18381=CARTESIAN_POINT('',(-38.8877170174852,-9.93543130066577,0.4));
#18382=CARTESIAN_POINT('Origin',(-42.9787047090155,-9.06362360589976,0.2));
#18383=CARTESIAN_POINT('',(-53.382479853171,-7.56456869933421,0.4));
#18384=CARTESIAN_POINT('',(-43.0109890586826,-9.26100070884377,0.4));
#18385=CARTESIAN_POINT('',(-53.777234059059,-7.09999999999999,0.00524579411197271));
#18386=CARTESIAN_POINT('',(-53.777234059059,-7.09999999999999,0.00524579411197271));
#18387=CARTESIAN_POINT('',(-53.777234059059,-7.09468449578626,0.));
#18388=CARTESIAN_POINT('',(-53.777234059059,-7.74607911364103,0.642851912727493));
#18389=CARTESIAN_POINT('',(-42.9464203593484,-8.86624650295575,0.));
#18390=CARTESIAN_POINT('Origin',(-38.8929628115971,9.52925775846857,0.));
#18391=CARTESIAN_POINT('',(-38.8877170174852,9.93543130066578,0.4));
#18392=CARTESIAN_POINT('',(-38.4929628115971,9.6,0.4));
#18393=CARTESIAN_POINT('',(-38.8877170174852,9.93543130066578,0.4));
#18394=CARTESIAN_POINT('',(-38.8929628115971,9.52925775846857,0.));
#18395=CARTESIAN_POINT('',(-38.4929628115971,9.6,0.4));
#18396=CARTESIAN_POINT('',(-38.8929628115971,9.52925775846857,0.));
#18397=CARTESIAN_POINT('Origin',(-38.8877170174852,-9.93543130066577,2.6));
#18398=CARTESIAN_POINT('',(-38.4929628115971,-9.59999999999999,2.6));
#18399=CARTESIAN_POINT('',(-38.8929628115971,-9.52925775846857,3.));
#18400=CARTESIAN_POINT('',(-38.4929628115971,-9.59999999999999,2.6));
#18401=CARTESIAN_POINT('',(-38.8877170174852,-9.93543130066577,2.6));
#18402=CARTESIAN_POINT('',(-38.8929628115971,-9.52925775846857,3.));
#18403=CARTESIAN_POINT('',(-38.8877170174852,-9.93543130066577,2.6));
#18404=CARTESIAN_POINT('Origin',(-38.6903399145411,-9.76771565033288,0.));
#18405=CARTESIAN_POINT('',(-38.8877170174852,-9.93543130066577,0.));
#18406=CARTESIAN_POINT('',(-38.4929628115971,-9.59999999999999,0.));
#18407=CARTESIAN_POINT('Origin',(-50.6208403327465,7.81362360589977,0.2));
#18408=CARTESIAN_POINT('',(-53.777234059059,7.09468449578627,0.));
#18409=CARTESIAN_POINT('',(-50.5885559830794,7.61624650295576,0.));
#18410=CARTESIAN_POINT('',(-53.777234059059,7.1,0.00524579411197021));
#18411=CARTESIAN_POINT('',(-53.777234059059,3.62995219350336,-3.41929412150571));
#18412=CARTESIAN_POINT('',(-53.382479853171,7.56456869933423,0.4));
#18413=CARTESIAN_POINT('',(-53.382479853171,7.56456869933423,0.4));
#18414=CARTESIAN_POINT('',(-50.6531246824136,8.01100070884379,0.4));
#18415=CARTESIAN_POINT('Origin',(-53.777234059059,-7.09999999999999,2.6));
#18416=CARTESIAN_POINT('',(-53.382479853171,-7.56456869933421,2.6));
#18417=CARTESIAN_POINT('',(-53.377234059059,-7.16011123310394,3.));
#18418=CARTESIAN_POINT('',(-53.382479853171,-7.56456869933421,2.6));
#18419=CARTESIAN_POINT('',(-53.777234059059,-7.09999999999999,2.6));
#18420=CARTESIAN_POINT('',(-53.377234059059,-7.16011123310394,3.));
#18421=CARTESIAN_POINT('',(-53.777234059059,-7.09999999999999,2.6));
#18422=CARTESIAN_POINT('Origin',(-53.579856956115,-7.3322843496671,0.));
#18423=CARTESIAN_POINT('',(-53.777234059059,-7.09999999999999,0.));
#18424=CARTESIAN_POINT('',(-53.382479853171,-7.56456869933421,0.));
#18425=CARTESIAN_POINT('Origin',(-38.4929628115971,9.6,2.6));
#18426=CARTESIAN_POINT('',(-38.8877170174852,9.93543130066578,2.6));
#18427=CARTESIAN_POINT('',(-38.8929628115971,9.52925775846857,3.));
#18428=CARTESIAN_POINT('',(-38.8877170174852,9.93543130066578,2.6));
#18429=CARTESIAN_POINT('',(-38.4929628115971,9.6,2.6));
#18430=CARTESIAN_POINT('',(-38.8929628115971,9.52925775846857,3.));
#18431=CARTESIAN_POINT('',(-38.4929628115971,9.6,2.6));
#18432=CARTESIAN_POINT('Origin',(-38.6903399145411,9.76771565033289,0.));
#18433=CARTESIAN_POINT('',(-38.4929628115971,9.6,0.));
#18434=CARTESIAN_POINT('',(-38.8877170174852,9.93543130066578,0.));
#18435=CARTESIAN_POINT('Origin',(-38.6929628115971,5.,2.8));
#18436=CARTESIAN_POINT('',(-38.4929628115971,5.,2.6));
#18437=CARTESIAN_POINT('',(-38.8929628115971,5.,3.));
#18438=CARTESIAN_POINT('Origin',(-53.382479853171,7.56456869933423,2.6));
#18439=CARTESIAN_POINT('',(-53.777234059059,7.1,2.6));
#18440=CARTESIAN_POINT('',(-53.377234059059,7.16011123310396,3.));
#18441=CARTESIAN_POINT('',(-53.777234059059,7.10000000000001,2.6));
#18442=CARTESIAN_POINT('',(-53.382479853171,7.56456869933423,2.6));
#18443=CARTESIAN_POINT('',(-53.377234059059,7.16011123310396,3.));
#18444=CARTESIAN_POINT('',(-53.382479853171,7.56456869933423,2.6));
#18445=CARTESIAN_POINT('Origin',(-53.579856956115,7.33228434966712,0.));
#18446=CARTESIAN_POINT('',(-53.382479853171,7.56456869933423,0.));
#18447=CARTESIAN_POINT('',(-53.777234059059,7.1,0.));
#18448=CARTESIAN_POINT('Origin',(-50.6208403327465,7.81362360589977,2.8));
#18449=CARTESIAN_POINT('',(-50.6531246824136,8.01100070884379,2.6));
#18450=CARTESIAN_POINT('',(-50.5885559830794,7.61624650295576,3.));
#18451=CARTESIAN_POINT('Origin',(-53.577234059059,-3.74999999999999,2.8));
#18452=CARTESIAN_POINT('',(-53.777234059059,-3.74999999999999,2.6));
#18453=CARTESIAN_POINT('',(-53.377234059059,-3.74999999999999,3.));
#18454=CARTESIAN_POINT('Origin',(-42.9787047090155,-9.06362360589976,2.8));
#18455=CARTESIAN_POINT('',(-43.0109890586826,-9.26100070884377,2.6));
#18456=CARTESIAN_POINT('',(-42.9464203593484,-8.86624650295575,3.));
#18457=CARTESIAN_POINT('Origin',(-38.6929628115971,5.,0.2));
#18458=CARTESIAN_POINT('',(-38.8929628115971,5.,0.));
#18459=CARTESIAN_POINT('',(-38.4929628115971,5.,0.4));
#18460=CARTESIAN_POINT('Origin',(-46.1350984353281,5.64992006271726E-15,
0.));
#18461=CARTESIAN_POINT('',(-53.777234059059,10.,0.));
#18462=CARTESIAN_POINT('Origin',(-38.4929628115971,-9.99999999999999,0.));
#18463=CARTESIAN_POINT('Origin',(-53.777234059059,7.50000000000001,0.));
#18464=CARTESIAN_POINT('Origin',(-38.4929628115971,10.,0.));
#18465=CARTESIAN_POINT('Origin',(-46.1350984353281,5.64992006271726E-15,
3.));
#18466=CARTESIAN_POINT('Origin',(-53.777234059059,-7.49999999999999,0.));
#18467=CARTESIAN_POINT('Origin',(9.93543130066577,-38.8877170174852,0.4));
#18468=CARTESIAN_POINT('',(9.52925775846856,-38.8929628115971,0.));
#18469=CARTESIAN_POINT('',(9.59999999999999,-38.4929628115971,0.4));
#18470=CARTESIAN_POINT('',(9.52925775846857,-38.8929628115971,0.));
#18471=CARTESIAN_POINT('',(9.93543130066577,-38.8877170174852,0.4));
#18472=CARTESIAN_POINT('',(9.59999999999999,-38.4929628115971,0.4));
#18473=CARTESIAN_POINT('',(9.93543130066577,-38.8877170174852,0.4));
#18474=CARTESIAN_POINT('Origin',(9.06362360589976,-42.9787047090155,0.2));
#18475=CARTESIAN_POINT('',(7.56456869933421,-53.382479853171,0.4));
#18476=CARTESIAN_POINT('',(9.26100070884377,-43.0109890586826,0.4));
#18477=CARTESIAN_POINT('',(7.09999999999999,-53.777234059059,0.00524579411197271));
#18478=CARTESIAN_POINT('',(7.09999999999999,-53.777234059059,0.00524579411197271));
#18479=CARTESIAN_POINT('',(7.09468449578625,-53.777234059059,0.));
#18480=CARTESIAN_POINT('',(7.74607911364103,-53.777234059059,0.642851912727493));
#18481=CARTESIAN_POINT('',(8.86624650295574,-42.9464203593484,0.));
#18482=CARTESIAN_POINT('Origin',(-9.52925775846858,-38.8929628115971,0.));
#18483=CARTESIAN_POINT('',(-9.93543130066578,-38.8877170174852,0.4));
#18484=CARTESIAN_POINT('',(-9.6,-38.4929628115971,0.4));
#18485=CARTESIAN_POINT('',(-9.93543130066578,-38.8877170174852,0.4));
#18486=CARTESIAN_POINT('',(-9.52925775846858,-38.8929628115971,0.));
#18487=CARTESIAN_POINT('',(-9.6,-38.4929628115971,0.4));
#18488=CARTESIAN_POINT('',(-9.52925775846858,-38.8929628115971,0.));
#18489=CARTESIAN_POINT('Origin',(9.93543130066577,-38.8877170174852,2.6));
#18490=CARTESIAN_POINT('',(9.59999999999999,-38.4929628115971,2.6));
#18491=CARTESIAN_POINT('',(9.52925775846856,-38.8929628115971,3.));
#18492=CARTESIAN_POINT('',(9.59999999999999,-38.4929628115971,2.6));
#18493=CARTESIAN_POINT('',(9.93543130066577,-38.8877170174852,2.6));
#18494=CARTESIAN_POINT('',(9.52925775846856,-38.8929628115971,3.));
#18495=CARTESIAN_POINT('',(9.93543130066577,-38.8877170174852,2.6));
#18496=CARTESIAN_POINT('Origin',(9.76771565033288,-38.6903399145411,0.));
#18497=CARTESIAN_POINT('',(9.93543130066577,-38.8877170174852,0.));
#18498=CARTESIAN_POINT('',(9.59999999999999,-38.4929628115971,0.));
#18499=CARTESIAN_POINT('Origin',(-7.81362360589978,-50.6208403327465,0.2));
#18500=CARTESIAN_POINT('',(-7.09468449578627,-53.777234059059,0.));
#18501=CARTESIAN_POINT('',(-7.61624650295576,-50.5885559830794,0.));
#18502=CARTESIAN_POINT('',(-7.10000000000001,-53.777234059059,0.00524579411197021));
#18503=CARTESIAN_POINT('',(-3.62995219350336,-53.777234059059,-3.41929412150571));
#18504=CARTESIAN_POINT('',(-7.56456869933423,-53.382479853171,0.4));
#18505=CARTESIAN_POINT('',(-7.56456869933423,-53.382479853171,0.4));
#18506=CARTESIAN_POINT('',(-8.01100070884379,-50.6531246824136,0.4));
#18507=CARTESIAN_POINT('Origin',(7.09999999999999,-53.777234059059,2.6));
#18508=CARTESIAN_POINT('',(7.56456869933421,-53.382479853171,2.6));
#18509=CARTESIAN_POINT('',(7.16011123310394,-53.377234059059,3.));
#18510=CARTESIAN_POINT('',(7.56456869933421,-53.382479853171,2.6));
#18511=CARTESIAN_POINT('',(7.09999999999999,-53.777234059059,2.6));
#18512=CARTESIAN_POINT('',(7.16011123310394,-53.377234059059,3.));
#18513=CARTESIAN_POINT('',(7.09999999999999,-53.777234059059,2.6));
#18514=CARTESIAN_POINT('Origin',(7.3322843496671,-53.579856956115,0.));
#18515=CARTESIAN_POINT('',(7.09999999999999,-53.777234059059,0.));
#18516=CARTESIAN_POINT('',(7.56456869933421,-53.382479853171,0.));
#18517=CARTESIAN_POINT('Origin',(-9.6,-38.4929628115971,2.6));
#18518=CARTESIAN_POINT('',(-9.93543130066578,-38.8877170174852,2.6));
#18519=CARTESIAN_POINT('',(-9.52925775846858,-38.8929628115971,3.));
#18520=CARTESIAN_POINT('',(-9.93543130066578,-38.8877170174852,2.6));
#18521=CARTESIAN_POINT('',(-9.6,-38.4929628115971,2.6));
#18522=CARTESIAN_POINT('',(-9.52925775846858,-38.8929628115971,3.));
#18523=CARTESIAN_POINT('',(-9.6,-38.4929628115971,2.6));
#18524=CARTESIAN_POINT('Origin',(-9.76771565033289,-38.6903399145411,0.));
#18525=CARTESIAN_POINT('',(-9.6,-38.4929628115971,0.));
#18526=CARTESIAN_POINT('',(-9.93543130066578,-38.8877170174852,0.));
#18527=CARTESIAN_POINT('Origin',(-5.00000000000001,-38.6929628115971,2.8));
#18528=CARTESIAN_POINT('',(-5.00000000000001,-38.4929628115971,2.6));
#18529=CARTESIAN_POINT('',(-5.00000000000001,-38.8929628115971,3.));
#18530=CARTESIAN_POINT('Origin',(-7.56456869933423,-53.382479853171,2.6));
#18531=CARTESIAN_POINT('',(-7.10000000000001,-53.777234059059,2.6));
#18532=CARTESIAN_POINT('',(-7.16011123310396,-53.377234059059,3.));
#18533=CARTESIAN_POINT('',(-7.10000000000001,-53.777234059059,2.6));
#18534=CARTESIAN_POINT('',(-7.56456869933423,-53.382479853171,2.6));
#18535=CARTESIAN_POINT('',(-7.16011123310396,-53.377234059059,3.));
#18536=CARTESIAN_POINT('',(-7.56456869933423,-53.382479853171,2.6));
#18537=CARTESIAN_POINT('Origin',(-7.33228434966712,-53.579856956115,0.));
#18538=CARTESIAN_POINT('',(-7.56456869933423,-53.382479853171,0.));
#18539=CARTESIAN_POINT('',(-7.10000000000001,-53.777234059059,0.));
#18540=CARTESIAN_POINT('Origin',(-7.81362360589978,-50.6208403327465,2.8));
#18541=CARTESIAN_POINT('',(-8.01100070884379,-50.6531246824136,2.6));
#18542=CARTESIAN_POINT('',(-7.61624650295576,-50.5885559830794,3.));
#18543=CARTESIAN_POINT('Origin',(3.74999999999999,-53.577234059059,2.8));
#18544=CARTESIAN_POINT('',(3.74999999999999,-53.777234059059,2.6));
#18545=CARTESIAN_POINT('',(3.74999999999999,-53.377234059059,3.));
#18546=CARTESIAN_POINT('Origin',(9.06362360589976,-42.9787047090155,2.8));
#18547=CARTESIAN_POINT('',(9.26100070884377,-43.0109890586826,2.6));
#18548=CARTESIAN_POINT('',(8.86624650295574,-42.9464203593484,3.));
#18549=CARTESIAN_POINT('Origin',(-5.00000000000001,-38.6929628115971,0.2));
#18550=CARTESIAN_POINT('',(-5.00000000000001,-38.8929628115971,0.));
#18551=CARTESIAN_POINT('',(-5.00000000000001,-38.4929628115971,0.4));
#18552=CARTESIAN_POINT('Origin',(-8.47488009407589E-15,-46.1350984353281,
0.));
#18553=CARTESIAN_POINT('',(-10.,-53.777234059059,0.));
#18554=CARTESIAN_POINT('Origin',(9.99999999999999,-38.4929628115971,0.));
#18555=CARTESIAN_POINT('Origin',(-7.50000000000001,-53.777234059059,0.));
#18556=CARTESIAN_POINT('Origin',(-10.,-38.4929628115971,0.));
#18557=CARTESIAN_POINT('Origin',(-8.47488009407589E-15,-46.1350984353281,
3.));
#18558=CARTESIAN_POINT('Origin',(7.49999999999999,-53.777234059059,0.));
#18559=UNCERTAINTY_MEASURE_WITH_UNIT(LENGTH_MEASURE(0.01),#18563,
'DISTANCE_ACCURACY_VALUE',
'Maximum model space distance between geometric entities at asserted c
onnectivities');
#18560=UNCERTAINTY_MEASURE_WITH_UNIT(LENGTH_MEASURE(0.01),#18563,
'DISTANCE_ACCURACY_VALUE',
'Maximum model space distance between geometric entities at asserted c
onnectivities');
#18561=(
GEOMETRIC_REPRESENTATION_CONTEXT(3)
GLOBAL_UNCERTAINTY_ASSIGNED_CONTEXT((#18559))
GLOBAL_UNIT_ASSIGNED_CONTEXT((#18563,#18565,#18566))
REPRESENTATION_CONTEXT('','3D')
);
#18562=(
GEOMETRIC_REPRESENTATION_CONTEXT(3)
GLOBAL_UNCERTAINTY_ASSIGNED_CONTEXT((#18560))
GLOBAL_UNIT_ASSIGNED_CONTEXT((#18563,#18565,#18566))
REPRESENTATION_CONTEXT('','3D')
);
#18563=(
LENGTH_UNIT()
NAMED_UNIT(*)
SI_UNIT(.MILLI.,.METRE.)
);
#18564=(
LENGTH_UNIT()
NAMED_UNIT(*)
SI_UNIT($,.METRE.)
);
#18565=(
NAMED_UNIT(*)
PLANE_ANGLE_UNIT()
SI_UNIT($,.RADIAN.)
);
#18566=(
NAMED_UNIT(*)
SI_UNIT($,.STERADIAN.)
SOLID_ANGLE_UNIT()
);
#18567=SHAPE_DEFINITION_REPRESENTATION(#18568,#18569);
#18568=PRODUCT_DEFINITION_SHAPE('',$,#18571);
#18569=SHAPE_REPRESENTATION('',(#11363),#18561);
#18570=PRODUCT_DEFINITION_CONTEXT('part definition',#18575,'design');
#18571=PRODUCT_DEFINITION('2026-07-24-04-09-49-473',
'plato_MFT_B_modify',#18572,#18570);
#18572=PRODUCT_DEFINITION_FORMATION('',$,#18577);
#18573=PRODUCT_RELATED_PRODUCT_CATEGORY('plato_MFT_B_modify',
'plato_MFT_B_modify',(#18577));
#18574=APPLICATION_PROTOCOL_DEFINITION('international standard',
'automotive_design',2009,#18575);
#18575=APPLICATION_CONTEXT(
'Core Data for Automotive Mechanical Design Process');
#18576=PRODUCT_CONTEXT('part definition',#18575,'mechanical');
#18577=PRODUCT('2026-07-24-04-09-49-473','plato_MFT_B_modify',$,(#18576));
#18578=PRESENTATION_STYLE_ASSIGNMENT((#18579));
#18579=SURFACE_STYLE_USAGE(.BOTH.,#18580);
#18580=SURFACE_SIDE_STYLE('',(#18581));
#18581=SURFACE_STYLE_FILL_AREA(#18582);
#18582=FILL_AREA_STYLE('Steel - Satin',(#18583));
#18583=FILL_AREA_STYLE_COLOUR('Steel - Satin',#18584);
#18584=COLOUR_RGB('Steel - Satin',0.627450980392157,0.627450980392157,0.627450980392157);
ENDSEC;
END-ISO-10303-21;
